ISO-10303-21;
HEADER;
FILE_DESCRIPTION(('FreeCAD Model'),'2;1');
FILE_NAME('Open CASCADE Shape Model','2026-09-15T15:19:39',('Author'),(
    ''),'Open CASCADE STEP processor 7.8','FreeCAD','Unknown');
FILE_SCHEMA(('AUTOMOTIVE_DESIGN { 1 0 10303 214 1 1 1 1 }'));
ENDSEC;
DATA;
#1 = APPLICATION_PROTOCOL_DEFINITION('international standard',
  'automotive_design',2000,#2);
#2 = APPLICATION_CONTEXT(
  'core data for automotive mechanical design processes');
#3 = SHAPE_DEFINITION_REPRESENTATION(#4,#10);
#4 = PRODUCT_DEFINITION_SHAPE('','',#5);
#5 = PRODUCT_DEFINITION('design','',#6,#9);
#6 = PRODUCT_DEFINITION_FORMATION('','',#7);
#7 = PRODUCT('Corner_Rail_240mm_warp_1_4deg',
  'Corner_Rail_240mm_warp_1_4deg','',(#8));
#8 = PRODUCT_CONTEXT('',#2,'mechanical');
#9 = PRODUCT_DEFINITION_CONTEXT('part definition',#2,'design');
#10 = ADVANCED_BREP_SHAPE_REPRESENTATION('',(#11,#15),#7698);
#11 = AXIS2_PLACEMENT_3D('',#12,#13,#14);
#12 = CARTESIAN_POINT('',(0.,0.,0.));
#13 = DIRECTION('',(0.,0.,1.));
#14 = DIRECTION('',(1.,0.,-0.));
#15 = MANIFOLD_SOLID_BREP('',#16);
#16 = CLOSED_SHELL('',(#17,#104,#305,#533,#614,#667,#1469,#1552,#1605,
    #1636,#1691,#1744,#2262,#2311,#2447,#2497,#2634,#2683,#2798,#2963,
    #3130,#3325,#3374,#3427,#3700,#3753,#4026,#4079,#4352,#4405,#4678,
    #4731,#5004,#5057,#5330,#5383,#5656,#5709,#5860,#5864,#5889,#5914,
    #5939,#5964,#5989,#6014,#6039,#6084,#6139,#6194,#6249,#6304,#6359,
    #6409,#6459,#6649,#6676,#6731,#6786,#6792,#6798,#6825,#6832,#6887,
    #6914,#6941,#7052,#7079,#7170,#7197,#7204,#7208,#7235,#7242,#7246,
    #7273,#7280,#7284,#7311,#7318,#7322,#7349,#7356,#7360,#7387,#7394,
    #7398,#7425,#7432,#7436,#7440,#7444,#7448,#7455,#7462,#7492,#7522,
    #7526,#7581,#7636,#7663,#7690,#7694));
#17 = ADVANCED_FACE('',(#18),#32,.F.);
#18 = FACE_BOUND('',#19,.F.);
#19 = EDGE_LOOP('',(#20,#55,#83));
#20 = ORIENTED_EDGE('',*,*,#21,.T.);
#21 = EDGE_CURVE('',#22,#24,#26,.T.);
#22 = VERTEX_POINT('',#23);
#23 = CARTESIAN_POINT('',(0.,14.734450383454,11.));
#24 = VERTEX_POINT('',#25);
#25 = CARTESIAN_POINT('',(0.,4.,0.));
#26 = SURFACE_CURVE('',#27,(#31,#43),.PCURVE_S1.);
#27 = LINE('',#28,#29);
#28 = CARTESIAN_POINT('',(0.,14.864792057077,11.133566075453));
#29 = VECTOR('',#30,1.);
#30 = DIRECTION('',(0.,-0.698415285431,-0.715692733704));
#31 = PCURVE('',#32,#37);
#32 = PLANE('',#33);
#33 = AXIS2_PLACEMENT_3D('',#34,#35,#36);
#34 = CARTESIAN_POINT('',(0.,7.686657524885,7.686657524885));
#35 = DIRECTION('',(1.,0.,0.));
#36 = DIRECTION('',(-0.,0.,1.));
#37 = DEFINITIONAL_REPRESENTATION('',(#38),#42);
#38 = LINE('',#39,#40);
#39 = CARTESIAN_POINT('',(3.446908550568,-7.178134532192));
#40 = VECTOR('',#41,1.);
#41 = DIRECTION('',(-0.715692733704,0.698415285431));
#42 = ( GEOMETRIC_REPRESENTATION_CONTEXT(2) 
PARAMETRIC_REPRESENTATION_CONTEXT() REPRESENTATION_CONTEXT('2D SPACE',''
  ) );
#43 = PCURVE('',#44,#49);
#44 = PLANE('',#45);
#45 = AXIS2_PLACEMENT_3D('',#46,#47,#48);
#46 = CARTESIAN_POINT('',(0.,7.686657524885,7.686657524885));
#47 = DIRECTION('',(1.,0.,0.));
#48 = DIRECTION('',(-0.,0.,1.));
#49 = DEFINITIONAL_REPRESENTATION('',(#50),#54);
#50 = LINE('',#51,#52);
#51 = CARTESIAN_POINT('',(3.446908550568,-7.178134532192));
#52 = VECTOR('',#53,1.);
#53 = DIRECTION('',(-0.715692733704,0.698415285431));
#54 = ( GEOMETRIC_REPRESENTATION_CONTEXT(2) 
PARAMETRIC_REPRESENTATION_CONTEXT() REPRESENTATION_CONTEXT('2D SPACE',''
  ) );
#55 = ORIENTED_EDGE('',*,*,#56,.T.);
#56 = EDGE_CURVE('',#24,#57,#59,.T.);
#57 = VERTEX_POINT('',#58);
#58 = CARTESIAN_POINT('',(0.,15.,11.));
#59 = SURFACE_CURVE('',#60,(#64,#71),.PCURVE_S1.);
#60 = LINE('',#61,#62);
#61 = CARTESIAN_POINT('',(0.,4.,0.));
#62 = VECTOR('',#63,1.);
#63 = DIRECTION('',(0.,0.707106781187,0.707106781187));
#64 = PCURVE('',#32,#65);
#65 = DEFINITIONAL_REPRESENTATION('',(#66),#70);
#66 = LINE('',#67,#68);
#67 = CARTESIAN_POINT('',(-7.686657524885,3.686657524885));
#68 = VECTOR('',#69,1.);
#69 = DIRECTION('',(0.707106781187,-0.707106781187));
#70 = ( GEOMETRIC_REPRESENTATION_CONTEXT(2) 
PARAMETRIC_REPRESENTATION_CONTEXT() REPRESENTATION_CONTEXT('2D SPACE',''
  ) );
#71 = PCURVE('',#72,#77);
#72 = PLANE('',#73);
#73 = AXIS2_PLACEMENT_3D('',#74,#75,#76);
#74 = CARTESIAN_POINT('',(0.,18.901215285125,4.761031356039));
#75 = DIRECTION('',(1.,0.,0.));
#76 = DIRECTION('',(0.,-1.221700083525E-02,0.99992536966));
#77 = DEFINITIONAL_REPRESENTATION('',(#78),#82);
#78 = LINE('',#79,#80);
#79 = CARTESIAN_POINT('',(-4.578627879068,14.958268726422));
#80 = VECTOR('',#81,1.);
#81 = DIRECTION('',(0.698415285431,-0.715692733704));
#82 = ( GEOMETRIC_REPRESENTATION_CONTEXT(2) 
PARAMETRIC_REPRESENTATION_CONTEXT() REPRESENTATION_CONTEXT('2D SPACE',''
  ) );
#83 = ORIENTED_EDGE('',*,*,#84,.T.);
#84 = EDGE_CURVE('',#57,#22,#85,.T.);
#85 = SURFACE_CURVE('',#86,(#90,#97),.PCURVE_S1.);
#86 = LINE('',#87,#88);
#87 = CARTESIAN_POINT('',(0.,15.,11.));
#88 = VECTOR('',#89,1.);
#89 = DIRECTION('',(0.,-1.,0.));
#90 = PCURVE('',#32,#91);
#91 = DEFINITIONAL_REPRESENTATION('',(#92),#96);
#92 = LINE('',#93,#94);
#93 = CARTESIAN_POINT('',(3.313342475115,-7.313342475115));
#94 = VECTOR('',#95,1.);
#95 = DIRECTION('',(0.,1.));
#96 = ( GEOMETRIC_REPRESENTATION_CONTEXT(2) 
PARAMETRIC_REPRESENTATION_CONTEXT() REPRESENTATION_CONTEXT('2D SPACE',''
  ) );
#97 = PCURVE('',#72,#98);
#98 = DEFINITIONAL_REPRESENTATION('',(#99),#103);
#99 = LINE('',#100,#101);
#100 = CARTESIAN_POINT('',(6.28616417801,3.824702650969));
#101 = VECTOR('',#102,1.);
#102 = DIRECTION('',(1.221700083525E-02,0.99992536966));
#103 = ( GEOMETRIC_REPRESENTATION_CONTEXT(2) 
PARAMETRIC_REPRESENTATION_CONTEXT() REPRESENTATION_CONTEXT('2D SPACE',''
  ) );
#104 = ADVANCED_FACE('',(#105,#274),#44,.F.);
#105 = FACE_BOUND('',#106,.F.);
#106 = EDGE_LOOP('',(#107,#135,#136,#164,#192,#220,#248));
#107 = ORIENTED_EDGE('',*,*,#108,.T.);
#108 = EDGE_CURVE('',#109,#24,#111,.T.);
#109 = VERTEX_POINT('',#110);
#110 = CARTESIAN_POINT('',(0.,0.,4.));
#111 = SURFACE_CURVE('',#112,(#116,#123),.PCURVE_S1.);
#112 = LINE('',#113,#114);
#113 = CARTESIAN_POINT('',(0.,0.,4.));
#114 = VECTOR('',#115,1.);
#115 = DIRECTION('',(0.,0.707106781187,-0.707106781187));
#116 = PCURVE('',#44,#117);
#117 = DEFINITIONAL_REPRESENTATION('',(#118),#122);
#118 = LINE('',#119,#120);
#119 = CARTESIAN_POINT('',(-3.686657524885,7.686657524885));
#120 = VECTOR('',#121,1.);
#121 = DIRECTION('',(-0.707106781187,-0.707106781187));
#122 = ( GEOMETRIC_REPRESENTATION_CONTEXT(2) 
PARAMETRIC_REPRESENTATION_CONTEXT() REPRESENTATION_CONTEXT('2D SPACE',''
  ) );
#123 = PCURVE('',#124,#129);
#124 = PLANE('',#125);
#125 = AXIS2_PLACEMENT_3D('',#126,#127,#128);
#126 = CARTESIAN_POINT('',(0.,0.,4.));
#127 = DIRECTION('',(-0.,0.707106781187,0.707106781187));
#128 = DIRECTION('',(0.,0.707106781187,-0.707106781187));
#129 = DEFINITIONAL_REPRESENTATION('',(#130),#134);
#130 = LINE('',#131,#132);
#131 = CARTESIAN_POINT('',(0.,0.));
#132 = VECTOR('',#133,1.);
#133 = DIRECTION('',(1.,0.));
#134 = ( GEOMETRIC_REPRESENTATION_CONTEXT(2) 
PARAMETRIC_REPRESENTATION_CONTEXT() REPRESENTATION_CONTEXT('2D SPACE',''
  ) );
#135 = ORIENTED_EDGE('',*,*,#21,.F.);
#136 = ORIENTED_EDGE('',*,*,#137,.T.);
#137 = EDGE_CURVE('',#22,#138,#140,.T.);
#138 = VERTEX_POINT('',#139);
#139 = CARTESIAN_POINT('',(0.,11.8,11.));
#140 = SURFACE_CURVE('',#141,(#145,#152),.PCURVE_S1.);
#141 = LINE('',#142,#143);
#142 = CARTESIAN_POINT('',(0.,15.,11.));
#143 = VECTOR('',#144,1.);
#144 = DIRECTION('',(0.,-1.,0.));
#145 = PCURVE('',#44,#146);
#146 = DEFINITIONAL_REPRESENTATION('',(#147),#151);
#147 = LINE('',#148,#149);
#148 = CARTESIAN_POINT('',(3.313342475115,-7.313342475115));
#149 = VECTOR('',#150,1.);
#150 = DIRECTION('',(0.,1.));
#151 = ( GEOMETRIC_REPRESENTATION_CONTEXT(2) 
PARAMETRIC_REPRESENTATION_CONTEXT() REPRESENTATION_CONTEXT('2D SPACE',''
  ) );
#152 = PCURVE('',#153,#158);
#153 = PLANE('',#154);
#154 = AXIS2_PLACEMENT_3D('',#155,#156,#157);
#155 = CARTESIAN_POINT('',(0.,15.,11.));
#156 = DIRECTION('',(0.,0.,-1.));
#157 = DIRECTION('',(0.,-1.,0.));
#158 = DEFINITIONAL_REPRESENTATION('',(#159),#163);
#159 = LINE('',#160,#161);
#160 = CARTESIAN_POINT('',(0.,-0.));
#161 = VECTOR('',#162,1.);
#162 = DIRECTION('',(1.,0.));
#163 = ( GEOMETRIC_REPRESENTATION_CONTEXT(2) 
PARAMETRIC_REPRESENTATION_CONTEXT() REPRESENTATION_CONTEXT('2D SPACE',''
  ) );
#164 = ORIENTED_EDGE('',*,*,#165,.T.);
#165 = EDGE_CURVE('',#138,#166,#168,.T.);
#166 = VERTEX_POINT('',#167);
#167 = CARTESIAN_POINT('',(0.,10.5,10.5));
#168 = SURFACE_CURVE('',#169,(#173,#180),.PCURVE_S1.);
#169 = LINE('',#170,#171);
#170 = CARTESIAN_POINT('',(0.,11.8,11.));
#171 = VECTOR('',#172,1.);
#172 = DIRECTION('',(0.,-0.933345606203,-0.358979079309));
#173 = PCURVE('',#44,#174);
#174 = DEFINITIONAL_REPRESENTATION('',(#175),#179);
#175 = LINE('',#176,#177);
#176 = CARTESIAN_POINT('',(3.313342475115,-4.113342475115));
#177 = VECTOR('',#178,1.);
#178 = DIRECTION('',(-0.358979079309,0.933345606203));
#179 = ( GEOMETRIC_REPRESENTATION_CONTEXT(2) 
PARAMETRIC_REPRESENTATION_CONTEXT() REPRESENTATION_CONTEXT('2D SPACE',''
  ) );
#180 = PCURVE('',#181,#186);
#181 = PLANE('',#182);
#182 = AXIS2_PLACEMENT_3D('',#183,#184,#185);
#183 = CARTESIAN_POINT('',(0.,11.8,11.));
#184 = DIRECTION('',(0.,0.358979079309,-0.933345606203));
#185 = DIRECTION('',(0.,-0.933345606203,-0.358979079309));
#186 = DEFINITIONAL_REPRESENTATION('',(#187),#191);
#187 = LINE('',#188,#189);
#188 = CARTESIAN_POINT('',(0.,0.));
#189 = VECTOR('',#190,1.);
#190 = DIRECTION('',(1.,0.));
#191 = ( GEOMETRIC_REPRESENTATION_CONTEXT(2) 
PARAMETRIC_REPRESENTATION_CONTEXT() REPRESENTATION_CONTEXT('2D SPACE',''
  ) );
#192 = ORIENTED_EDGE('',*,*,#193,.T.);
#193 = EDGE_CURVE('',#166,#194,#196,.T.);
#194 = VERTEX_POINT('',#195);
#195 = CARTESIAN_POINT('',(0.,11.,11.8));
#196 = SURFACE_CURVE('',#197,(#201,#208),.PCURVE_S1.);
#197 = LINE('',#198,#199);
#198 = CARTESIAN_POINT('',(0.,10.5,10.5));
#199 = VECTOR('',#200,1.);
#200 = DIRECTION('',(0.,0.358979079309,0.933345606203));
#201 = PCURVE('',#44,#202);
#202 = DEFINITIONAL_REPRESENTATION('',(#203),#207);
#203 = LINE('',#204,#205);
#204 = CARTESIAN_POINT('',(2.813342475115,-2.813342475115));
#205 = VECTOR('',#206,1.);
#206 = DIRECTION('',(0.933345606203,-0.358979079309));
#207 = ( GEOMETRIC_REPRESENTATION_CONTEXT(2) 
PARAMETRIC_REPRESENTATION_CONTEXT() REPRESENTATION_CONTEXT('2D SPACE',''
  ) );
#208 = PCURVE('',#209,#214);
#209 = PLANE('',#210);
#210 = AXIS2_PLACEMENT_3D('',#211,#212,#213);
#211 = CARTESIAN_POINT('',(0.,10.5,10.5));
#212 = DIRECTION('',(0.,-0.933345606203,0.358979079309));
#213 = DIRECTION('',(0.,0.358979079309,0.933345606203));
#214 = DEFINITIONAL_REPRESENTATION('',(#215),#219);
#215 = LINE('',#216,#217);
#216 = CARTESIAN_POINT('',(0.,0.));
#217 = VECTOR('',#218,1.);
#218 = DIRECTION('',(1.,0.));
#219 = ( GEOMETRIC_REPRESENTATION_CONTEXT(2) 
PARAMETRIC_REPRESENTATION_CONTEXT() REPRESENTATION_CONTEXT('2D SPACE',''
  ) );
#220 = ORIENTED_EDGE('',*,*,#221,.T.);
#221 = EDGE_CURVE('',#194,#222,#224,.T.);
#222 = VERTEX_POINT('',#223);
#223 = CARTESIAN_POINT('',(0.,11.,14.734450383454));
#224 = SURFACE_CURVE('',#225,(#229,#236),.PCURVE_S1.);
#225 = LINE('',#226,#227);
#226 = CARTESIAN_POINT('',(0.,11.,11.8));
#227 = VECTOR('',#228,1.);
#228 = DIRECTION('',(0.,0.,1.));
#229 = PCURVE('',#44,#230);
#230 = DEFINITIONAL_REPRESENTATION('',(#231),#235);
#231 = LINE('',#232,#233);
#232 = CARTESIAN_POINT('',(4.113342475115,-3.313342475115));
#233 = VECTOR('',#234,1.);
#234 = DIRECTION('',(1.,0.));
#235 = ( GEOMETRIC_REPRESENTATION_CONTEXT(2) 
PARAMETRIC_REPRESENTATION_CONTEXT() REPRESENTATION_CONTEXT('2D SPACE',''
  ) );
#236 = PCURVE('',#237,#242);
#237 = PLANE('',#238);
#238 = AXIS2_PLACEMENT_3D('',#239,#240,#241);
#239 = CARTESIAN_POINT('',(0.,11.,11.8));
#240 = DIRECTION('',(0.,-1.,0.));
#241 = DIRECTION('',(0.,0.,1.));
#242 = DEFINITIONAL_REPRESENTATION('',(#243),#247);
#243 = LINE('',#244,#245);
#244 = CARTESIAN_POINT('',(0.,0.));
#245 = VECTOR('',#246,1.);
#246 = DIRECTION('',(1.,0.));
#247 = ( GEOMETRIC_REPRESENTATION_CONTEXT(2) 
PARAMETRIC_REPRESENTATION_CONTEXT() REPRESENTATION_CONTEXT('2D SPACE',''
  ) );
#248 = ORIENTED_EDGE('',*,*,#249,.T.);
#249 = EDGE_CURVE('',#222,#109,#250,.T.);
#250 = SURFACE_CURVE('',#251,(#255,#262),.PCURVE_S1.);
#251 = LINE('',#252,#253);
#252 = CARTESIAN_POINT('',(0.,11.133566075453,14.864792057077));
#253 = VECTOR('',#254,1.);
#254 = DIRECTION('',(0.,-0.715692733704,-0.698415285431));
#255 = PCURVE('',#44,#256);
#256 = DEFINITIONAL_REPRESENTATION('',(#257),#261);
#257 = LINE('',#258,#259);
#258 = CARTESIAN_POINT('',(7.178134532192,-3.446908550568));
#259 = VECTOR('',#260,1.);
#260 = DIRECTION('',(-0.698415285431,0.715692733704));
#261 = ( GEOMETRIC_REPRESENTATION_CONTEXT(2) 
PARAMETRIC_REPRESENTATION_CONTEXT() REPRESENTATION_CONTEXT('2D SPACE',''
  ) );
#262 = PCURVE('',#263,#268);
#263 = PLANE('',#264);
#264 = AXIS2_PLACEMENT_3D('',#265,#266,#267);
#265 = CARTESIAN_POINT('',(0.,7.686657524885,7.686657524885));
#266 = DIRECTION('',(1.,0.,0.));
#267 = DIRECTION('',(-0.,0.,1.));
#268 = DEFINITIONAL_REPRESENTATION('',(#269),#273);
#269 = LINE('',#270,#271);
#270 = CARTESIAN_POINT('',(7.178134532192,-3.446908550568));
#271 = VECTOR('',#272,1.);
#272 = DIRECTION('',(-0.698415285431,0.715692733704));
#273 = ( GEOMETRIC_REPRESENTATION_CONTEXT(2) 
PARAMETRIC_REPRESENTATION_CONTEXT() REPRESENTATION_CONTEXT('2D SPACE',''
  ) );
#274 = FACE_BOUND('',#275,.F.);
#275 = EDGE_LOOP('',(#276));
#276 = ORIENTED_EDGE('',*,*,#277,.F.);
#277 = EDGE_CURVE('',#278,#278,#280,.T.);
#278 = VERTEX_POINT('',#279);
#279 = CARTESIAN_POINT('',(0.,6.,8.25));
#280 = SURFACE_CURVE('',#281,(#286,#293),.PCURVE_S1.);
#281 = CIRCLE('',#282,2.25);
#282 = AXIS2_PLACEMENT_3D('',#283,#284,#285);
#283 = CARTESIAN_POINT('',(0.,6.,6.));
#284 = DIRECTION('',(1.,0.,0.));
#285 = DIRECTION('',(-0.,0.,1.));
#286 = PCURVE('',#44,#287);
#287 = DEFINITIONAL_REPRESENTATION('',(#288),#292);
#288 = CIRCLE('',#289,2.25);
#289 = AXIS2_PLACEMENT_2D('',#290,#291);
#290 = CARTESIAN_POINT('',(-1.686657524885,1.686657524885));
#291 = DIRECTION('',(1.,0.));
#292 = ( GEOMETRIC_REPRESENTATION_CONTEXT(2) 
PARAMETRIC_REPRESENTATION_CONTEXT() REPRESENTATION_CONTEXT('2D SPACE',''
  ) );
#293 = PCURVE('',#294,#299);
#294 = CYLINDRICAL_SURFACE('',#295,2.25);
#295 = AXIS2_PLACEMENT_3D('',#296,#297,#298);
#296 = CARTESIAN_POINT('',(0.,6.,6.));
#297 = DIRECTION('',(1.,0.,0.));
#298 = DIRECTION('',(-0.,0.,1.));
#299 = DEFINITIONAL_REPRESENTATION('',(#300),#304);
#300 = LINE('',#301,#302);
#301 = CARTESIAN_POINT('',(0.,0.));
#302 = VECTOR('',#303,1.);
#303 = DIRECTION('',(1.,0.));
#304 = ( GEOMETRIC_REPRESENTATION_CONTEXT(2) 
PARAMETRIC_REPRESENTATION_CONTEXT() REPRESENTATION_CONTEXT('2D SPACE',''
  ) );
#305 = ADVANCED_FACE('',(#306),#72,.F.);
#306 = FACE_BOUND('',#307,.F.);
#307 = EDGE_LOOP('',(#308,#309,#337,#365,#393,#422,#450,#478,#506,#532)
  );
#308 = ORIENTED_EDGE('',*,*,#56,.F.);
#309 = ORIENTED_EDGE('',*,*,#310,.T.);
#310 = EDGE_CURVE('',#24,#311,#313,.T.);
#311 = VERTEX_POINT('',#312);
#312 = CARTESIAN_POINT('',(0.,28.548167825164,0.299927370505));
#313 = SURFACE_CURVE('',#314,(#318,#325),.PCURVE_S1.);
#314 = LINE('',#315,#316);
#315 = CARTESIAN_POINT('',(0.,4.,0.));
#316 = VECTOR('',#317,1.);
#317 = DIRECTION('',(0.,0.99992536966,1.221700083525E-02));
#318 = PCURVE('',#72,#319);
#319 = DEFINITIONAL_REPRESENTATION('',(#320),#324);
#320 = LINE('',#321,#322);
#321 = CARTESIAN_POINT('',(-4.578627879068,14.958268726422));
#322 = VECTOR('',#323,1.);
#323 = DIRECTION('',(0.,-1.));
#324 = ( GEOMETRIC_REPRESENTATION_CONTEXT(2) 
PARAMETRIC_REPRESENTATION_CONTEXT() REPRESENTATION_CONTEXT('2D SPACE',''
  ) );
#325 = PCURVE('',#326,#331);
#326 = PLANE('',#327);
#327 = AXIS2_PLACEMENT_3D('',#328,#329,#330);
#328 = CARTESIAN_POINT('',(0.,4.,0.));
#329 = DIRECTION('',(0.,-1.221700083525E-02,0.99992536966));
#330 = DIRECTION('',(0.,0.99992536966,1.221700083525E-02));
#331 = DEFINITIONAL_REPRESENTATION('',(#332),#336);
#332 = LINE('',#333,#334);
#333 = CARTESIAN_POINT('',(0.,0.));
#334 = VECTOR('',#335,1.);
#335 = DIRECTION('',(1.,0.));
#336 = ( GEOMETRIC_REPRESENTATION_CONTEXT(2) 
PARAMETRIC_REPRESENTATION_CONTEXT() REPRESENTATION_CONTEXT('2D SPACE',''
  ) );
#337 = ORIENTED_EDGE('',*,*,#338,.T.);
#338 = EDGE_CURVE('',#311,#339,#341,.T.);
#339 = VERTEX_POINT('',#340);
#340 = CARTESIAN_POINT('',(0.,28.505408322241,3.799666164317));
#341 = SURFACE_CURVE('',#342,(#346,#353),.PCURVE_S1.);
#342 = LINE('',#343,#344);
#343 = CARTESIAN_POINT('',(0.,28.548167825164,0.299927370505));
#344 = VECTOR('',#345,1.);
#345 = DIRECTION('',(0.,-1.221700083525E-02,0.99992536966));
#346 = PCURVE('',#72,#347);
#347 = DEFINITIONAL_REPRESENTATION('',(#348),#352);
#348 = LINE('',#349,#350);
#349 = CARTESIAN_POINT('',(-4.578627879068,-9.591731273578));
#350 = VECTOR('',#351,1.);
#351 = DIRECTION('',(1.,0.));
#352 = ( GEOMETRIC_REPRESENTATION_CONTEXT(2) 
PARAMETRIC_REPRESENTATION_CONTEXT() REPRESENTATION_CONTEXT('2D SPACE',''
  ) );
#353 = PCURVE('',#354,#359);
#354 = PLANE('',#355);
#355 = AXIS2_PLACEMENT_3D('',#356,#357,#358);
#356 = CARTESIAN_POINT('',(0.,28.548167825164,0.299927370505));
#357 = DIRECTION('',(0.,-0.99992536966,-1.221700083525E-02));
#358 = DIRECTION('',(0.,-1.221700083525E-02,0.99992536966));
#359 = DEFINITIONAL_REPRESENTATION('',(#360),#364);
#360 = LINE('',#361,#362);
#361 = CARTESIAN_POINT('',(0.,0.));
#362 = VECTOR('',#363,1.);
#363 = DIRECTION('',(1.,0.));
#364 = ( GEOMETRIC_REPRESENTATION_CONTEXT(2) 
PARAMETRIC_REPRESENTATION_CONTEXT() REPRESENTATION_CONTEXT('2D SPACE',''
  ) );
#365 = ORIENTED_EDGE('',*,*,#366,.T.);
#366 = EDGE_CURVE('',#339,#367,#369,.T.);
#367 = VERTEX_POINT('',#368);
#368 = CARTESIAN_POINT('',(0.,18.506154625636,3.677496155964));
#369 = SURFACE_CURVE('',#370,(#374,#381),.PCURVE_S1.);
#370 = LINE('',#371,#372);
#371 = CARTESIAN_POINT('',(0.,28.505408322241,3.799666164317));
#372 = VECTOR('',#373,1.);
#373 = DIRECTION('',(0.,-0.99992536966,-1.221700083525E-02));
#374 = PCURVE('',#72,#375);
#375 = DEFINITIONAL_REPRESENTATION('',(#376),#380);
#376 = LINE('',#377,#378);
#377 = CARTESIAN_POINT('',(-1.078627879068,-9.591731273578));
#378 = VECTOR('',#379,1.);
#379 = DIRECTION('',(0.,1.));
#380 = ( GEOMETRIC_REPRESENTATION_CONTEXT(2) 
PARAMETRIC_REPRESENTATION_CONTEXT() REPRESENTATION_CONTEXT('2D SPACE',''
  ) );
#381 = PCURVE('',#382,#387);
#382 = PLANE('',#383);
#383 = AXIS2_PLACEMENT_3D('',#384,#385,#386);
#384 = CARTESIAN_POINT('',(0.,28.505408322241,3.799666164317));
#385 = DIRECTION('',(0.,1.221700083525E-02,-0.99992536966));
#386 = DIRECTION('',(0.,-0.99992536966,-1.221700083525E-02));
#387 = DEFINITIONAL_REPRESENTATION('',(#388),#392);
#388 = LINE('',#389,#390);
#389 = CARTESIAN_POINT('',(0.,0.));
#390 = VECTOR('',#391,1.);
#391 = DIRECTION('',(1.,0.));
#392 = ( GEOMETRIC_REPRESENTATION_CONTEXT(2) 
PARAMETRIC_REPRESENTATION_CONTEXT() REPRESENTATION_CONTEXT('2D SPACE',''
  ) );
#393 = ORIENTED_EDGE('',*,*,#394,.F.);
#394 = EDGE_CURVE('',#395,#367,#397,.T.);
#395 = VERTEX_POINT('',#396);
#396 = CARTESIAN_POINT('',(0.,18.478666373757,5.9273282377));
#397 = SURFACE_CURVE('',#398,(#403,#410),.PCURVE_S1.);
#398 = CIRCLE('',#399,1.125);
#399 = AXIS2_PLACEMENT_3D('',#400,#401,#402);
#400 = CARTESIAN_POINT('',(0.,18.492410499697,4.802412196832));
#401 = DIRECTION('',(1.,0.,0.));
#402 = DIRECTION('',(0.,-1.221700083525E-02,0.99992536966));
#403 = PCURVE('',#72,#404);
#404 = DEFINITIONAL_REPRESENTATION('',(#405),#409);
#405 = CIRCLE('',#406,1.125);
#406 = AXIS2_PLACEMENT_2D('',#407,#408);
#407 = CARTESIAN_POINT('',(4.637212093246E-02,0.408268726422));
#408 = DIRECTION('',(1.,0.));
#409 = ( GEOMETRIC_REPRESENTATION_CONTEXT(2) 
PARAMETRIC_REPRESENTATION_CONTEXT() REPRESENTATION_CONTEXT('2D SPACE',''
  ) );
#410 = PCURVE('',#411,#416);
#411 = CYLINDRICAL_SURFACE('',#412,1.125);
#412 = AXIS2_PLACEMENT_3D('',#413,#414,#415);
#413 = CARTESIAN_POINT('',(0.,18.492410499697,4.802412196832));
#414 = DIRECTION('',(1.,0.,0.));
#415 = DIRECTION('',(0.,-1.221700083525E-02,0.99992536966));
#416 = DEFINITIONAL_REPRESENTATION('',(#417),#421);
#417 = LINE('',#418,#419);
#418 = CARTESIAN_POINT('',(0.,0.));
#419 = VECTOR('',#420,1.);
#420 = DIRECTION('',(1.,0.));
#421 = ( GEOMETRIC_REPRESENTATION_CONTEXT(2) 
PARAMETRIC_REPRESENTATION_CONTEXT() REPRESENTATION_CONTEXT('2D SPACE',''
  ) );
#422 = ORIENTED_EDGE('',*,*,#423,.T.);
#423 = EDGE_CURVE('',#395,#424,#426,.T.);
#424 = VERTEX_POINT('',#425);
#425 = CARTESIAN_POINT('',(0.,28.477920070361,6.049498246053));
#426 = SURFACE_CURVE('',#427,(#431,#438),.PCURVE_S1.);
#427 = LINE('',#428,#429);
#428 = CARTESIAN_POINT('',(0.,18.478666373757,5.9273282377));
#429 = VECTOR('',#430,1.);
#430 = DIRECTION('',(0.,0.99992536966,1.221700083525E-02));
#431 = PCURVE('',#72,#432);
#432 = DEFINITIONAL_REPRESENTATION('',(#433),#437);
#433 = LINE('',#434,#435);
#434 = CARTESIAN_POINT('',(1.171372120932,0.408268726422));
#435 = VECTOR('',#436,1.);
#436 = DIRECTION('',(0.,-1.));
#437 = ( GEOMETRIC_REPRESENTATION_CONTEXT(2) 
PARAMETRIC_REPRESENTATION_CONTEXT() REPRESENTATION_CONTEXT('2D SPACE',''
  ) );
#438 = PCURVE('',#439,#444);
#439 = PLANE('',#440);
#440 = AXIS2_PLACEMENT_3D('',#441,#442,#443);
#441 = CARTESIAN_POINT('',(0.,18.478666373757,5.9273282377));
#442 = DIRECTION('',(0.,-1.221700083525E-02,0.99992536966));
#443 = DIRECTION('',(0.,0.99992536966,1.221700083525E-02));
#444 = DEFINITIONAL_REPRESENTATION('',(#445),#449);
#445 = LINE('',#446,#447);
#446 = CARTESIAN_POINT('',(0.,0.));
#447 = VECTOR('',#448,1.);
#448 = DIRECTION('',(1.,0.));
#449 = ( GEOMETRIC_REPRESENTATION_CONTEXT(2) 
PARAMETRIC_REPRESENTATION_CONTEXT() REPRESENTATION_CONTEXT('2D SPACE',''
  ) );
#450 = ORIENTED_EDGE('',*,*,#451,.T.);
#451 = EDGE_CURVE('',#424,#452,#454,.T.);
#452 = VERTEX_POINT('',#453);
#453 = CARTESIAN_POINT('',(0.,28.413780815976,11.29910643677));
#454 = SURFACE_CURVE('',#455,(#459,#466),.PCURVE_S1.);
#455 = LINE('',#456,#457);
#456 = CARTESIAN_POINT('',(0.,28.477920070361,6.049498246053));
#457 = VECTOR('',#458,1.);
#458 = DIRECTION('',(0.,-1.221700083525E-02,0.99992536966));
#459 = PCURVE('',#72,#460);
#460 = DEFINITIONAL_REPRESENTATION('',(#461),#465);
#461 = LINE('',#462,#463);
#462 = CARTESIAN_POINT('',(1.171372120932,-9.591731273578));
#463 = VECTOR('',#464,1.);
#464 = DIRECTION('',(1.,0.));
#465 = ( GEOMETRIC_REPRESENTATION_CONTEXT(2) 
PARAMETRIC_REPRESENTATION_CONTEXT() REPRESENTATION_CONTEXT('2D SPACE',''
  ) );
#466 = PCURVE('',#467,#472);
#467 = PLANE('',#468);
#468 = AXIS2_PLACEMENT_3D('',#469,#470,#471);
#469 = CARTESIAN_POINT('',(0.,28.477920070361,6.049498246053));
#470 = DIRECTION('',(0.,-0.99992536966,-1.221700083525E-02));
#471 = DIRECTION('',(0.,-1.221700083525E-02,0.99992536966));
#472 = DEFINITIONAL_REPRESENTATION('',(#473),#477);
#473 = LINE('',#474,#475);
#474 = CARTESIAN_POINT('',(0.,0.));
#475 = VECTOR('',#476,1.);
#476 = DIRECTION('',(1.,0.));
#477 = ( GEOMETRIC_REPRESENTATION_CONTEXT(2) 
PARAMETRIC_REPRESENTATION_CONTEXT() REPRESENTATION_CONTEXT('2D SPACE',''
  ) );
#478 = ORIENTED_EDGE('',*,*,#479,.T.);
#479 = EDGE_CURVE('',#452,#480,#482,.T.);
#480 = VERTEX_POINT('',#481);
#481 = CARTESIAN_POINT('',(0.,14.864792057077,11.133566075453));
#482 = SURFACE_CURVE('',#483,(#487,#494),.PCURVE_S1.);
#483 = LINE('',#484,#485);
#484 = CARTESIAN_POINT('',(0.,28.413780815976,11.29910643677));
#485 = VECTOR('',#486,1.);
#486 = DIRECTION('',(0.,-0.99992536966,-1.221700083525E-02));
#487 = PCURVE('',#72,#488);
#488 = DEFINITIONAL_REPRESENTATION('',(#489),#493);
#489 = LINE('',#490,#491);
#490 = CARTESIAN_POINT('',(6.421372120932,-9.591731273578));
#491 = VECTOR('',#492,1.);
#492 = DIRECTION('',(0.,1.));
#493 = ( GEOMETRIC_REPRESENTATION_CONTEXT(2) 
PARAMETRIC_REPRESENTATION_CONTEXT() REPRESENTATION_CONTEXT('2D SPACE',''
  ) );
#494 = PCURVE('',#495,#500);
#495 = PLANE('',#496);
#496 = AXIS2_PLACEMENT_3D('',#497,#498,#499);
#497 = CARTESIAN_POINT('',(0.,28.413780815976,11.29910643677));
#498 = DIRECTION('',(0.,1.221700083525E-02,-0.99992536966));
#499 = DIRECTION('',(0.,-0.99992536966,-1.221700083525E-02));
#500 = DEFINITIONAL_REPRESENTATION('',(#501),#505);
#501 = LINE('',#502,#503);
#502 = CARTESIAN_POINT('',(0.,0.));
#503 = VECTOR('',#504,1.);
#504 = DIRECTION('',(1.,0.));
#505 = ( GEOMETRIC_REPRESENTATION_CONTEXT(2) 
PARAMETRIC_REPRESENTATION_CONTEXT() REPRESENTATION_CONTEXT('2D SPACE',''
  ) );
#506 = ORIENTED_EDGE('',*,*,#507,.T.);
#507 = EDGE_CURVE('',#480,#22,#508,.T.);
#508 = SURFACE_CURVE('',#509,(#513,#520),.PCURVE_S1.);
#509 = LINE('',#510,#511);
#510 = CARTESIAN_POINT('',(0.,14.864792057077,11.133566075453));
#511 = VECTOR('',#512,1.);
#512 = DIRECTION('',(0.,-0.698415285431,-0.715692733704));
#513 = PCURVE('',#72,#514);
#514 = DEFINITIONAL_REPRESENTATION('',(#515),#519);
#515 = LINE('',#516,#517);
#516 = CARTESIAN_POINT('',(6.421372120932,3.958268726422));
#517 = VECTOR('',#518,1.);
#518 = DIRECTION('',(-0.707106781187,0.707106781187));
#519 = ( GEOMETRIC_REPRESENTATION_CONTEXT(2) 
PARAMETRIC_REPRESENTATION_CONTEXT() REPRESENTATION_CONTEXT('2D SPACE',''
  ) );
#520 = PCURVE('',#521,#526);
#521 = PLANE('',#522);
#522 = AXIS2_PLACEMENT_3D('',#523,#524,#525);
#523 = CARTESIAN_POINT('',(0.,14.864792057077,11.133566075453));
#524 = DIRECTION('',(0.,0.715692733704,-0.698415285431));
#525 = DIRECTION('',(0.,-0.698415285431,-0.715692733704));
#526 = DEFINITIONAL_REPRESENTATION('',(#527),#531);
#527 = LINE('',#528,#529);
#528 = CARTESIAN_POINT('',(0.,0.));
#529 = VECTOR('',#530,1.);
#530 = DIRECTION('',(1.,0.));
#531 = ( GEOMETRIC_REPRESENTATION_CONTEXT(2) 
PARAMETRIC_REPRESENTATION_CONTEXT() REPRESENTATION_CONTEXT('2D SPACE',''
  ) );
#532 = ORIENTED_EDGE('',*,*,#84,.F.);
#533 = ADVANCED_FACE('',(#534),#124,.F.);
#534 = FACE_BOUND('',#535,.F.);
#535 = EDGE_LOOP('',(#536,#564,#592,#613));
#536 = ORIENTED_EDGE('',*,*,#537,.T.);
#537 = EDGE_CURVE('',#109,#538,#540,.T.);
#538 = VERTEX_POINT('',#539);
#539 = CARTESIAN_POINT('',(240.,0.,4.));
#540 = SURFACE_CURVE('',#541,(#545,#552),.PCURVE_S1.);
#541 = LINE('',#542,#543);
#542 = CARTESIAN_POINT('',(0.,0.,4.));
#543 = VECTOR('',#544,1.);
#544 = DIRECTION('',(1.,0.,0.));
#545 = PCURVE('',#124,#546);
#546 = DEFINITIONAL_REPRESENTATION('',(#547),#551);
#547 = LINE('',#548,#549);
#548 = CARTESIAN_POINT('',(0.,0.));
#549 = VECTOR('',#550,1.);
#550 = DIRECTION('',(0.,-1.));
#551 = ( GEOMETRIC_REPRESENTATION_CONTEXT(2) 
PARAMETRIC_REPRESENTATION_CONTEXT() REPRESENTATION_CONTEXT('2D SPACE',''
  ) );
#552 = PCURVE('',#553,#558);
#553 = PLANE('',#554);
#554 = AXIS2_PLACEMENT_3D('',#555,#556,#557);
#555 = CARTESIAN_POINT('',(0.,0.,4.));
#556 = DIRECTION('',(0.,-0.99992536966,1.221700083525E-02));
#557 = DIRECTION('',(0.,1.221700083525E-02,0.99992536966));
#558 = DEFINITIONAL_REPRESENTATION('',(#559),#563);
#559 = LINE('',#560,#561);
#560 = CARTESIAN_POINT('',(0.,0.));
#561 = VECTOR('',#562,1.);
#562 = DIRECTION('',(0.,-1.));
#563 = ( GEOMETRIC_REPRESENTATION_CONTEXT(2) 
PARAMETRIC_REPRESENTATION_CONTEXT() REPRESENTATION_CONTEXT('2D SPACE',''
  ) );
#564 = ORIENTED_EDGE('',*,*,#565,.T.);
#565 = EDGE_CURVE('',#538,#566,#568,.T.);
#566 = VERTEX_POINT('',#567);
#567 = CARTESIAN_POINT('',(240.,4.,0.));
#568 = SURFACE_CURVE('',#569,(#573,#580),.PCURVE_S1.);
#569 = LINE('',#570,#571);
#570 = CARTESIAN_POINT('',(240.,0.,4.));
#571 = VECTOR('',#572,1.);
#572 = DIRECTION('',(0.,0.707106781187,-0.707106781187));
#573 = PCURVE('',#124,#574);
#574 = DEFINITIONAL_REPRESENTATION('',(#575),#579);
#575 = LINE('',#576,#577);
#576 = CARTESIAN_POINT('',(0.,-240.));
#577 = VECTOR('',#578,1.);
#578 = DIRECTION('',(1.,0.));
#579 = ( GEOMETRIC_REPRESENTATION_CONTEXT(2) 
PARAMETRIC_REPRESENTATION_CONTEXT() REPRESENTATION_CONTEXT('2D SPACE',''
  ) );
#580 = PCURVE('',#581,#586);
#581 = PLANE('',#582);
#582 = AXIS2_PLACEMENT_3D('',#583,#584,#585);
#583 = CARTESIAN_POINT('',(240.,7.686657524885,7.686657524885));
#584 = DIRECTION('',(1.,0.,0.));
#585 = DIRECTION('',(-0.,0.,1.));
#586 = DEFINITIONAL_REPRESENTATION('',(#587),#591);
#587 = LINE('',#588,#589);
#588 = CARTESIAN_POINT('',(-3.686657524885,7.686657524885));
#589 = VECTOR('',#590,1.);
#590 = DIRECTION('',(-0.707106781187,-0.707106781187));
#591 = ( GEOMETRIC_REPRESENTATION_CONTEXT(2) 
PARAMETRIC_REPRESENTATION_CONTEXT() REPRESENTATION_CONTEXT('2D SPACE',''
  ) );
#592 = ORIENTED_EDGE('',*,*,#593,.F.);
#593 = EDGE_CURVE('',#24,#566,#594,.T.);
#594 = SURFACE_CURVE('',#595,(#599,#606),.PCURVE_S1.);
#595 = LINE('',#596,#597);
#596 = CARTESIAN_POINT('',(0.,4.,0.));
#597 = VECTOR('',#598,1.);
#598 = DIRECTION('',(1.,0.,0.));
#599 = PCURVE('',#124,#600);
#600 = DEFINITIONAL_REPRESENTATION('',(#601),#605);
#601 = LINE('',#602,#603);
#602 = CARTESIAN_POINT('',(5.656854249492,0.));
#603 = VECTOR('',#604,1.);
#604 = DIRECTION('',(0.,-1.));
#605 = ( GEOMETRIC_REPRESENTATION_CONTEXT(2) 
PARAMETRIC_REPRESENTATION_CONTEXT() REPRESENTATION_CONTEXT('2D SPACE',''
  ) );
#606 = PCURVE('',#326,#607);
#607 = DEFINITIONAL_REPRESENTATION('',(#608),#612);
#608 = LINE('',#609,#610);
#609 = CARTESIAN_POINT('',(0.,0.));
#610 = VECTOR('',#611,1.);
#611 = DIRECTION('',(0.,-1.));
#612 = ( GEOMETRIC_REPRESENTATION_CONTEXT(2) 
PARAMETRIC_REPRESENTATION_CONTEXT() REPRESENTATION_CONTEXT('2D SPACE',''
  ) );
#613 = ORIENTED_EDGE('',*,*,#108,.F.);
#614 = ADVANCED_FACE('',(#615),#263,.F.);
#615 = FACE_BOUND('',#616,.F.);
#616 = EDGE_LOOP('',(#617,#645,#646));
#617 = ORIENTED_EDGE('',*,*,#618,.T.);
#618 = EDGE_CURVE('',#619,#109,#621,.T.);
#619 = VERTEX_POINT('',#620);
#620 = CARTESIAN_POINT('',(0.,11.,15.));
#621 = SURFACE_CURVE('',#622,(#626,#633),.PCURVE_S1.);
#622 = LINE('',#623,#624);
#623 = CARTESIAN_POINT('',(0.,11.,15.));
#624 = VECTOR('',#625,1.);
#625 = DIRECTION('',(0.,-0.707106781187,-0.707106781187));
#626 = PCURVE('',#263,#627);
#627 = DEFINITIONAL_REPRESENTATION('',(#628),#632);
#628 = LINE('',#629,#630);
#629 = CARTESIAN_POINT('',(7.313342475115,-3.313342475115));
#630 = VECTOR('',#631,1.);
#631 = DIRECTION('',(-0.707106781187,0.707106781187));
#632 = ( GEOMETRIC_REPRESENTATION_CONTEXT(2) 
PARAMETRIC_REPRESENTATION_CONTEXT() REPRESENTATION_CONTEXT('2D SPACE',''
  ) );
#633 = PCURVE('',#634,#639);
#634 = PLANE('',#635);
#635 = AXIS2_PLACEMENT_3D('',#636,#637,#638);
#636 = CARTESIAN_POINT('',(0.,4.679896476183,18.641304431657));
#637 = DIRECTION('',(-1.,-0.,0.));
#638 = DIRECTION('',(0.,-1.221700083525E-02,-0.99992536966));
#639 = DEFINITIONAL_REPRESENTATION('',(#640),#644);
#640 = LINE('',#641,#642);
#641 = CARTESIAN_POINT('',(3.563819969841,-6.364117671628));
#642 = VECTOR('',#643,1.);
#643 = DIRECTION('',(0.715692733704,0.698415285431));
#644 = ( GEOMETRIC_REPRESENTATION_CONTEXT(2) 
PARAMETRIC_REPRESENTATION_CONTEXT() REPRESENTATION_CONTEXT('2D SPACE',''
  ) );
#645 = ORIENTED_EDGE('',*,*,#249,.F.);
#646 = ORIENTED_EDGE('',*,*,#647,.T.);
#647 = EDGE_CURVE('',#222,#619,#648,.T.);
#648 = SURFACE_CURVE('',#649,(#653,#660),.PCURVE_S1.);
#649 = LINE('',#650,#651);
#650 = CARTESIAN_POINT('',(0.,11.,11.8));
#651 = VECTOR('',#652,1.);
#652 = DIRECTION('',(0.,0.,1.));
#653 = PCURVE('',#263,#654);
#654 = DEFINITIONAL_REPRESENTATION('',(#655),#659);
#655 = LINE('',#656,#657);
#656 = CARTESIAN_POINT('',(4.113342475115,-3.313342475115));
#657 = VECTOR('',#658,1.);
#658 = DIRECTION('',(1.,0.));
#659 = ( GEOMETRIC_REPRESENTATION_CONTEXT(2) 
PARAMETRIC_REPRESENTATION_CONTEXT() REPRESENTATION_CONTEXT('2D SPACE',''
  ) );
#660 = PCURVE('',#634,#661);
#661 = DEFINITIONAL_REPRESENTATION('',(#662),#666);
#662 = LINE('',#663,#664);
#663 = CARTESIAN_POINT('',(6.763581152755,-6.403212074301));
#664 = VECTOR('',#665,1.);
#665 = DIRECTION('',(-0.99992536966,1.221700083525E-02));
#666 = ( GEOMETRIC_REPRESENTATION_CONTEXT(2) 
PARAMETRIC_REPRESENTATION_CONTEXT() REPRESENTATION_CONTEXT('2D SPACE',''
  ) );
#667 = ADVANCED_FACE('',(#668),#237,.F.);
#668 = FACE_BOUND('',#669,.F.);
#669 = EDGE_LOOP('',(#670,#671,#694,#728,#757,#785,#819,#848,#876,#910,
    #939,#967,#1001,#1030,#1058,#1092,#1121,#1149,#1183,#1212,#1240,
    #1274,#1303,#1331,#1365,#1394,#1422,#1445));
#670 = ORIENTED_EDGE('',*,*,#221,.F.);
#671 = ORIENTED_EDGE('',*,*,#672,.T.);
#672 = EDGE_CURVE('',#194,#673,#675,.T.);
#673 = VERTEX_POINT('',#674);
#674 = CARTESIAN_POINT('',(15.407453704216,11.,11.8));
#675 = SURFACE_CURVE('',#676,(#680,#687),.PCURVE_S1.);
#676 = LINE('',#677,#678);
#677 = CARTESIAN_POINT('',(0.,11.,11.8));
#678 = VECTOR('',#679,1.);
#679 = DIRECTION('',(1.,0.,0.));
#680 = PCURVE('',#237,#681);
#681 = DEFINITIONAL_REPRESENTATION('',(#682),#686);
#682 = LINE('',#683,#684);
#683 = CARTESIAN_POINT('',(0.,0.));
#684 = VECTOR('',#685,1.);
#685 = DIRECTION('',(0.,-1.));
#686 = ( GEOMETRIC_REPRESENTATION_CONTEXT(2) 
PARAMETRIC_REPRESENTATION_CONTEXT() REPRESENTATION_CONTEXT('2D SPACE',''
  ) );
#687 = PCURVE('',#209,#688);
#688 = DEFINITIONAL_REPRESENTATION('',(#689),#693);
#689 = LINE('',#690,#691);
#690 = CARTESIAN_POINT('',(1.392838827718,0.));
#691 = VECTOR('',#692,1.);
#692 = DIRECTION('',(0.,-1.));
#693 = ( GEOMETRIC_REPRESENTATION_CONTEXT(2) 
PARAMETRIC_REPRESENTATION_CONTEXT() REPRESENTATION_CONTEXT('2D SPACE',''
  ) );
#694 = ORIENTED_EDGE('',*,*,#695,.F.);
#695 = EDGE_CURVE('',#696,#673,#698,.T.);
#696 = VERTEX_POINT('',#697);
#697 = CARTESIAN_POINT('',(17.5,11.,13.702691193458));
#698 = SURFACE_CURVE('',#699,(#704,#711),.PCURVE_S1.);
#699 = ELLIPSE('',#700,3.252691193458,2.3);
#700 = AXIS2_PLACEMENT_3D('',#701,#702,#703);
#701 = CARTESIAN_POINT('',(17.5,11.,10.45));
#702 = DIRECTION('',(0.,-1.,0.));
#703 = DIRECTION('',(0.,-0.,-1.));
#704 = PCURVE('',#237,#705);
#705 = DEFINITIONAL_REPRESENTATION('',(#706),#710);
#706 = ELLIPSE('',#707,3.252691193458,2.3);
#707 = AXIS2_PLACEMENT_2D('',#708,#709);
#708 = CARTESIAN_POINT('',(-1.35,-17.5));
#709 = DIRECTION('',(-1.,-0.));
#710 = ( GEOMETRIC_REPRESENTATION_CONTEXT(2) 
PARAMETRIC_REPRESENTATION_CONTEXT() REPRESENTATION_CONTEXT('2D SPACE',''
  ) );
#711 = PCURVE('',#712,#717);
#712 = CYLINDRICAL_SURFACE('',#713,2.3);
#713 = AXIS2_PLACEMENT_3D('',#714,#715,#716);
#714 = CARTESIAN_POINT('',(17.5,28.55,28.));
#715 = DIRECTION('',(-0.,-0.707106781187,-0.707106781187));
#716 = DIRECTION('',(0.,-0.707106781187,0.707106781187));
#717 = DEFINITIONAL_REPRESENTATION('',(#718),#727);
#718 = B_SPLINE_CURVE_WITH_KNOTS('',7,(#719,#720,#721,#722,#723,#724,
    #725,#726),.UNSPECIFIED.,.F.,.F.,(8,8),(3.14159265359,4.381562439772
    ),.PIECEWISE_BEZIER_KNOTS.);
#719 = CARTESIAN_POINT('',(0.,22.519448019648));
#720 = CARTESIAN_POINT('',(0.177138540883,22.519448019648));
#721 = CARTESIAN_POINT('',(0.354277081766,22.603646224651));
#722 = CARTESIAN_POINT('',(0.53141562265,22.772039311605));
#723 = CARTESIAN_POINT('',(0.708554163533,23.018167728264));
#724 = CARTESIAN_POINT('',(0.885692704416,23.329048685247));
#725 = CARTESIAN_POINT('',(1.062831245299,23.687024805275));
#726 = CARTESIAN_POINT('',(1.239969786182,24.072350841566));
#727 = ( GEOMETRIC_REPRESENTATION_CONTEXT(2) 
PARAMETRIC_REPRESENTATION_CONTEXT() REPRESENTATION_CONTEXT('2D SPACE',''
  ) );
#728 = ORIENTED_EDGE('',*,*,#729,.F.);
#729 = EDGE_CURVE('',#730,#696,#732,.T.);
#730 = VERTEX_POINT('',#731);
#731 = CARTESIAN_POINT('',(19.592546295784,11.,11.8));
#732 = SURFACE_CURVE('',#733,(#738,#745),.PCURVE_S1.);
#733 = ELLIPSE('',#734,3.252691193458,2.3);
#734 = AXIS2_PLACEMENT_3D('',#735,#736,#737);
#735 = CARTESIAN_POINT('',(17.5,11.,10.45));
#736 = DIRECTION('',(0.,-1.,0.));
#737 = DIRECTION('',(0.,-0.,-1.));
#738 = PCURVE('',#237,#739);
#739 = DEFINITIONAL_REPRESENTATION('',(#740),#744);
#740 = ELLIPSE('',#741,3.252691193458,2.3);
#741 = AXIS2_PLACEMENT_2D('',#742,#743);
#742 = CARTESIAN_POINT('',(-1.35,-17.5));
#743 = DIRECTION('',(-1.,-0.));
#744 = ( GEOMETRIC_REPRESENTATION_CONTEXT(2) 
PARAMETRIC_REPRESENTATION_CONTEXT() REPRESENTATION_CONTEXT('2D SPACE',''
  ) );
#745 = PCURVE('',#712,#746);
#746 = DEFINITIONAL_REPRESENTATION('',(#747),#756);
#747 = B_SPLINE_CURVE_WITH_KNOTS('',7,(#748,#749,#750,#751,#752,#753,
    #754,#755),.UNSPECIFIED.,.F.,.F.,(8,8),(1.901622867407,3.14159265359
    ),.PIECEWISE_BEZIER_KNOTS.);
#748 = CARTESIAN_POINT('',(5.043215520997,24.072350841566));
#749 = CARTESIAN_POINT('',(5.22035406188,23.687024805275));
#750 = CARTESIAN_POINT('',(5.397492602764,23.329048685249));
#751 = CARTESIAN_POINT('',(5.574631143647,23.018167728267));
#752 = CARTESIAN_POINT('',(5.75176968453,22.772039311607));
#753 = CARTESIAN_POINT('',(5.928908225413,22.603646224648));
#754 = CARTESIAN_POINT('',(6.106046766296,22.519448019648));
#755 = CARTESIAN_POINT('',(6.28318530718,22.519448019648));
#756 = ( GEOMETRIC_REPRESENTATION_CONTEXT(2) 
PARAMETRIC_REPRESENTATION_CONTEXT() REPRESENTATION_CONTEXT('2D SPACE',''
  ) );
#757 = ORIENTED_EDGE('',*,*,#758,.T.);
#758 = EDGE_CURVE('',#730,#759,#761,.T.);
#759 = VERTEX_POINT('',#760);
#760 = CARTESIAN_POINT('',(27.907453704216,11.,11.8));
#761 = SURFACE_CURVE('',#762,(#766,#773),.PCURVE_S1.);
#762 = LINE('',#763,#764);
#763 = CARTESIAN_POINT('',(0.,11.,11.8));
#764 = VECTOR('',#765,1.);
#765 = DIRECTION('',(1.,0.,0.));
#766 = PCURVE('',#237,#767);
#767 = DEFINITIONAL_REPRESENTATION('',(#768),#772);
#768 = LINE('',#769,#770);
#769 = CARTESIAN_POINT('',(0.,0.));
#770 = VECTOR('',#771,1.);
#771 = DIRECTION('',(0.,-1.));
#772 = ( GEOMETRIC_REPRESENTATION_CONTEXT(2) 
PARAMETRIC_REPRESENTATION_CONTEXT() REPRESENTATION_CONTEXT('2D SPACE',''
  ) );
#773 = PCURVE('',#774,#779);
#774 = PLANE('',#775);
#775 = AXIS2_PLACEMENT_3D('',#776,#777,#778);
#776 = CARTESIAN_POINT('',(0.,10.5,10.5));
#777 = DIRECTION('',(0.,-0.933345606203,0.358979079309));
#778 = DIRECTION('',(0.,0.358979079309,0.933345606203));
#779 = DEFINITIONAL_REPRESENTATION('',(#780),#784);
#780 = LINE('',#781,#782);
#781 = CARTESIAN_POINT('',(1.392838827718,0.));
#782 = VECTOR('',#783,1.);
#783 = DIRECTION('',(0.,-1.));
#784 = ( GEOMETRIC_REPRESENTATION_CONTEXT(2) 
PARAMETRIC_REPRESENTATION_CONTEXT() REPRESENTATION_CONTEXT('2D SPACE',''
  ) );
#785 = ORIENTED_EDGE('',*,*,#786,.F.);
#786 = EDGE_CURVE('',#787,#759,#789,.T.);
#787 = VERTEX_POINT('',#788);
#788 = CARTESIAN_POINT('',(30.,11.,13.702691193458));
#789 = SURFACE_CURVE('',#790,(#795,#802),.PCURVE_S1.);
#790 = ELLIPSE('',#791,3.252691193458,2.3);
#791 = AXIS2_PLACEMENT_3D('',#792,#793,#794);
#792 = CARTESIAN_POINT('',(30.,11.,10.45));
#793 = DIRECTION('',(0.,-1.,0.));
#794 = DIRECTION('',(0.,-0.,-1.));
#795 = PCURVE('',#237,#796);
#796 = DEFINITIONAL_REPRESENTATION('',(#797),#801);
#797 = ELLIPSE('',#798,3.252691193458,2.3);
#798 = AXIS2_PLACEMENT_2D('',#799,#800);
#799 = CARTESIAN_POINT('',(-1.35,-30.));
#800 = DIRECTION('',(-1.,-0.));
#801 = ( GEOMETRIC_REPRESENTATION_CONTEXT(2) 
PARAMETRIC_REPRESENTATION_CONTEXT() REPRESENTATION_CONTEXT('2D SPACE',''
  ) );
#802 = PCURVE('',#803,#808);
#803 = CYLINDRICAL_SURFACE('',#804,2.3);
#804 = AXIS2_PLACEMENT_3D('',#805,#806,#807);
#805 = CARTESIAN_POINT('',(30.,28.55,28.));
#806 = DIRECTION('',(-0.,-0.707106781187,-0.707106781187));
#807 = DIRECTION('',(0.,-0.707106781187,0.707106781187));
#808 = DEFINITIONAL_REPRESENTATION('',(#809),#818);
#809 = B_SPLINE_CURVE_WITH_KNOTS('',7,(#810,#811,#812,#813,#814,#815,
    #816,#817),.UNSPECIFIED.,.F.,.F.,(8,8),(3.14159265359,4.381562439772
    ),.PIECEWISE_BEZIER_KNOTS.);
#810 = CARTESIAN_POINT('',(0.,22.519448019648));
#811 = CARTESIAN_POINT('',(0.177138540883,22.519448019648));
#812 = CARTESIAN_POINT('',(0.354277081766,22.603646224647));
#813 = CARTESIAN_POINT('',(0.53141562265,22.77203931162));
#814 = CARTESIAN_POINT('',(0.708554163533,23.018167728256));
#815 = CARTESIAN_POINT('',(0.885692704416,23.329048685254));
#816 = CARTESIAN_POINT('',(1.062831245299,23.687024805275));
#817 = CARTESIAN_POINT('',(1.239969786182,24.072350841566));
#818 = ( GEOMETRIC_REPRESENTATION_CONTEXT(2) 
PARAMETRIC_REPRESENTATION_CONTEXT() REPRESENTATION_CONTEXT('2D SPACE',''
  ) );
#819 = ORIENTED_EDGE('',*,*,#820,.F.);
#820 = EDGE_CURVE('',#821,#787,#823,.T.);
#821 = VERTEX_POINT('',#822);
#822 = CARTESIAN_POINT('',(32.092546295784,11.,11.8));
#823 = SURFACE_CURVE('',#824,(#829,#836),.PCURVE_S1.);
#824 = ELLIPSE('',#825,3.252691193458,2.3);
#825 = AXIS2_PLACEMENT_3D('',#826,#827,#828);
#826 = CARTESIAN_POINT('',(30.,11.,10.45));
#827 = DIRECTION('',(0.,-1.,0.));
#828 = DIRECTION('',(0.,-0.,-1.));
#829 = PCURVE('',#237,#830);
#830 = DEFINITIONAL_REPRESENTATION('',(#831),#835);
#831 = ELLIPSE('',#832,3.252691193458,2.3);
#832 = AXIS2_PLACEMENT_2D('',#833,#834);
#833 = CARTESIAN_POINT('',(-1.35,-30.));
#834 = DIRECTION('',(-1.,-0.));
#835 = ( GEOMETRIC_REPRESENTATION_CONTEXT(2) 
PARAMETRIC_REPRESENTATION_CONTEXT() REPRESENTATION_CONTEXT('2D SPACE',''
  ) );
#836 = PCURVE('',#803,#837);
#837 = DEFINITIONAL_REPRESENTATION('',(#838),#847);
#838 = B_SPLINE_CURVE_WITH_KNOTS('',7,(#839,#840,#841,#842,#843,#844,
    #845,#846),.UNSPECIFIED.,.F.,.F.,(8,8),(1.901622867407,3.14159265359
    ),.PIECEWISE_BEZIER_KNOTS.);
#839 = CARTESIAN_POINT('',(5.043215520997,24.072350841566));
#840 = CARTESIAN_POINT('',(5.22035406188,23.687024805275));
#841 = CARTESIAN_POINT('',(5.397492602764,23.329048685251));
#842 = CARTESIAN_POINT('',(5.574631143647,23.01816772826));
#843 = CARTESIAN_POINT('',(5.75176968453,22.772039311607));
#844 = CARTESIAN_POINT('',(5.928908225413,22.603646224648));
#845 = CARTESIAN_POINT('',(6.106046766296,22.519448019648));
#846 = CARTESIAN_POINT('',(6.28318530718,22.519448019648));
#847 = ( GEOMETRIC_REPRESENTATION_CONTEXT(2) 
PARAMETRIC_REPRESENTATION_CONTEXT() REPRESENTATION_CONTEXT('2D SPACE',''
  ) );
#848 = ORIENTED_EDGE('',*,*,#849,.T.);
#849 = EDGE_CURVE('',#821,#850,#852,.T.);
#850 = VERTEX_POINT('',#851);
#851 = CARTESIAN_POINT('',(50.407453704216,11.,11.8));
#852 = SURFACE_CURVE('',#853,(#857,#864),.PCURVE_S1.);
#853 = LINE('',#854,#855);
#854 = CARTESIAN_POINT('',(0.,11.,11.8));
#855 = VECTOR('',#856,1.);
#856 = DIRECTION('',(1.,0.,0.));
#857 = PCURVE('',#237,#858);
#858 = DEFINITIONAL_REPRESENTATION('',(#859),#863);
#859 = LINE('',#860,#861);
#860 = CARTESIAN_POINT('',(0.,0.));
#861 = VECTOR('',#862,1.);
#862 = DIRECTION('',(0.,-1.));
#863 = ( GEOMETRIC_REPRESENTATION_CONTEXT(2) 
PARAMETRIC_REPRESENTATION_CONTEXT() REPRESENTATION_CONTEXT('2D SPACE',''
  ) );
#864 = PCURVE('',#865,#870);
#865 = PLANE('',#866);
#866 = AXIS2_PLACEMENT_3D('',#867,#868,#869);
#867 = CARTESIAN_POINT('',(0.,10.5,10.5));
#868 = DIRECTION('',(0.,-0.933345606203,0.358979079309));
#869 = DIRECTION('',(0.,0.358979079309,0.933345606203));
#870 = DEFINITIONAL_REPRESENTATION('',(#871),#875);
#871 = LINE('',#872,#873);
#872 = CARTESIAN_POINT('',(1.392838827718,0.));
#873 = VECTOR('',#874,1.);
#874 = DIRECTION('',(0.,-1.));
#875 = ( GEOMETRIC_REPRESENTATION_CONTEXT(2) 
PARAMETRIC_REPRESENTATION_CONTEXT() REPRESENTATION_CONTEXT('2D SPACE',''
  ) );
#876 = ORIENTED_EDGE('',*,*,#877,.F.);
#877 = EDGE_CURVE('',#878,#850,#880,.T.);
#878 = VERTEX_POINT('',#879);
#879 = CARTESIAN_POINT('',(52.5,11.,13.702691193458));
#880 = SURFACE_CURVE('',#881,(#886,#893),.PCURVE_S1.);
#881 = ELLIPSE('',#882,3.252691193458,2.3);
#882 = AXIS2_PLACEMENT_3D('',#883,#884,#885);
#883 = CARTESIAN_POINT('',(52.5,11.,10.45));
#884 = DIRECTION('',(0.,-1.,0.));
#885 = DIRECTION('',(0.,-0.,-1.));
#886 = PCURVE('',#237,#887);
#887 = DEFINITIONAL_REPRESENTATION('',(#888),#892);
#888 = ELLIPSE('',#889,3.252691193458,2.3);
#889 = AXIS2_PLACEMENT_2D('',#890,#891);
#890 = CARTESIAN_POINT('',(-1.35,-52.5));
#891 = DIRECTION('',(-1.,-0.));
#892 = ( GEOMETRIC_REPRESENTATION_CONTEXT(2) 
PARAMETRIC_REPRESENTATION_CONTEXT() REPRESENTATION_CONTEXT('2D SPACE',''
  ) );
#893 = PCURVE('',#894,#899);
#894 = CYLINDRICAL_SURFACE('',#895,2.3);
#895 = AXIS2_PLACEMENT_3D('',#896,#897,#898);
#896 = CARTESIAN_POINT('',(52.5,28.55,28.));
#897 = DIRECTION('',(-0.,-0.707106781187,-0.707106781187));
#898 = DIRECTION('',(0.,-0.707106781187,0.707106781187));
#899 = DEFINITIONAL_REPRESENTATION('',(#900),#909);
#900 = B_SPLINE_CURVE_WITH_KNOTS('',7,(#901,#902,#903,#904,#905,#906,
    #907,#908),.UNSPECIFIED.,.F.,.F.,(8,8),(3.14159265359,4.381562439772
    ),.PIECEWISE_BEZIER_KNOTS.);
#901 = CARTESIAN_POINT('',(0.,22.519448019648));
#902 = CARTESIAN_POINT('',(0.177138540883,22.519448019648));
#903 = CARTESIAN_POINT('',(0.354277081766,22.603646224651));
#904 = CARTESIAN_POINT('',(0.53141562265,22.772039311605));
#905 = CARTESIAN_POINT('',(0.708554163533,23.018167728264));
#906 = CARTESIAN_POINT('',(0.885692704416,23.329048685247));
#907 = CARTESIAN_POINT('',(1.062831245299,23.687024805275));
#908 = CARTESIAN_POINT('',(1.239969786182,24.072350841566));
#909 = ( GEOMETRIC_REPRESENTATION_CONTEXT(2) 
PARAMETRIC_REPRESENTATION_CONTEXT() REPRESENTATION_CONTEXT('2D SPACE',''
  ) );
#910 = ORIENTED_EDGE('',*,*,#911,.F.);
#911 = EDGE_CURVE('',#912,#878,#914,.T.);
#912 = VERTEX_POINT('',#913);
#913 = CARTESIAN_POINT('',(54.592546295784,11.,11.8));
#914 = SURFACE_CURVE('',#915,(#920,#927),.PCURVE_S1.);
#915 = ELLIPSE('',#916,3.252691193458,2.3);
#916 = AXIS2_PLACEMENT_3D('',#917,#918,#919);
#917 = CARTESIAN_POINT('',(52.5,11.,10.45));
#918 = DIRECTION('',(0.,-1.,0.));
#919 = DIRECTION('',(0.,-0.,-1.));
#920 = PCURVE('',#237,#921);
#921 = DEFINITIONAL_REPRESENTATION('',(#922),#926);
#922 = ELLIPSE('',#923,3.252691193458,2.3);
#923 = AXIS2_PLACEMENT_2D('',#924,#925);
#924 = CARTESIAN_POINT('',(-1.35,-52.5));
#925 = DIRECTION('',(-1.,-0.));
#926 = ( GEOMETRIC_REPRESENTATION_CONTEXT(2) 
PARAMETRIC_REPRESENTATION_CONTEXT() REPRESENTATION_CONTEXT('2D SPACE',''
  ) );
#927 = PCURVE('',#894,#928);
#928 = DEFINITIONAL_REPRESENTATION('',(#929),#938);
#929 = B_SPLINE_CURVE_WITH_KNOTS('',7,(#930,#931,#932,#933,#934,#935,
    #936,#937),.UNSPECIFIED.,.F.,.F.,(8,8),(1.901622867407,3.14159265359
    ),.PIECEWISE_BEZIER_KNOTS.);
#930 = CARTESIAN_POINT('',(5.043215520997,24.072350841566));
#931 = CARTESIAN_POINT('',(5.22035406188,23.687024805275));
#932 = CARTESIAN_POINT('',(5.397492602764,23.329048685249));
#933 = CARTESIAN_POINT('',(5.574631143646,23.018167728267));
#934 = CARTESIAN_POINT('',(5.75176968453,22.772039311607));
#935 = CARTESIAN_POINT('',(5.928908225413,22.603646224648));
#936 = CARTESIAN_POINT('',(6.106046766296,22.519448019648));
#937 = CARTESIAN_POINT('',(6.28318530718,22.519448019648));
#938 = ( GEOMETRIC_REPRESENTATION_CONTEXT(2) 
PARAMETRIC_REPRESENTATION_CONTEXT() REPRESENTATION_CONTEXT('2D SPACE',''
  ) );
#939 = ORIENTED_EDGE('',*,*,#940,.T.);
#940 = EDGE_CURVE('',#912,#941,#943,.T.);
#941 = VERTEX_POINT('',#942);
#942 = CARTESIAN_POINT('',(100.40745370421,11.,11.8));
#943 = SURFACE_CURVE('',#944,(#948,#955),.PCURVE_S1.);
#944 = LINE('',#945,#946);
#945 = CARTESIAN_POINT('',(0.,11.,11.8));
#946 = VECTOR('',#947,1.);
#947 = DIRECTION('',(1.,0.,0.));
#948 = PCURVE('',#237,#949);
#949 = DEFINITIONAL_REPRESENTATION('',(#950),#954);
#950 = LINE('',#951,#952);
#951 = CARTESIAN_POINT('',(0.,0.));
#952 = VECTOR('',#953,1.);
#953 = DIRECTION('',(0.,-1.));
#954 = ( GEOMETRIC_REPRESENTATION_CONTEXT(2) 
PARAMETRIC_REPRESENTATION_CONTEXT() REPRESENTATION_CONTEXT('2D SPACE',''
  ) );
#955 = PCURVE('',#956,#961);
#956 = PLANE('',#957);
#957 = AXIS2_PLACEMENT_3D('',#958,#959,#960);
#958 = CARTESIAN_POINT('',(0.,10.5,10.5));
#959 = DIRECTION('',(0.,-0.933345606203,0.358979079309));
#960 = DIRECTION('',(0.,0.358979079309,0.933345606203));
#961 = DEFINITIONAL_REPRESENTATION('',(#962),#966);
#962 = LINE('',#963,#964);
#963 = CARTESIAN_POINT('',(1.392838827718,0.));
#964 = VECTOR('',#965,1.);
#965 = DIRECTION('',(0.,-1.));
#966 = ( GEOMETRIC_REPRESENTATION_CONTEXT(2) 
PARAMETRIC_REPRESENTATION_CONTEXT() REPRESENTATION_CONTEXT('2D SPACE',''
  ) );
#967 = ORIENTED_EDGE('',*,*,#968,.F.);
#968 = EDGE_CURVE('',#969,#941,#971,.T.);
#969 = VERTEX_POINT('',#970);
#970 = CARTESIAN_POINT('',(102.5,11.,13.702691193458));
#971 = SURFACE_CURVE('',#972,(#977,#984),.PCURVE_S1.);
#972 = ELLIPSE('',#973,3.252691193458,2.3);
#973 = AXIS2_PLACEMENT_3D('',#974,#975,#976);
#974 = CARTESIAN_POINT('',(102.5,11.,10.45));
#975 = DIRECTION('',(0.,-1.,0.));
#976 = DIRECTION('',(0.,-0.,-1.));
#977 = PCURVE('',#237,#978);
#978 = DEFINITIONAL_REPRESENTATION('',(#979),#983);
#979 = ELLIPSE('',#980,3.252691193458,2.3);
#980 = AXIS2_PLACEMENT_2D('',#981,#982);
#981 = CARTESIAN_POINT('',(-1.35,-102.5));
#982 = DIRECTION('',(-1.,-0.));
#983 = ( GEOMETRIC_REPRESENTATION_CONTEXT(2) 
PARAMETRIC_REPRESENTATION_CONTEXT() REPRESENTATION_CONTEXT('2D SPACE',''
  ) );
#984 = PCURVE('',#985,#990);
#985 = CYLINDRICAL_SURFACE('',#986,2.3);
#986 = AXIS2_PLACEMENT_3D('',#987,#988,#989);
#987 = CARTESIAN_POINT('',(102.5,28.55,28.));
#988 = DIRECTION('',(-0.,-0.707106781187,-0.707106781187));
#989 = DIRECTION('',(0.,-0.707106781187,0.707106781187));
#990 = DEFINITIONAL_REPRESENTATION('',(#991),#1000);
#991 = B_SPLINE_CURVE_WITH_KNOTS('',7,(#992,#993,#994,#995,#996,#997,
    #998,#999),.UNSPECIFIED.,.F.,.F.,(8,8),(3.14159265359,4.381562439772
    ),.PIECEWISE_BEZIER_KNOTS.);
#992 = CARTESIAN_POINT('',(0.,22.519448019648));
#993 = CARTESIAN_POINT('',(0.177138540883,22.519448019648));
#994 = CARTESIAN_POINT('',(0.354277081766,22.603646224647));
#995 = CARTESIAN_POINT('',(0.53141562265,22.772039311616));
#996 = CARTESIAN_POINT('',(0.708554163533,23.01816772826));
#997 = CARTESIAN_POINT('',(0.885692704416,23.329048685247));
#998 = CARTESIAN_POINT('',(1.062831245299,23.687024805275));
#999 = CARTESIAN_POINT('',(1.239969786182,24.072350841566));
#1000 = ( GEOMETRIC_REPRESENTATION_CONTEXT(2) 
PARAMETRIC_REPRESENTATION_CONTEXT() REPRESENTATION_CONTEXT('2D SPACE',''
  ) );
#1001 = ORIENTED_EDGE('',*,*,#1002,.F.);
#1002 = EDGE_CURVE('',#1003,#969,#1005,.T.);
#1003 = VERTEX_POINT('',#1004);
#1004 = CARTESIAN_POINT('',(104.59254629578,11.,11.8));
#1005 = SURFACE_CURVE('',#1006,(#1011,#1018),.PCURVE_S1.);
#1006 = ELLIPSE('',#1007,3.252691193458,2.3);
#1007 = AXIS2_PLACEMENT_3D('',#1008,#1009,#1010);
#1008 = CARTESIAN_POINT('',(102.5,11.,10.45));
#1009 = DIRECTION('',(0.,-1.,0.));
#1010 = DIRECTION('',(0.,-0.,-1.));
#1011 = PCURVE('',#237,#1012);
#1012 = DEFINITIONAL_REPRESENTATION('',(#1013),#1017);
#1013 = ELLIPSE('',#1014,3.252691193458,2.3);
#1014 = AXIS2_PLACEMENT_2D('',#1015,#1016);
#1015 = CARTESIAN_POINT('',(-1.35,-102.5));
#1016 = DIRECTION('',(-1.,-0.));
#1017 = ( GEOMETRIC_REPRESENTATION_CONTEXT(2) 
PARAMETRIC_REPRESENTATION_CONTEXT() REPRESENTATION_CONTEXT('2D SPACE',''
  ) );
#1018 = PCURVE('',#985,#1019);
#1019 = DEFINITIONAL_REPRESENTATION('',(#1020),#1029);
#1020 = B_SPLINE_CURVE_WITH_KNOTS('',7,(#1021,#1022,#1023,#1024,#1025,
    #1026,#1027,#1028),.UNSPECIFIED.,.F.,.F.,(8,8),(1.901622867407,
    3.14159265359),.PIECEWISE_BEZIER_KNOTS.);
#1021 = CARTESIAN_POINT('',(5.043215520997,24.072350841566));
#1022 = CARTESIAN_POINT('',(5.22035406188,23.687024805275));
#1023 = CARTESIAN_POINT('',(5.397492602764,23.329048685247));
#1024 = CARTESIAN_POINT('',(5.574631143646,23.018167728269));
#1025 = CARTESIAN_POINT('',(5.75176968453,22.772039311603));
#1026 = CARTESIAN_POINT('',(5.928908225413,22.603646224647));
#1027 = CARTESIAN_POINT('',(6.106046766296,22.519448019648));
#1028 = CARTESIAN_POINT('',(6.28318530718,22.519448019648));
#1029 = ( GEOMETRIC_REPRESENTATION_CONTEXT(2) 
PARAMETRIC_REPRESENTATION_CONTEXT() REPRESENTATION_CONTEXT('2D SPACE',''
  ) );
#1030 = ORIENTED_EDGE('',*,*,#1031,.T.);
#1031 = EDGE_CURVE('',#1003,#1032,#1034,.T.);
#1032 = VERTEX_POINT('',#1033);
#1033 = CARTESIAN_POINT('',(135.40745370421,11.,11.8));
#1034 = SURFACE_CURVE('',#1035,(#1039,#1046),.PCURVE_S1.);
#1035 = LINE('',#1036,#1037);
#1036 = CARTESIAN_POINT('',(0.,11.,11.8));
#1037 = VECTOR('',#1038,1.);
#1038 = DIRECTION('',(1.,0.,0.));
#1039 = PCURVE('',#237,#1040);
#1040 = DEFINITIONAL_REPRESENTATION('',(#1041),#1045);
#1041 = LINE('',#1042,#1043);
#1042 = CARTESIAN_POINT('',(0.,0.));
#1043 = VECTOR('',#1044,1.);
#1044 = DIRECTION('',(0.,-1.));
#1045 = ( GEOMETRIC_REPRESENTATION_CONTEXT(2) 
PARAMETRIC_REPRESENTATION_CONTEXT() REPRESENTATION_CONTEXT('2D SPACE',''
  ) );
#1046 = PCURVE('',#1047,#1052);
#1047 = PLANE('',#1048);
#1048 = AXIS2_PLACEMENT_3D('',#1049,#1050,#1051);
#1049 = CARTESIAN_POINT('',(0.,10.5,10.5));
#1050 = DIRECTION('',(0.,-0.933345606203,0.358979079309));
#1051 = DIRECTION('',(0.,0.358979079309,0.933345606203));
#1052 = DEFINITIONAL_REPRESENTATION('',(#1053),#1057);
#1053 = LINE('',#1054,#1055);
#1054 = CARTESIAN_POINT('',(1.392838827718,0.));
#1055 = VECTOR('',#1056,1.);
#1056 = DIRECTION('',(0.,-1.));
#1057 = ( GEOMETRIC_REPRESENTATION_CONTEXT(2) 
PARAMETRIC_REPRESENTATION_CONTEXT() REPRESENTATION_CONTEXT('2D SPACE',''
  ) );
#1058 = ORIENTED_EDGE('',*,*,#1059,.F.);
#1059 = EDGE_CURVE('',#1060,#1032,#1062,.T.);
#1060 = VERTEX_POINT('',#1061);
#1061 = CARTESIAN_POINT('',(137.5,11.,13.702691193458));
#1062 = SURFACE_CURVE('',#1063,(#1068,#1075),.PCURVE_S1.);
#1063 = ELLIPSE('',#1064,3.252691193458,2.3);
#1064 = AXIS2_PLACEMENT_3D('',#1065,#1066,#1067);
#1065 = CARTESIAN_POINT('',(137.5,11.,10.45));
#1066 = DIRECTION('',(0.,-1.,0.));
#1067 = DIRECTION('',(0.,-0.,-1.));
#1068 = PCURVE('',#237,#1069);
#1069 = DEFINITIONAL_REPRESENTATION('',(#1070),#1074);
#1070 = ELLIPSE('',#1071,3.252691193458,2.3);
#1071 = AXIS2_PLACEMENT_2D('',#1072,#1073);
#1072 = CARTESIAN_POINT('',(-1.35,-137.5));
#1073 = DIRECTION('',(-1.,-0.));
#1074 = ( GEOMETRIC_REPRESENTATION_CONTEXT(2) 
PARAMETRIC_REPRESENTATION_CONTEXT() REPRESENTATION_CONTEXT('2D SPACE',''
  ) );
#1075 = PCURVE('',#1076,#1081);
#1076 = CYLINDRICAL_SURFACE('',#1077,2.3);
#1077 = AXIS2_PLACEMENT_3D('',#1078,#1079,#1080);
#1078 = CARTESIAN_POINT('',(137.5,28.55,28.));
#1079 = DIRECTION('',(-0.,-0.707106781187,-0.707106781187));
#1080 = DIRECTION('',(0.,-0.707106781187,0.707106781187));
#1081 = DEFINITIONAL_REPRESENTATION('',(#1082),#1091);
#1082 = B_SPLINE_CURVE_WITH_KNOTS('',7,(#1083,#1084,#1085,#1086,#1087,
    #1088,#1089,#1090),.UNSPECIFIED.,.F.,.F.,(8,8),(3.14159265359,
    4.381562439772),.PIECEWISE_BEZIER_KNOTS.);
#1083 = CARTESIAN_POINT('',(0.,22.519448019648));
#1084 = CARTESIAN_POINT('',(0.177138540883,22.519448019648));
#1085 = CARTESIAN_POINT('',(0.354277081766,22.603646224651));
#1086 = CARTESIAN_POINT('',(0.53141562265,22.772039311609));
#1087 = CARTESIAN_POINT('',(0.708554163533,23.018167728267));
#1088 = CARTESIAN_POINT('',(0.885692704416,23.329048685243));
#1089 = CARTESIAN_POINT('',(1.062831245299,23.687024805275));
#1090 = CARTESIAN_POINT('',(1.239969786182,24.072350841566));
#1091 = ( GEOMETRIC_REPRESENTATION_CONTEXT(2) 
PARAMETRIC_REPRESENTATION_CONTEXT() REPRESENTATION_CONTEXT('2D SPACE',''
  ) );
#1092 = ORIENTED_EDGE('',*,*,#1093,.F.);
#1093 = EDGE_CURVE('',#1094,#1060,#1096,.T.);
#1094 = VERTEX_POINT('',#1095);
#1095 = CARTESIAN_POINT('',(139.59254629578,11.,11.8));
#1096 = SURFACE_CURVE('',#1097,(#1102,#1109),.PCURVE_S1.);
#1097 = ELLIPSE('',#1098,3.252691193458,2.3);
#1098 = AXIS2_PLACEMENT_3D('',#1099,#1100,#1101);
#1099 = CARTESIAN_POINT('',(137.5,11.,10.45));
#1100 = DIRECTION('',(0.,-1.,0.));
#1101 = DIRECTION('',(0.,-0.,-1.));
#1102 = PCURVE('',#237,#1103);
#1103 = DEFINITIONAL_REPRESENTATION('',(#1104),#1108);
#1104 = ELLIPSE('',#1105,3.252691193458,2.3);
#1105 = AXIS2_PLACEMENT_2D('',#1106,#1107);
#1106 = CARTESIAN_POINT('',(-1.35,-137.5));
#1107 = DIRECTION('',(-1.,-0.));
#1108 = ( GEOMETRIC_REPRESENTATION_CONTEXT(2) 
PARAMETRIC_REPRESENTATION_CONTEXT() REPRESENTATION_CONTEXT('2D SPACE',''
  ) );
#1109 = PCURVE('',#1076,#1110);
#1110 = DEFINITIONAL_REPRESENTATION('',(#1111),#1120);
#1111 = B_SPLINE_CURVE_WITH_KNOTS('',7,(#1112,#1113,#1114,#1115,#1116,
    #1117,#1118,#1119),.UNSPECIFIED.,.F.,.F.,(8,8),(1.901622867407,
    3.14159265359),.PIECEWISE_BEZIER_KNOTS.);
#1112 = CARTESIAN_POINT('',(5.043215520997,24.072350841566));
#1113 = CARTESIAN_POINT('',(5.22035406188,23.687024805275));
#1114 = CARTESIAN_POINT('',(5.397492602764,23.329048685248));
#1115 = CARTESIAN_POINT('',(5.574631143646,23.018167728269));
#1116 = CARTESIAN_POINT('',(5.75176968453,22.772039311603));
#1117 = CARTESIAN_POINT('',(5.928908225413,22.603646224647));
#1118 = CARTESIAN_POINT('',(6.106046766296,22.519448019648));
#1119 = CARTESIAN_POINT('',(6.28318530718,22.519448019648));
#1120 = ( GEOMETRIC_REPRESENTATION_CONTEXT(2) 
PARAMETRIC_REPRESENTATION_CONTEXT() REPRESENTATION_CONTEXT('2D SPACE',''
  ) );
#1121 = ORIENTED_EDGE('',*,*,#1122,.T.);
#1122 = EDGE_CURVE('',#1094,#1123,#1125,.T.);
#1123 = VERTEX_POINT('',#1124);
#1124 = CARTESIAN_POINT('',(185.40745370421,11.,11.8));
#1125 = SURFACE_CURVE('',#1126,(#1130,#1137),.PCURVE_S1.);
#1126 = LINE('',#1127,#1128);
#1127 = CARTESIAN_POINT('',(0.,11.,11.8));
#1128 = VECTOR('',#1129,1.);
#1129 = DIRECTION('',(1.,0.,0.));
#1130 = PCURVE('',#237,#1131);
#1131 = DEFINITIONAL_REPRESENTATION('',(#1132),#1136);
#1132 = LINE('',#1133,#1134);
#1133 = CARTESIAN_POINT('',(0.,0.));
#1134 = VECTOR('',#1135,1.);
#1135 = DIRECTION('',(0.,-1.));
#1136 = ( GEOMETRIC_REPRESENTATION_CONTEXT(2) 
PARAMETRIC_REPRESENTATION_CONTEXT() REPRESENTATION_CONTEXT('2D SPACE',''
  ) );
#1137 = PCURVE('',#1138,#1143);
#1138 = PLANE('',#1139);
#1139 = AXIS2_PLACEMENT_3D('',#1140,#1141,#1142);
#1140 = CARTESIAN_POINT('',(0.,10.5,10.5));
#1141 = DIRECTION('',(0.,-0.933345606203,0.358979079309));
#1142 = DIRECTION('',(0.,0.358979079309,0.933345606203));
#1143 = DEFINITIONAL_REPRESENTATION('',(#1144),#1148);
#1144 = LINE('',#1145,#1146);
#1145 = CARTESIAN_POINT('',(1.392838827718,0.));
#1146 = VECTOR('',#1147,1.);
#1147 = DIRECTION('',(0.,-1.));
#1148 = ( GEOMETRIC_REPRESENTATION_CONTEXT(2) 
PARAMETRIC_REPRESENTATION_CONTEXT() REPRESENTATION_CONTEXT('2D SPACE',''
  ) );
#1149 = ORIENTED_EDGE('',*,*,#1150,.F.);
#1150 = EDGE_CURVE('',#1151,#1123,#1153,.T.);
#1151 = VERTEX_POINT('',#1152);
#1152 = CARTESIAN_POINT('',(187.5,11.,13.702691193458));
#1153 = SURFACE_CURVE('',#1154,(#1159,#1166),.PCURVE_S1.);
#1154 = ELLIPSE('',#1155,3.252691193458,2.3);
#1155 = AXIS2_PLACEMENT_3D('',#1156,#1157,#1158);
#1156 = CARTESIAN_POINT('',(187.5,11.,10.45));
#1157 = DIRECTION('',(0.,-1.,0.));
#1158 = DIRECTION('',(0.,-0.,-1.));
#1159 = PCURVE('',#237,#1160);
#1160 = DEFINITIONAL_REPRESENTATION('',(#1161),#1165);
#1161 = ELLIPSE('',#1162,3.252691193458,2.3);
#1162 = AXIS2_PLACEMENT_2D('',#1163,#1164);
#1163 = CARTESIAN_POINT('',(-1.35,-187.5));
#1164 = DIRECTION('',(-1.,-0.));
#1165 = ( GEOMETRIC_REPRESENTATION_CONTEXT(2) 
PARAMETRIC_REPRESENTATION_CONTEXT() REPRESENTATION_CONTEXT('2D SPACE',''
  ) );
#1166 = PCURVE('',#1167,#1172);
#1167 = CYLINDRICAL_SURFACE('',#1168,2.3);
#1168 = AXIS2_PLACEMENT_3D('',#1169,#1170,#1171);
#1169 = CARTESIAN_POINT('',(187.5,28.55,28.));
#1170 = DIRECTION('',(-0.,-0.707106781187,-0.707106781187));
#1171 = DIRECTION('',(0.,-0.707106781187,0.707106781187));
#1172 = DEFINITIONAL_REPRESENTATION('',(#1173),#1182);
#1173 = B_SPLINE_CURVE_WITH_KNOTS('',7,(#1174,#1175,#1176,#1177,#1178,
    #1179,#1180,#1181),.UNSPECIFIED.,.F.,.F.,(8,8),(3.14159265359,
    4.381562439772),.PIECEWISE_BEZIER_KNOTS.);
#1174 = CARTESIAN_POINT('',(0.,22.519448019648));
#1175 = CARTESIAN_POINT('',(0.177138540883,22.519448019648));
#1176 = CARTESIAN_POINT('',(0.354277081766,22.603646224651));
#1177 = CARTESIAN_POINT('',(0.531415622649,22.772039311601));
#1178 = CARTESIAN_POINT('',(0.708554163533,23.018167728267));
#1179 = CARTESIAN_POINT('',(0.885692704416,23.329048685248));
#1180 = CARTESIAN_POINT('',(1.062831245299,23.687024805275));
#1181 = CARTESIAN_POINT('',(1.239969786182,24.072350841565));
#1182 = ( GEOMETRIC_REPRESENTATION_CONTEXT(2) 
PARAMETRIC_REPRESENTATION_CONTEXT() REPRESENTATION_CONTEXT('2D SPACE',''
  ) );
#1183 = ORIENTED_EDGE('',*,*,#1184,.F.);
#1184 = EDGE_CURVE('',#1185,#1151,#1187,.T.);
#1185 = VERTEX_POINT('',#1186);
#1186 = CARTESIAN_POINT('',(189.59254629578,11.,11.8));
#1187 = SURFACE_CURVE('',#1188,(#1193,#1200),.PCURVE_S1.);
#1188 = ELLIPSE('',#1189,3.252691193458,2.3);
#1189 = AXIS2_PLACEMENT_3D('',#1190,#1191,#1192);
#1190 = CARTESIAN_POINT('',(187.5,11.,10.45));
#1191 = DIRECTION('',(0.,-1.,0.));
#1192 = DIRECTION('',(0.,-0.,-1.));
#1193 = PCURVE('',#237,#1194);
#1194 = DEFINITIONAL_REPRESENTATION('',(#1195),#1199);
#1195 = ELLIPSE('',#1196,3.252691193458,2.3);
#1196 = AXIS2_PLACEMENT_2D('',#1197,#1198);
#1197 = CARTESIAN_POINT('',(-1.35,-187.5));
#1198 = DIRECTION('',(-1.,-0.));
#1199 = ( GEOMETRIC_REPRESENTATION_CONTEXT(2) 
PARAMETRIC_REPRESENTATION_CONTEXT() REPRESENTATION_CONTEXT('2D SPACE',''
  ) );
#1200 = PCURVE('',#1167,#1201);
#1201 = DEFINITIONAL_REPRESENTATION('',(#1202),#1211);
#1202 = B_SPLINE_CURVE_WITH_KNOTS('',7,(#1203,#1204,#1205,#1206,#1207,
    #1208,#1209,#1210),.UNSPECIFIED.,.F.,.F.,(8,8),(1.901622867407,
    3.14159265359),.PIECEWISE_BEZIER_KNOTS.);
#1203 = CARTESIAN_POINT('',(5.043215520997,24.072350841565));
#1204 = CARTESIAN_POINT('',(5.22035406188,23.687024805275));
#1205 = CARTESIAN_POINT('',(5.397492602764,23.329048685251));
#1206 = CARTESIAN_POINT('',(5.574631143647,23.018167728253));
#1207 = CARTESIAN_POINT('',(5.75176968453,22.772039311607));
#1208 = CARTESIAN_POINT('',(5.928908225413,22.603646224648));
#1209 = CARTESIAN_POINT('',(6.106046766296,22.519448019648));
#1210 = CARTESIAN_POINT('',(6.28318530718,22.519448019648));
#1211 = ( GEOMETRIC_REPRESENTATION_CONTEXT(2) 
PARAMETRIC_REPRESENTATION_CONTEXT() REPRESENTATION_CONTEXT('2D SPACE',''
  ) );
#1212 = ORIENTED_EDGE('',*,*,#1213,.T.);
#1213 = EDGE_CURVE('',#1185,#1214,#1216,.T.);
#1214 = VERTEX_POINT('',#1215);
#1215 = CARTESIAN_POINT('',(207.90745370421,11.,11.8));
#1216 = SURFACE_CURVE('',#1217,(#1221,#1228),.PCURVE_S1.);
#1217 = LINE('',#1218,#1219);
#1218 = CARTESIAN_POINT('',(0.,11.,11.8));
#1219 = VECTOR('',#1220,1.);
#1220 = DIRECTION('',(1.,0.,0.));
#1221 = PCURVE('',#237,#1222);
#1222 = DEFINITIONAL_REPRESENTATION('',(#1223),#1227);
#1223 = LINE('',#1224,#1225);
#1224 = CARTESIAN_POINT('',(0.,0.));
#1225 = VECTOR('',#1226,1.);
#1226 = DIRECTION('',(0.,-1.));
#1227 = ( GEOMETRIC_REPRESENTATION_CONTEXT(2) 
PARAMETRIC_REPRESENTATION_CONTEXT() REPRESENTATION_CONTEXT('2D SPACE',''
  ) );
#1228 = PCURVE('',#1229,#1234);
#1229 = PLANE('',#1230);
#1230 = AXIS2_PLACEMENT_3D('',#1231,#1232,#1233);
#1231 = CARTESIAN_POINT('',(0.,10.5,10.5));
#1232 = DIRECTION('',(0.,-0.933345606203,0.358979079309));
#1233 = DIRECTION('',(0.,0.358979079309,0.933345606203));
#1234 = DEFINITIONAL_REPRESENTATION('',(#1235),#1239);
#1235 = LINE('',#1236,#1237);
#1236 = CARTESIAN_POINT('',(1.392838827718,0.));
#1237 = VECTOR('',#1238,1.);
#1238 = DIRECTION('',(0.,-1.));
#1239 = ( GEOMETRIC_REPRESENTATION_CONTEXT(2) 
PARAMETRIC_REPRESENTATION_CONTEXT() REPRESENTATION_CONTEXT('2D SPACE',''
  ) );
#1240 = ORIENTED_EDGE('',*,*,#1241,.F.);
#1241 = EDGE_CURVE('',#1242,#1214,#1244,.T.);
#1242 = VERTEX_POINT('',#1243);
#1243 = CARTESIAN_POINT('',(210.,11.,13.702691193458));
#1244 = SURFACE_CURVE('',#1245,(#1250,#1257),.PCURVE_S1.);
#1245 = ELLIPSE('',#1246,3.252691193458,2.3);
#1246 = AXIS2_PLACEMENT_3D('',#1247,#1248,#1249);
#1247 = CARTESIAN_POINT('',(210.,11.,10.45));
#1248 = DIRECTION('',(0.,-1.,0.));
#1249 = DIRECTION('',(0.,-0.,-1.));
#1250 = PCURVE('',#237,#1251);
#1251 = DEFINITIONAL_REPRESENTATION('',(#1252),#1256);
#1252 = ELLIPSE('',#1253,3.252691193458,2.3);
#1253 = AXIS2_PLACEMENT_2D('',#1254,#1255);
#1254 = CARTESIAN_POINT('',(-1.35,-210.));
#1255 = DIRECTION('',(-1.,-0.));
#1256 = ( GEOMETRIC_REPRESENTATION_CONTEXT(2) 
PARAMETRIC_REPRESENTATION_CONTEXT() REPRESENTATION_CONTEXT('2D SPACE',''
  ) );
#1257 = PCURVE('',#1258,#1263);
#1258 = CYLINDRICAL_SURFACE('',#1259,2.3);
#1259 = AXIS2_PLACEMENT_3D('',#1260,#1261,#1262);
#1260 = CARTESIAN_POINT('',(210.,28.55,28.));
#1261 = DIRECTION('',(-0.,-0.707106781187,-0.707106781187));
#1262 = DIRECTION('',(0.,-0.707106781187,0.707106781187));
#1263 = DEFINITIONAL_REPRESENTATION('',(#1264),#1273);
#1264 = B_SPLINE_CURVE_WITH_KNOTS('',7,(#1265,#1266,#1267,#1268,#1269,
    #1270,#1271,#1272),.UNSPECIFIED.,.F.,.F.,(8,8),(3.14159265359,
    4.381562439772),.PIECEWISE_BEZIER_KNOTS.);
#1265 = CARTESIAN_POINT('',(0.,22.519448019648));
#1266 = CARTESIAN_POINT('',(0.177138540883,22.519448019648));
#1267 = CARTESIAN_POINT('',(0.354277081766,22.603646224651));
#1268 = CARTESIAN_POINT('',(0.531415622649,22.772039311601));
#1269 = CARTESIAN_POINT('',(0.708554163533,23.018167728267));
#1270 = CARTESIAN_POINT('',(0.885692704416,23.329048685248));
#1271 = CARTESIAN_POINT('',(1.062831245299,23.687024805275));
#1272 = CARTESIAN_POINT('',(1.239969786182,24.072350841565));
#1273 = ( GEOMETRIC_REPRESENTATION_CONTEXT(2) 
PARAMETRIC_REPRESENTATION_CONTEXT() REPRESENTATION_CONTEXT('2D SPACE',''
  ) );
#1274 = ORIENTED_EDGE('',*,*,#1275,.F.);
#1275 = EDGE_CURVE('',#1276,#1242,#1278,.T.);
#1276 = VERTEX_POINT('',#1277);
#1277 = CARTESIAN_POINT('',(212.09254629578,11.,11.8));
#1278 = SURFACE_CURVE('',#1279,(#1284,#1291),.PCURVE_S1.);
#1279 = ELLIPSE('',#1280,3.252691193458,2.3);
#1280 = AXIS2_PLACEMENT_3D('',#1281,#1282,#1283);
#1281 = CARTESIAN_POINT('',(210.,11.,10.45));
#1282 = DIRECTION('',(0.,-1.,0.));
#1283 = DIRECTION('',(0.,-0.,-1.));
#1284 = PCURVE('',#237,#1285);
#1285 = DEFINITIONAL_REPRESENTATION('',(#1286),#1290);
#1286 = ELLIPSE('',#1287,3.252691193458,2.3);
#1287 = AXIS2_PLACEMENT_2D('',#1288,#1289);
#1288 = CARTESIAN_POINT('',(-1.35,-210.));
#1289 = DIRECTION('',(-1.,-0.));
#1290 = ( GEOMETRIC_REPRESENTATION_CONTEXT(2) 
PARAMETRIC_REPRESENTATION_CONTEXT() REPRESENTATION_CONTEXT('2D SPACE',''
  ) );
#1291 = PCURVE('',#1258,#1292);
#1292 = DEFINITIONAL_REPRESENTATION('',(#1293),#1302);
#1293 = B_SPLINE_CURVE_WITH_KNOTS('',7,(#1294,#1295,#1296,#1297,#1298,
    #1299,#1300,#1301),.UNSPECIFIED.,.F.,.F.,(8,8),(1.901622867407,
    3.14159265359),.PIECEWISE_BEZIER_KNOTS.);
#1294 = CARTESIAN_POINT('',(5.043215520997,24.072350841565));
#1295 = CARTESIAN_POINT('',(5.22035406188,23.687024805275));
#1296 = CARTESIAN_POINT('',(5.397492602764,23.329048685251));
#1297 = CARTESIAN_POINT('',(5.574631143647,23.018167728253));
#1298 = CARTESIAN_POINT('',(5.75176968453,22.772039311607));
#1299 = CARTESIAN_POINT('',(5.928908225413,22.603646224648));
#1300 = CARTESIAN_POINT('',(6.106046766296,22.519448019648));
#1301 = CARTESIAN_POINT('',(6.28318530718,22.519448019648));
#1302 = ( GEOMETRIC_REPRESENTATION_CONTEXT(2) 
PARAMETRIC_REPRESENTATION_CONTEXT() REPRESENTATION_CONTEXT('2D SPACE',''
  ) );
#1303 = ORIENTED_EDGE('',*,*,#1304,.T.);
#1304 = EDGE_CURVE('',#1276,#1305,#1307,.T.);
#1305 = VERTEX_POINT('',#1306);
#1306 = CARTESIAN_POINT('',(220.40745370421,11.,11.8));
#1307 = SURFACE_CURVE('',#1308,(#1312,#1319),.PCURVE_S1.);
#1308 = LINE('',#1309,#1310);
#1309 = CARTESIAN_POINT('',(0.,11.,11.8));
#1310 = VECTOR('',#1311,1.);
#1311 = DIRECTION('',(1.,0.,0.));
#1312 = PCURVE('',#237,#1313);
#1313 = DEFINITIONAL_REPRESENTATION('',(#1314),#1318);
#1314 = LINE('',#1315,#1316);
#1315 = CARTESIAN_POINT('',(0.,0.));
#1316 = VECTOR('',#1317,1.);
#1317 = DIRECTION('',(0.,-1.));
#1318 = ( GEOMETRIC_REPRESENTATION_CONTEXT(2) 
PARAMETRIC_REPRESENTATION_CONTEXT() REPRESENTATION_CONTEXT('2D SPACE',''
  ) );
#1319 = PCURVE('',#1320,#1325);
#1320 = PLANE('',#1321);
#1321 = AXIS2_PLACEMENT_3D('',#1322,#1323,#1324);
#1322 = CARTESIAN_POINT('',(0.,10.5,10.5));
#1323 = DIRECTION('',(0.,-0.933345606203,0.358979079309));
#1324 = DIRECTION('',(0.,0.358979079309,0.933345606203));
#1325 = DEFINITIONAL_REPRESENTATION('',(#1326),#1330);
#1326 = LINE('',#1327,#1328);
#1327 = CARTESIAN_POINT('',(1.392838827718,0.));
#1328 = VECTOR('',#1329,1.);
#1329 = DIRECTION('',(0.,-1.));
#1330 = ( GEOMETRIC_REPRESENTATION_CONTEXT(2) 
PARAMETRIC_REPRESENTATION_CONTEXT() REPRESENTATION_CONTEXT('2D SPACE',''
  ) );
#1331 = ORIENTED_EDGE('',*,*,#1332,.F.);
#1332 = EDGE_CURVE('',#1333,#1305,#1335,.T.);
#1333 = VERTEX_POINT('',#1334);
#1334 = CARTESIAN_POINT('',(222.5,11.,13.702691193458));
#1335 = SURFACE_CURVE('',#1336,(#1341,#1348),.PCURVE_S1.);
#1336 = ELLIPSE('',#1337,3.252691193458,2.3);
#1337 = AXIS2_PLACEMENT_3D('',#1338,#1339,#1340);
#1338 = CARTESIAN_POINT('',(222.5,11.,10.45));
#1339 = DIRECTION('',(0.,-1.,0.));
#1340 = DIRECTION('',(0.,-0.,-1.));
#1341 = PCURVE('',#237,#1342);
#1342 = DEFINITIONAL_REPRESENTATION('',(#1343),#1347);
#1343 = ELLIPSE('',#1344,3.252691193458,2.3);
#1344 = AXIS2_PLACEMENT_2D('',#1345,#1346);
#1345 = CARTESIAN_POINT('',(-1.35,-222.5));
#1346 = DIRECTION('',(-1.,-0.));
#1347 = ( GEOMETRIC_REPRESENTATION_CONTEXT(2) 
PARAMETRIC_REPRESENTATION_CONTEXT() REPRESENTATION_CONTEXT('2D SPACE',''
  ) );
#1348 = PCURVE('',#1349,#1354);
#1349 = CYLINDRICAL_SURFACE('',#1350,2.3);
#1350 = AXIS2_PLACEMENT_3D('',#1351,#1352,#1353);
#1351 = CARTESIAN_POINT('',(222.5,28.55,28.));
#1352 = DIRECTION('',(-0.,-0.707106781187,-0.707106781187));
#1353 = DIRECTION('',(0.,-0.707106781187,0.707106781187));
#1354 = DEFINITIONAL_REPRESENTATION('',(#1355),#1364);
#1355 = B_SPLINE_CURVE_WITH_KNOTS('',7,(#1356,#1357,#1358,#1359,#1360,
    #1361,#1362,#1363),.UNSPECIFIED.,.F.,.F.,(8,8),(3.14159265359,
    4.381562439772),.PIECEWISE_BEZIER_KNOTS.);
#1356 = CARTESIAN_POINT('',(0.,22.519448019648));
#1357 = CARTESIAN_POINT('',(0.177138540883,22.519448019648));
#1358 = CARTESIAN_POINT('',(0.354277081766,22.603646224651));
#1359 = CARTESIAN_POINT('',(0.531415622649,22.772039311601));
#1360 = CARTESIAN_POINT('',(0.708554163533,23.018167728267));
#1361 = CARTESIAN_POINT('',(0.885692704416,23.329048685248));
#1362 = CARTESIAN_POINT('',(1.062831245299,23.687024805275));
#1363 = CARTESIAN_POINT('',(1.239969786182,24.072350841565));
#1364 = ( GEOMETRIC_REPRESENTATION_CONTEXT(2) 
PARAMETRIC_REPRESENTATION_CONTEXT() REPRESENTATION_CONTEXT('2D SPACE',''
  ) );
#1365 = ORIENTED_EDGE('',*,*,#1366,.F.);
#1366 = EDGE_CURVE('',#1367,#1333,#1369,.T.);
#1367 = VERTEX_POINT('',#1368);
#1368 = CARTESIAN_POINT('',(224.59254629578,11.,11.8));
#1369 = SURFACE_CURVE('',#1370,(#1375,#1382),.PCURVE_S1.);
#1370 = ELLIPSE('',#1371,3.252691193458,2.3);
#1371 = AXIS2_PLACEMENT_3D('',#1372,#1373,#1374);
#1372 = CARTESIAN_POINT('',(222.5,11.,10.45));
#1373 = DIRECTION('',(0.,-1.,0.));
#1374 = DIRECTION('',(0.,-0.,-1.));
#1375 = PCURVE('',#237,#1376);
#1376 = DEFINITIONAL_REPRESENTATION('',(#1377),#1381);
#1377 = ELLIPSE('',#1378,3.252691193458,2.3);
#1378 = AXIS2_PLACEMENT_2D('',#1379,#1380);
#1379 = CARTESIAN_POINT('',(-1.35,-222.5));
#1380 = DIRECTION('',(-1.,-0.));
#1381 = ( GEOMETRIC_REPRESENTATION_CONTEXT(2) 
PARAMETRIC_REPRESENTATION_CONTEXT() REPRESENTATION_CONTEXT('2D SPACE',''
  ) );
#1382 = PCURVE('',#1349,#1383);
#1383 = DEFINITIONAL_REPRESENTATION('',(#1384),#1393);
#1384 = B_SPLINE_CURVE_WITH_KNOTS('',7,(#1385,#1386,#1387,#1388,#1389,
    #1390,#1391,#1392),.UNSPECIFIED.,.F.,.F.,(8,8),(1.901622867407,
    3.14159265359),.PIECEWISE_BEZIER_KNOTS.);
#1385 = CARTESIAN_POINT('',(5.043215520997,24.072350841565));
#1386 = CARTESIAN_POINT('',(5.22035406188,23.687024805275));
#1387 = CARTESIAN_POINT('',(5.397492602764,23.329048685251));
#1388 = CARTESIAN_POINT('',(5.574631143647,23.018167728253));
#1389 = CARTESIAN_POINT('',(5.75176968453,22.772039311607));
#1390 = CARTESIAN_POINT('',(5.928908225413,22.603646224648));
#1391 = CARTESIAN_POINT('',(6.106046766296,22.519448019648));
#1392 = CARTESIAN_POINT('',(6.28318530718,22.519448019648));
#1393 = ( GEOMETRIC_REPRESENTATION_CONTEXT(2) 
PARAMETRIC_REPRESENTATION_CONTEXT() REPRESENTATION_CONTEXT('2D SPACE',''
  ) );
#1394 = ORIENTED_EDGE('',*,*,#1395,.T.);
#1395 = EDGE_CURVE('',#1367,#1396,#1398,.T.);
#1396 = VERTEX_POINT('',#1397);
#1397 = CARTESIAN_POINT('',(240.,11.,11.8));
#1398 = SURFACE_CURVE('',#1399,(#1403,#1410),.PCURVE_S1.);
#1399 = LINE('',#1400,#1401);
#1400 = CARTESIAN_POINT('',(0.,11.,11.8));
#1401 = VECTOR('',#1402,1.);
#1402 = DIRECTION('',(1.,0.,0.));
#1403 = PCURVE('',#237,#1404);
#1404 = DEFINITIONAL_REPRESENTATION('',(#1405),#1409);
#1405 = LINE('',#1406,#1407);
#1406 = CARTESIAN_POINT('',(0.,0.));
#1407 = VECTOR('',#1408,1.);
#1408 = DIRECTION('',(0.,-1.));
#1409 = ( GEOMETRIC_REPRESENTATION_CONTEXT(2) 
PARAMETRIC_REPRESENTATION_CONTEXT() REPRESENTATION_CONTEXT('2D SPACE',''
  ) );
#1410 = PCURVE('',#1411,#1416);
#1411 = PLANE('',#1412);
#1412 = AXIS2_PLACEMENT_3D('',#1413,#1414,#1415);
#1413 = CARTESIAN_POINT('',(0.,10.5,10.5));
#1414 = DIRECTION('',(0.,-0.933345606203,0.358979079309));
#1415 = DIRECTION('',(0.,0.358979079309,0.933345606203));
#1416 = DEFINITIONAL_REPRESENTATION('',(#1417),#1421);
#1417 = LINE('',#1418,#1419);
#1418 = CARTESIAN_POINT('',(1.392838827718,0.));
#1419 = VECTOR('',#1420,1.);
#1420 = DIRECTION('',(0.,-1.));
#1421 = ( GEOMETRIC_REPRESENTATION_CONTEXT(2) 
PARAMETRIC_REPRESENTATION_CONTEXT() REPRESENTATION_CONTEXT('2D SPACE',''
  ) );
#1422 = ORIENTED_EDGE('',*,*,#1423,.T.);
#1423 = EDGE_CURVE('',#1396,#1424,#1426,.T.);
#1424 = VERTEX_POINT('',#1425);
#1425 = CARTESIAN_POINT('',(240.,11.,14.734450383454));
#1426 = SURFACE_CURVE('',#1427,(#1431,#1438),.PCURVE_S1.);
#1427 = LINE('',#1428,#1429);
#1428 = CARTESIAN_POINT('',(240.,11.,11.8));
#1429 = VECTOR('',#1430,1.);
#1430 = DIRECTION('',(0.,0.,1.));
#1431 = PCURVE('',#237,#1432);
#1432 = DEFINITIONAL_REPRESENTATION('',(#1433),#1437);
#1433 = LINE('',#1434,#1435);
#1434 = CARTESIAN_POINT('',(0.,-240.));
#1435 = VECTOR('',#1436,1.);
#1436 = DIRECTION('',(1.,0.));
#1437 = ( GEOMETRIC_REPRESENTATION_CONTEXT(2) 
PARAMETRIC_REPRESENTATION_CONTEXT() REPRESENTATION_CONTEXT('2D SPACE',''
  ) );
#1438 = PCURVE('',#581,#1439);
#1439 = DEFINITIONAL_REPRESENTATION('',(#1440),#1444);
#1440 = LINE('',#1441,#1442);
#1441 = CARTESIAN_POINT('',(4.113342475115,-3.313342475115));
#1442 = VECTOR('',#1443,1.);
#1443 = DIRECTION('',(1.,0.));
#1444 = ( GEOMETRIC_REPRESENTATION_CONTEXT(2) 
PARAMETRIC_REPRESENTATION_CONTEXT() REPRESENTATION_CONTEXT('2D SPACE',''
  ) );
#1445 = ORIENTED_EDGE('',*,*,#1446,.F.);
#1446 = EDGE_CURVE('',#222,#1424,#1447,.T.);
#1447 = SURFACE_CURVE('',#1448,(#1452,#1458),.PCURVE_S1.);
#1448 = LINE('',#1449,#1450);
#1449 = CARTESIAN_POINT('',(0.,11.,14.734450383454));
#1450 = VECTOR('',#1451,1.);
#1451 = DIRECTION('',(1.,0.,0.));
#1452 = PCURVE('',#237,#1453);
#1453 = DEFINITIONAL_REPRESENTATION('',(#1454),#1457);
#1454 = B_SPLINE_CURVE_WITH_KNOTS('',1,(#1455,#1456),.UNSPECIFIED.,.F.,
  .F.,(2,2),(0.,240.),.PIECEWISE_BEZIER_KNOTS.);
#1455 = CARTESIAN_POINT('',(2.934450383454,0.));
#1456 = CARTESIAN_POINT('',(2.934450383454,-240.));
#1457 = ( GEOMETRIC_REPRESENTATION_CONTEXT(2) 
PARAMETRIC_REPRESENTATION_CONTEXT() REPRESENTATION_CONTEXT('2D SPACE',''
  ) );
#1458 = PCURVE('',#1459,#1464);
#1459 = PLANE('',#1460);
#1460 = AXIS2_PLACEMENT_3D('',#1461,#1462,#1463);
#1461 = CARTESIAN_POINT('',(0.,11.133566075453,14.864792057077));
#1462 = DIRECTION('',(0.,0.698415285431,-0.715692733704));
#1463 = DIRECTION('',(0.,-0.715692733704,-0.698415285431));
#1464 = DEFINITIONAL_REPRESENTATION('',(#1465),#1468);
#1465 = B_SPLINE_CURVE_WITH_KNOTS('',1,(#1466,#1467),.UNSPECIFIED.,.F.,
  .F.,(2,2),(0.,240.),.PIECEWISE_BEZIER_KNOTS.);
#1466 = CARTESIAN_POINT('',(0.186624886858,0.));
#1467 = CARTESIAN_POINT('',(0.186624886858,-240.));
#1468 = ( GEOMETRIC_REPRESENTATION_CONTEXT(2) 
PARAMETRIC_REPRESENTATION_CONTEXT() REPRESENTATION_CONTEXT('2D SPACE',''
  ) );
#1469 = ADVANCED_FACE('',(#1470),#153,.F.);
#1470 = FACE_BOUND('',#1471,.F.);
#1471 = EDGE_LOOP('',(#1472,#1473,#1494,#1531));
#1472 = ORIENTED_EDGE('',*,*,#137,.F.);
#1473 = ORIENTED_EDGE('',*,*,#1474,.T.);
#1474 = EDGE_CURVE('',#22,#1475,#1477,.T.);
#1475 = VERTEX_POINT('',#1476);
#1476 = CARTESIAN_POINT('',(17.031344606709,14.734450383454,11.));
#1477 = SURFACE_CURVE('',#1478,(#1482,#1488),.PCURVE_S1.);
#1478 = LINE('',#1479,#1480);
#1479 = CARTESIAN_POINT('',(0.,14.734450383454,11.));
#1480 = VECTOR('',#1481,1.);
#1481 = DIRECTION('',(1.,0.,0.));
#1482 = PCURVE('',#153,#1483);
#1483 = DEFINITIONAL_REPRESENTATION('',(#1484),#1487);
#1484 = B_SPLINE_CURVE_WITH_KNOTS('',1,(#1485,#1486),.UNSPECIFIED.,.F.,
  .F.,(2,2),(0.,240.),.PIECEWISE_BEZIER_KNOTS.);
#1485 = CARTESIAN_POINT('',(0.265549616546,0.));
#1486 = CARTESIAN_POINT('',(0.265549616546,-240.));
#1487 = ( GEOMETRIC_REPRESENTATION_CONTEXT(2) 
PARAMETRIC_REPRESENTATION_CONTEXT() REPRESENTATION_CONTEXT('2D SPACE',''
  ) );
#1488 = PCURVE('',#521,#1489);
#1489 = DEFINITIONAL_REPRESENTATION('',(#1490),#1493);
#1490 = B_SPLINE_CURVE_WITH_KNOTS('',1,(#1491,#1492),.UNSPECIFIED.,.F.,
  .F.,(2,2),(0.,240.),.PIECEWISE_BEZIER_KNOTS.);
#1491 = CARTESIAN_POINT('',(0.186624886858,0.));
#1492 = CARTESIAN_POINT('',(0.186624886858,-240.));
#1493 = ( GEOMETRIC_REPRESENTATION_CONTEXT(2) 
PARAMETRIC_REPRESENTATION_CONTEXT() REPRESENTATION_CONTEXT('2D SPACE',''
  ) );
#1494 = ORIENTED_EDGE('',*,*,#1495,.F.);
#1495 = EDGE_CURVE('',#1496,#1475,#1498,.T.);
#1496 = VERTEX_POINT('',#1497);
#1497 = CARTESIAN_POINT('',(15.206803540906,11.8,11.));
#1498 = SURFACE_CURVE('',#1499,(#1504,#1511),.PCURVE_S1.);
#1499 = ELLIPSE('',#1500,3.252691193458,2.3);
#1500 = AXIS2_PLACEMENT_3D('',#1501,#1502,#1503);
#1501 = CARTESIAN_POINT('',(17.5,11.55,11.));
#1502 = DIRECTION('',(0.,0.,-1.));
#1503 = DIRECTION('',(0.,-1.,-0.));
#1504 = PCURVE('',#153,#1505);
#1505 = DEFINITIONAL_REPRESENTATION('',(#1506),#1510);
#1506 = ELLIPSE('',#1507,3.252691193458,2.3);
#1507 = AXIS2_PLACEMENT_2D('',#1508,#1509);
#1508 = CARTESIAN_POINT('',(3.45,-17.5));
#1509 = DIRECTION('',(1.,0.));
#1510 = ( GEOMETRIC_REPRESENTATION_CONTEXT(2) 
PARAMETRIC_REPRESENTATION_CONTEXT() REPRESENTATION_CONTEXT('2D SPACE',''
  ) );
#1511 = PCURVE('',#712,#1512);
#1512 = DEFINITIONAL_REPRESENTATION('',(#1513),#1530);
#1513 = B_SPLINE_CURVE_WITH_KNOTS('',8,(#1514,#1515,#1516,#1517,#1518,
    #1519,#1520,#1521,#1522,#1523,#1524,#1525,#1526,#1527,#1528,#1529),
  .UNSPECIFIED.,.F.,.F.,(9,7,9),(1.557439285616,3.14159265359,
    4.725746021564),.UNSPECIFIED.);
#1514 = CARTESIAN_POINT('',(1.557439285616,24.072350841566));
#1515 = CARTESIAN_POINT('',(1.755458456612,23.616947375684));
#1516 = CARTESIAN_POINT('',(1.953477627606,23.160167117796));
#1517 = CARTESIAN_POINT('',(2.151496798614,22.729221947957));
#1518 = CARTESIAN_POINT('',(2.349515969587,22.351433134289));
#1519 = CARTESIAN_POINT('',(2.547535140608,22.050841352117));
#1520 = CARTESIAN_POINT('',(2.745554311593,21.844701136004));
#1521 = CARTESIAN_POINT('',(2.943573482593,21.741630560343));
#1522 = CARTESIAN_POINT('',(3.339611824587,21.741630560343));
#1523 = CARTESIAN_POINT('',(3.537630995591,21.84470113604));
#1524 = CARTESIAN_POINT('',(3.735650166538,22.050841352));
#1525 = CARTESIAN_POINT('',(3.933669337628,22.351433134449));
#1526 = CARTESIAN_POINT('',(4.131688508536,22.72922194784));
#1527 = CARTESIAN_POINT('',(4.329707679577,23.160167117818));
#1528 = CARTESIAN_POINT('',(4.527726850567,23.616947375684));
#1529 = CARTESIAN_POINT('',(4.725746021564,24.072350841566));
#1530 = ( GEOMETRIC_REPRESENTATION_CONTEXT(2) 
PARAMETRIC_REPRESENTATION_CONTEXT() REPRESENTATION_CONTEXT('2D SPACE',''
  ) );
#1531 = ORIENTED_EDGE('',*,*,#1532,.F.);
#1532 = EDGE_CURVE('',#138,#1496,#1533,.T.);
#1533 = SURFACE_CURVE('',#1534,(#1538,#1545),.PCURVE_S1.);
#1534 = LINE('',#1535,#1536);
#1535 = CARTESIAN_POINT('',(0.,11.8,11.));
#1536 = VECTOR('',#1537,1.);
#1537 = DIRECTION('',(1.,0.,0.));
#1538 = PCURVE('',#153,#1539);
#1539 = DEFINITIONAL_REPRESENTATION('',(#1540),#1544);
#1540 = LINE('',#1541,#1542);
#1541 = CARTESIAN_POINT('',(3.2,0.));
#1542 = VECTOR('',#1543,1.);
#1543 = DIRECTION('',(0.,-1.));
#1544 = ( GEOMETRIC_REPRESENTATION_CONTEXT(2) 
PARAMETRIC_REPRESENTATION_CONTEXT() REPRESENTATION_CONTEXT('2D SPACE',''
  ) );
#1545 = PCURVE('',#181,#1546);
#1546 = DEFINITIONAL_REPRESENTATION('',(#1547),#1551);
#1547 = LINE('',#1548,#1549);
#1548 = CARTESIAN_POINT('',(0.,0.));
#1549 = VECTOR('',#1550,1.);
#1550 = DIRECTION('',(0.,-1.));
#1551 = ( GEOMETRIC_REPRESENTATION_CONTEXT(2) 
PARAMETRIC_REPRESENTATION_CONTEXT() REPRESENTATION_CONTEXT('2D SPACE',''
  ) );
#1552 = ADVANCED_FACE('',(#1553),#209,.F.);
#1553 = FACE_BOUND('',#1554,.F.);
#1554 = EDGE_LOOP('',(#1555,#1556,#1579,#1604));
#1555 = ORIENTED_EDGE('',*,*,#193,.F.);
#1556 = ORIENTED_EDGE('',*,*,#1557,.T.);
#1557 = EDGE_CURVE('',#166,#1558,#1560,.T.);
#1558 = VERTEX_POINT('',#1559);
#1559 = CARTESIAN_POINT('',(15.233118882694,10.5,10.5));
#1560 = SURFACE_CURVE('',#1561,(#1565,#1572),.PCURVE_S1.);
#1561 = LINE('',#1562,#1563);
#1562 = CARTESIAN_POINT('',(0.,10.5,10.5));
#1563 = VECTOR('',#1564,1.);
#1564 = DIRECTION('',(1.,0.,0.));
#1565 = PCURVE('',#209,#1566);
#1566 = DEFINITIONAL_REPRESENTATION('',(#1567),#1571);
#1567 = LINE('',#1568,#1569);
#1568 = CARTESIAN_POINT('',(0.,0.));
#1569 = VECTOR('',#1570,1.);
#1570 = DIRECTION('',(0.,-1.));
#1571 = ( GEOMETRIC_REPRESENTATION_CONTEXT(2) 
PARAMETRIC_REPRESENTATION_CONTEXT() REPRESENTATION_CONTEXT('2D SPACE',''
  ) );
#1572 = PCURVE('',#181,#1573);
#1573 = DEFINITIONAL_REPRESENTATION('',(#1574),#1578);
#1574 = LINE('',#1575,#1576);
#1575 = CARTESIAN_POINT('',(1.392838827718,0.));
#1576 = VECTOR('',#1577,1.);
#1577 = DIRECTION('',(0.,-1.));
#1578 = ( GEOMETRIC_REPRESENTATION_CONTEXT(2) 
PARAMETRIC_REPRESENTATION_CONTEXT() REPRESENTATION_CONTEXT('2D SPACE',''
  ) );
#1579 = ORIENTED_EDGE('',*,*,#1580,.F.);
#1580 = EDGE_CURVE('',#673,#1558,#1581,.T.);
#1581 = SURFACE_CURVE('',#1582,(#1587,#1594),.PCURVE_S1.);
#1582 = ELLIPSE('',#1583,5.663093236033,2.3);
#1583 = AXIS2_PLACEMENT_3D('',#1584,#1585,#1586);
#1584 = CARTESIAN_POINT('',(17.5,10.15625,9.60625));
#1585 = DIRECTION('',(0.,-0.933345606203,0.358979079309));
#1586 = DIRECTION('',(0.,-0.358979079309,-0.933345606203));
#1587 = PCURVE('',#209,#1588);
#1588 = DEFINITIONAL_REPRESENTATION('',(#1589),#1593);
#1589 = ELLIPSE('',#1590,5.663093236033,2.3);
#1590 = AXIS2_PLACEMENT_2D('',#1591,#1592);
#1591 = CARTESIAN_POINT('',(-0.957576694056,-17.5));
#1592 = DIRECTION('',(-1.,-0.));
#1593 = ( GEOMETRIC_REPRESENTATION_CONTEXT(2) 
PARAMETRIC_REPRESENTATION_CONTEXT() REPRESENTATION_CONTEXT('2D SPACE',''
  ) );
#1594 = PCURVE('',#712,#1595);
#1595 = DEFINITIONAL_REPRESENTATION('',(#1596),#1603);
#1596 = B_SPLINE_CURVE_WITH_KNOTS('',5,(#1597,#1598,#1599,#1600,#1601,
    #1602),.UNSPECIFIED.,.F.,.F.,(6,6),(4.257195662784,4.567385641509),
  .PIECEWISE_BEZIER_KNOTS.);
#1597 = CARTESIAN_POINT('',(1.115603009195,23.737574644432));
#1598 = CARTESIAN_POINT('',(1.17764100494,24.025931038413));
#1599 = CARTESIAN_POINT('',(1.239679000684,24.325232724433));
#1600 = CARTESIAN_POINT('',(1.301716996429,24.633167911677));
#1601 = CARTESIAN_POINT('',(1.363754992174,24.947247912237));
#1602 = CARTESIAN_POINT('',(1.425792987919,25.264925291795));
#1603 = ( GEOMETRIC_REPRESENTATION_CONTEXT(2) 
PARAMETRIC_REPRESENTATION_CONTEXT() REPRESENTATION_CONTEXT('2D SPACE',''
  ) );
#1604 = ORIENTED_EDGE('',*,*,#672,.F.);
#1605 = ADVANCED_FACE('',(#1606),#181,.F.);
#1606 = FACE_BOUND('',#1607,.F.);
#1607 = EDGE_LOOP('',(#1608,#1609,#1610,#1635));
#1608 = ORIENTED_EDGE('',*,*,#165,.F.);
#1609 = ORIENTED_EDGE('',*,*,#1532,.T.);
#1610 = ORIENTED_EDGE('',*,*,#1611,.F.);
#1611 = EDGE_CURVE('',#1558,#1496,#1612,.T.);
#1612 = SURFACE_CURVE('',#1613,(#1618,#1625),.PCURVE_S1.);
#1613 = ELLIPSE('',#1614,5.663093236033,2.3);
#1614 = AXIS2_PLACEMENT_3D('',#1615,#1616,#1617);
#1615 = CARTESIAN_POINT('',(17.5,11.39375,10.84375));
#1616 = DIRECTION('',(0.,0.358979079309,-0.933345606203));
#1617 = DIRECTION('',(0.,-0.933345606203,-0.358979079309));
#1618 = PCURVE('',#181,#1619);
#1619 = DEFINITIONAL_REPRESENTATION('',(#1620),#1624);
#1620 = ELLIPSE('',#1621,5.663093236033,2.3);
#1621 = AXIS2_PLACEMENT_2D('',#1622,#1623);
#1622 = CARTESIAN_POINT('',(0.435262133662,-17.5));
#1623 = DIRECTION('',(1.,0.));
#1624 = ( GEOMETRIC_REPRESENTATION_CONTEXT(2) 
PARAMETRIC_REPRESENTATION_CONTEXT() REPRESENTATION_CONTEXT('2D SPACE',''
  ) );
#1625 = PCURVE('',#712,#1626);
#1626 = DEFINITIONAL_REPRESENTATION('',(#1627),#1634);
#1627 = B_SPLINE_CURVE_WITH_KNOTS('',5,(#1628,#1629,#1630,#1631,#1632,
    #1633),.UNSPECIFIED.,.F.,.F.,(6,6),(1.375878650834,1.672425634341),
  .PIECEWISE_BEZIER_KNOTS.);
#1628 = CARTESIAN_POINT('',(1.375878650834,25.264925291795));
#1629 = CARTESIAN_POINT('',(1.435188047536,24.96381123431));
#1630 = CARTESIAN_POINT('',(1.494497444237,24.658289959881));
#1631 = CARTESIAN_POINT('',(1.553806840938,24.350568085366));
#1632 = CARTESIAN_POINT('',(1.61311623764,24.042917090422));
#1633 = CARTESIAN_POINT('',(1.672425634341,23.737574644432));
#1634 = ( GEOMETRIC_REPRESENTATION_CONTEXT(2) 
PARAMETRIC_REPRESENTATION_CONTEXT() REPRESENTATION_CONTEXT('2D SPACE',''
  ) );
#1635 = ORIENTED_EDGE('',*,*,#1557,.F.);
#1636 = ADVANCED_FACE('',(#1637),#294,.F.);
#1637 = FACE_BOUND('',#1638,.F.);
#1638 = EDGE_LOOP('',(#1639,#1668,#1689,#1690));
#1639 = ORIENTED_EDGE('',*,*,#1640,.F.);
#1640 = EDGE_CURVE('',#1641,#1641,#1643,.T.);
#1641 = VERTEX_POINT('',#1642);
#1642 = CARTESIAN_POINT('',(15.,6.,8.25));
#1643 = SURFACE_CURVE('',#1644,(#1649,#1656),.PCURVE_S1.);
#1644 = CIRCLE('',#1645,2.25);
#1645 = AXIS2_PLACEMENT_3D('',#1646,#1647,#1648);
#1646 = CARTESIAN_POINT('',(15.,6.,6.));
#1647 = DIRECTION('',(1.,0.,0.));
#1648 = DIRECTION('',(-0.,0.,1.));
#1649 = PCURVE('',#294,#1650);
#1650 = DEFINITIONAL_REPRESENTATION('',(#1651),#1655);
#1651 = LINE('',#1652,#1653);
#1652 = CARTESIAN_POINT('',(0.,15.));
#1653 = VECTOR('',#1654,1.);
#1654 = DIRECTION('',(1.,0.));
#1655 = ( GEOMETRIC_REPRESENTATION_CONTEXT(2) 
PARAMETRIC_REPRESENTATION_CONTEXT() REPRESENTATION_CONTEXT('2D SPACE',''
  ) );
#1656 = PCURVE('',#1657,#1662);
#1657 = PLANE('',#1658);
#1658 = AXIS2_PLACEMENT_3D('',#1659,#1660,#1661);
#1659 = CARTESIAN_POINT('',(15.,6.,6.));
#1660 = DIRECTION('',(1.,0.,0.));
#1661 = DIRECTION('',(-0.,0.,1.));
#1662 = DEFINITIONAL_REPRESENTATION('',(#1663),#1667);
#1663 = CIRCLE('',#1664,2.25);
#1664 = AXIS2_PLACEMENT_2D('',#1665,#1666);
#1665 = CARTESIAN_POINT('',(0.,0.));
#1666 = DIRECTION('',(1.,0.));
#1667 = ( GEOMETRIC_REPRESENTATION_CONTEXT(2) 
PARAMETRIC_REPRESENTATION_CONTEXT() REPRESENTATION_CONTEXT('2D SPACE',''
  ) );
#1668 = ORIENTED_EDGE('',*,*,#1669,.F.);
#1669 = EDGE_CURVE('',#278,#1641,#1670,.T.);
#1670 = SEAM_CURVE('',#1671,(#1675,#1682),.PCURVE_S1.);
#1671 = LINE('',#1672,#1673);
#1672 = CARTESIAN_POINT('',(0.,6.,8.25));
#1673 = VECTOR('',#1674,1.);
#1674 = DIRECTION('',(1.,0.,0.));
#1675 = PCURVE('',#294,#1676);
#1676 = DEFINITIONAL_REPRESENTATION('',(#1677),#1681);
#1677 = LINE('',#1678,#1679);
#1678 = CARTESIAN_POINT('',(6.28318530718,-0.));
#1679 = VECTOR('',#1680,1.);
#1680 = DIRECTION('',(0.,1.));
#1681 = ( GEOMETRIC_REPRESENTATION_CONTEXT(2) 
PARAMETRIC_REPRESENTATION_CONTEXT() REPRESENTATION_CONTEXT('2D SPACE',''
  ) );
#1682 = PCURVE('',#294,#1683);
#1683 = DEFINITIONAL_REPRESENTATION('',(#1684),#1688);
#1684 = LINE('',#1685,#1686);
#1685 = CARTESIAN_POINT('',(0.,-0.));
#1686 = VECTOR('',#1687,1.);
#1687 = DIRECTION('',(0.,1.));
#1688 = ( GEOMETRIC_REPRESENTATION_CONTEXT(2) 
PARAMETRIC_REPRESENTATION_CONTEXT() REPRESENTATION_CONTEXT('2D SPACE',''
  ) );
#1689 = ORIENTED_EDGE('',*,*,#277,.T.);
#1690 = ORIENTED_EDGE('',*,*,#1669,.T.);
#1691 = ADVANCED_FACE('',(#1692),#521,.F.);
#1692 = FACE_BOUND('',#1693,.F.);
#1693 = EDGE_LOOP('',(#1694,#1695,#1718,#1743));
#1694 = ORIENTED_EDGE('',*,*,#507,.F.);
#1695 = ORIENTED_EDGE('',*,*,#1696,.T.);
#1696 = EDGE_CURVE('',#480,#1697,#1699,.T.);
#1697 = VERTEX_POINT('',#1698);
#1698 = CARTESIAN_POINT('',(17.020520462461,14.864792057077,
    11.133566075453));
#1699 = SURFACE_CURVE('',#1700,(#1704,#1711),.PCURVE_S1.);
#1700 = LINE('',#1701,#1702);
#1701 = CARTESIAN_POINT('',(0.,14.864792057077,11.133566075453));
#1702 = VECTOR('',#1703,1.);
#1703 = DIRECTION('',(1.,0.,0.));
#1704 = PCURVE('',#521,#1705);
#1705 = DEFINITIONAL_REPRESENTATION('',(#1706),#1710);
#1706 = LINE('',#1707,#1708);
#1707 = CARTESIAN_POINT('',(0.,0.));
#1708 = VECTOR('',#1709,1.);
#1709 = DIRECTION('',(0.,-1.));
#1710 = ( GEOMETRIC_REPRESENTATION_CONTEXT(2) 
PARAMETRIC_REPRESENTATION_CONTEXT() REPRESENTATION_CONTEXT('2D SPACE',''
  ) );
#1711 = PCURVE('',#495,#1712);
#1712 = DEFINITIONAL_REPRESENTATION('',(#1713),#1717);
#1713 = LINE('',#1714,#1715);
#1714 = CARTESIAN_POINT('',(13.55,0.));
#1715 = VECTOR('',#1716,1.);
#1716 = DIRECTION('',(0.,-1.));
#1717 = ( GEOMETRIC_REPRESENTATION_CONTEXT(2) 
PARAMETRIC_REPRESENTATION_CONTEXT() REPRESENTATION_CONTEXT('2D SPACE',''
  ) );
#1718 = ORIENTED_EDGE('',*,*,#1719,.F.);
#1719 = EDGE_CURVE('',#1475,#1697,#1720,.T.);
#1720 = SURFACE_CURVE('',#1721,(#1726,#1733),.PCURVE_S1.);
#1721 = ELLIPSE('',#1722,188.26224463898,2.3);
#1722 = AXIS2_PLACEMENT_3D('',#1723,#1724,#1725);
#1723 = CARTESIAN_POINT('',(17.5,143.4611459228,142.9111459228));
#1724 = DIRECTION('',(0.,0.715692733704,-0.698415285431));
#1725 = DIRECTION('',(0.,-0.698415285431,-0.715692733704));
#1726 = PCURVE('',#521,#1727);
#1727 = DEFINITIONAL_REPRESENTATION('',(#1728),#1732);
#1728 = ELLIPSE('',#1729,188.26224463898,2.3);
#1729 = AXIS2_PLACEMENT_2D('',#1730,#1731);
#1730 = CARTESIAN_POINT('',(-184.1259155523,-17.5));
#1731 = DIRECTION('',(1.,0.));
#1732 = ( GEOMETRIC_REPRESENTATION_CONTEXT(2) 
PARAMETRIC_REPRESENTATION_CONTEXT() REPRESENTATION_CONTEXT('2D SPACE',''
  ) );
#1733 = PCURVE('',#712,#1734);
#1734 = DEFINITIONAL_REPRESENTATION('',(#1735),#1742);
#1735 = B_SPLINE_CURVE_WITH_KNOTS('',5,(#1736,#1737,#1738,#1739,#1740,
    #1741),.UNSPECIFIED.,.F.,.F.,(6,6),(0.204713184367,0.210484662545),
  .PIECEWISE_BEZIER_KNOTS.);
#1736 = CARTESIAN_POINT('',(2.936879469223,21.808545195749));
#1737 = CARTESIAN_POINT('',(2.935725173587,21.76437227934));
#1738 = CARTESIAN_POINT('',(2.934570877951,21.719892382589));
#1739 = CARTESIAN_POINT('',(2.933416582316,21.675105628114));
#1740 = CARTESIAN_POINT('',(2.93226228668,21.630012140234));
#1741 = CARTESIAN_POINT('',(2.931107991044,21.584612044973));
#1742 = ( GEOMETRIC_REPRESENTATION_CONTEXT(2) 
PARAMETRIC_REPRESENTATION_CONTEXT() REPRESENTATION_CONTEXT('2D SPACE',''
  ) );
#1743 = ORIENTED_EDGE('',*,*,#1474,.F.);
#1744 = ADVANCED_FACE('',(#1745),#495,.F.);
#1745 = FACE_BOUND('',#1746,.F.);
#1746 = EDGE_LOOP('',(#1747,#1748,#1771,#1799,#1827,#1857,#1885,#1915,
    #1943,#1973,#2001,#2031,#2059,#2089,#2117,#2147,#2175,#2205,#2233,
    #2261));
#1747 = ORIENTED_EDGE('',*,*,#479,.F.);
#1748 = ORIENTED_EDGE('',*,*,#1749,.T.);
#1749 = EDGE_CURVE('',#452,#1750,#1752,.T.);
#1750 = VERTEX_POINT('',#1751);
#1751 = CARTESIAN_POINT('',(240.,28.413780815976,11.29910643677));
#1752 = SURFACE_CURVE('',#1753,(#1757,#1764),.PCURVE_S1.);
#1753 = LINE('',#1754,#1755);
#1754 = CARTESIAN_POINT('',(0.,28.413780815976,11.29910643677));
#1755 = VECTOR('',#1756,1.);
#1756 = DIRECTION('',(1.,0.,0.));
#1757 = PCURVE('',#495,#1758);
#1758 = DEFINITIONAL_REPRESENTATION('',(#1759),#1763);
#1759 = LINE('',#1760,#1761);
#1760 = CARTESIAN_POINT('',(0.,0.));
#1761 = VECTOR('',#1762,1.);
#1762 = DIRECTION('',(0.,-1.));
#1763 = ( GEOMETRIC_REPRESENTATION_CONTEXT(2) 
PARAMETRIC_REPRESENTATION_CONTEXT() REPRESENTATION_CONTEXT('2D SPACE',''
  ) );
#1764 = PCURVE('',#467,#1765);
#1765 = DEFINITIONAL_REPRESENTATION('',(#1766),#1770);
#1766 = LINE('',#1767,#1768);
#1767 = CARTESIAN_POINT('',(5.25,0.));
#1768 = VECTOR('',#1769,1.);
#1769 = DIRECTION('',(0.,-1.));
#1770 = ( GEOMETRIC_REPRESENTATION_CONTEXT(2) 
PARAMETRIC_REPRESENTATION_CONTEXT() REPRESENTATION_CONTEXT('2D SPACE',''
  ) );
#1771 = ORIENTED_EDGE('',*,*,#1772,.T.);
#1772 = EDGE_CURVE('',#1750,#1773,#1775,.T.);
#1773 = VERTEX_POINT('',#1774);
#1774 = CARTESIAN_POINT('',(240.,14.864792057077,11.133566075453));
#1775 = SURFACE_CURVE('',#1776,(#1780,#1787),.PCURVE_S1.);
#1776 = LINE('',#1777,#1778);
#1777 = CARTESIAN_POINT('',(240.,28.413780815976,11.29910643677));
#1778 = VECTOR('',#1779,1.);
#1779 = DIRECTION('',(0.,-0.99992536966,-1.221700083525E-02));
#1780 = PCURVE('',#495,#1781);
#1781 = DEFINITIONAL_REPRESENTATION('',(#1782),#1786);
#1782 = LINE('',#1783,#1784);
#1783 = CARTESIAN_POINT('',(0.,-240.));
#1784 = VECTOR('',#1785,1.);
#1785 = DIRECTION('',(1.,0.));
#1786 = ( GEOMETRIC_REPRESENTATION_CONTEXT(2) 
PARAMETRIC_REPRESENTATION_CONTEXT() REPRESENTATION_CONTEXT('2D SPACE',''
  ) );
#1787 = PCURVE('',#1788,#1793);
#1788 = PLANE('',#1789);
#1789 = AXIS2_PLACEMENT_3D('',#1790,#1791,#1792);
#1790 = CARTESIAN_POINT('',(240.,18.901215285125,4.761031356039));
#1791 = DIRECTION('',(1.,0.,0.));
#1792 = DIRECTION('',(0.,-1.221700083525E-02,0.99992536966));
#1793 = DEFINITIONAL_REPRESENTATION('',(#1794),#1798);
#1794 = LINE('',#1795,#1796);
#1795 = CARTESIAN_POINT('',(6.421372120932,-9.591731273578));
#1796 = VECTOR('',#1797,1.);
#1797 = DIRECTION('',(0.,1.));
#1798 = ( GEOMETRIC_REPRESENTATION_CONTEXT(2) 
PARAMETRIC_REPRESENTATION_CONTEXT() REPRESENTATION_CONTEXT('2D SPACE',''
  ) );
#1799 = ORIENTED_EDGE('',*,*,#1800,.F.);
#1800 = EDGE_CURVE('',#1801,#1773,#1803,.T.);
#1801 = VERTEX_POINT('',#1802);
#1802 = CARTESIAN_POINT('',(222.97947953752,14.864792057077,
    11.133566075453));
#1803 = SURFACE_CURVE('',#1804,(#1808,#1815),.PCURVE_S1.);
#1804 = LINE('',#1805,#1806);
#1805 = CARTESIAN_POINT('',(0.,14.864792057077,11.133566075453));
#1806 = VECTOR('',#1807,1.);
#1807 = DIRECTION('',(1.,0.,0.));
#1808 = PCURVE('',#495,#1809);
#1809 = DEFINITIONAL_REPRESENTATION('',(#1810),#1814);
#1810 = LINE('',#1811,#1812);
#1811 = CARTESIAN_POINT('',(13.55,0.));
#1812 = VECTOR('',#1813,1.);
#1813 = DIRECTION('',(0.,-1.));
#1814 = ( GEOMETRIC_REPRESENTATION_CONTEXT(2) 
PARAMETRIC_REPRESENTATION_CONTEXT() REPRESENTATION_CONTEXT('2D SPACE',''
  ) );
#1815 = PCURVE('',#1816,#1821);
#1816 = PLANE('',#1817);
#1817 = AXIS2_PLACEMENT_3D('',#1818,#1819,#1820);
#1818 = CARTESIAN_POINT('',(0.,14.864792057077,11.133566075453));
#1819 = DIRECTION('',(0.,0.715692733704,-0.698415285431));
#1820 = DIRECTION('',(0.,-0.698415285431,-0.715692733704));
#1821 = DEFINITIONAL_REPRESENTATION('',(#1822),#1826);
#1822 = LINE('',#1823,#1824);
#1823 = CARTESIAN_POINT('',(0.,0.));
#1824 = VECTOR('',#1825,1.);
#1825 = DIRECTION('',(0.,-1.));
#1826 = ( GEOMETRIC_REPRESENTATION_CONTEXT(2) 
PARAMETRIC_REPRESENTATION_CONTEXT() REPRESENTATION_CONTEXT('2D SPACE',''
  ) );
#1827 = ORIENTED_EDGE('',*,*,#1828,.F.);
#1828 = EDGE_CURVE('',#1829,#1801,#1831,.T.);
#1829 = VERTEX_POINT('',#1830);
#1830 = CARTESIAN_POINT('',(222.02052046247,14.864792057077,
    11.133566075453));
#1831 = SURFACE_CURVE('',#1832,(#1837,#1844),.PCURVE_S1.);
#1832 = ELLIPSE('',#1833,3.293169619821,2.3);
#1833 = AXIS2_PLACEMENT_3D('',#1834,#1835,#1836);
#1834 = CARTESIAN_POINT('',(222.5,11.644217375268,11.094217375268));
#1835 = DIRECTION('',(0.,1.221700083525E-02,-0.99992536966));
#1836 = DIRECTION('',(0.,-0.99992536966,-1.221700083525E-02));
#1837 = PCURVE('',#495,#1838);
#1838 = DEFINITIONAL_REPRESENTATION('',(#1839),#1843);
#1839 = ELLIPSE('',#1840,3.293169619821,2.3);
#1840 = AXIS2_PLACEMENT_2D('',#1841,#1842);
#1841 = CARTESIAN_POINT('',(16.77081505233,-222.5));
#1842 = DIRECTION('',(1.,0.));
#1843 = ( GEOMETRIC_REPRESENTATION_CONTEXT(2) 
PARAMETRIC_REPRESENTATION_CONTEXT() REPRESENTATION_CONTEXT('2D SPACE',''
  ) );
#1844 = PCURVE('',#1349,#1845);
#1845 = DEFINITIONAL_REPRESENTATION('',(#1846),#1856);
#1846 = B_SPLINE_CURVE_WITH_KNOTS('',8,(#1847,#1848,#1849,#1850,#1851,
    #1852,#1853,#1854,#1855),.UNSPECIFIED.,.F.,.F.,(9,9),(2.173135095712
    ,4.110050211467),.PIECEWISE_BEZIER_KNOTS.);
#1847 = CARTESIAN_POINT('',(2.173135095712,22.573036795041));
#1848 = CARTESIAN_POINT('',(2.415249485182,22.102823112112));
#1849 = CARTESIAN_POINT('',(2.657363874645,21.722069255909));
#1850 = CARTESIAN_POINT('',(2.899478264137,21.472777674011));
#1851 = CARTESIAN_POINT('',(3.141592653554,21.38575846047));
#1852 = CARTESIAN_POINT('',(3.383707043078,21.472777674076));
#1853 = CARTESIAN_POINT('',(3.625821432524,21.722069255917));
#1854 = CARTESIAN_POINT('',(3.867935821998,22.102823112112));
#1855 = CARTESIAN_POINT('',(4.110050211467,22.573036795041));
#1856 = ( GEOMETRIC_REPRESENTATION_CONTEXT(2) 
PARAMETRIC_REPRESENTATION_CONTEXT() REPRESENTATION_CONTEXT('2D SPACE',''
  ) );
#1857 = ORIENTED_EDGE('',*,*,#1858,.F.);
#1858 = EDGE_CURVE('',#1859,#1829,#1861,.T.);
#1859 = VERTEX_POINT('',#1860);
#1860 = CARTESIAN_POINT('',(210.47947953752,14.864792057077,
    11.133566075453));
#1861 = SURFACE_CURVE('',#1862,(#1866,#1873),.PCURVE_S1.);
#1862 = LINE('',#1863,#1864);
#1863 = CARTESIAN_POINT('',(0.,14.864792057077,11.133566075453));
#1864 = VECTOR('',#1865,1.);
#1865 = DIRECTION('',(1.,0.,0.));
#1866 = PCURVE('',#495,#1867);
#1867 = DEFINITIONAL_REPRESENTATION('',(#1868),#1872);
#1868 = LINE('',#1869,#1870);
#1869 = CARTESIAN_POINT('',(13.55,0.));
#1870 = VECTOR('',#1871,1.);
#1871 = DIRECTION('',(0.,-1.));
#1872 = ( GEOMETRIC_REPRESENTATION_CONTEXT(2) 
PARAMETRIC_REPRESENTATION_CONTEXT() REPRESENTATION_CONTEXT('2D SPACE',''
  ) );
#1873 = PCURVE('',#1874,#1879);
#1874 = PLANE('',#1875);
#1875 = AXIS2_PLACEMENT_3D('',#1876,#1877,#1878);
#1876 = CARTESIAN_POINT('',(0.,14.864792057077,11.133566075453));
#1877 = DIRECTION('',(0.,0.715692733704,-0.698415285431));
#1878 = DIRECTION('',(0.,-0.698415285431,-0.715692733704));
#1879 = DEFINITIONAL_REPRESENTATION('',(#1880),#1884);
#1880 = LINE('',#1881,#1882);
#1881 = CARTESIAN_POINT('',(0.,0.));
#1882 = VECTOR('',#1883,1.);
#1883 = DIRECTION('',(0.,-1.));
#1884 = ( GEOMETRIC_REPRESENTATION_CONTEXT(2) 
PARAMETRIC_REPRESENTATION_CONTEXT() REPRESENTATION_CONTEXT('2D SPACE',''
  ) );
#1885 = ORIENTED_EDGE('',*,*,#1886,.F.);
#1886 = EDGE_CURVE('',#1887,#1859,#1889,.T.);
#1887 = VERTEX_POINT('',#1888);
#1888 = CARTESIAN_POINT('',(209.52052046247,14.864792057077,
    11.133566075453));
#1889 = SURFACE_CURVE('',#1890,(#1895,#1902),.PCURVE_S1.);
#1890 = ELLIPSE('',#1891,3.293169619821,2.3);
#1891 = AXIS2_PLACEMENT_3D('',#1892,#1893,#1894);
#1892 = CARTESIAN_POINT('',(210.,11.644217375268,11.094217375268));
#1893 = DIRECTION('',(0.,1.221700083525E-02,-0.99992536966));
#1894 = DIRECTION('',(0.,-0.99992536966,-1.221700083525E-02));
#1895 = PCURVE('',#495,#1896);
#1896 = DEFINITIONAL_REPRESENTATION('',(#1897),#1901);
#1897 = ELLIPSE('',#1898,3.293169619821,2.3);
#1898 = AXIS2_PLACEMENT_2D('',#1899,#1900);
#1899 = CARTESIAN_POINT('',(16.77081505233,-210.));
#1900 = DIRECTION('',(1.,0.));
#1901 = ( GEOMETRIC_REPRESENTATION_CONTEXT(2) 
PARAMETRIC_REPRESENTATION_CONTEXT() REPRESENTATION_CONTEXT('2D SPACE',''
  ) );
#1902 = PCURVE('',#1258,#1903);
#1903 = DEFINITIONAL_REPRESENTATION('',(#1904),#1914);
#1904 = B_SPLINE_CURVE_WITH_KNOTS('',8,(#1905,#1906,#1907,#1908,#1909,
    #1910,#1911,#1912,#1913),.UNSPECIFIED.,.F.,.F.,(9,9),(2.173135095712
    ,4.110050211467),.PIECEWISE_BEZIER_KNOTS.);
#1905 = CARTESIAN_POINT('',(2.173135095712,22.573036795041));
#1906 = CARTESIAN_POINT('',(2.415249485182,22.102823112112));
#1907 = CARTESIAN_POINT('',(2.657363874645,21.722069255909));
#1908 = CARTESIAN_POINT('',(2.899478264137,21.472777674011));
#1909 = CARTESIAN_POINT('',(3.141592653554,21.38575846047));
#1910 = CARTESIAN_POINT('',(3.383707043078,21.472777674076));
#1911 = CARTESIAN_POINT('',(3.625821432524,21.722069255917));
#1912 = CARTESIAN_POINT('',(3.867935821998,22.102823112112));
#1913 = CARTESIAN_POINT('',(4.110050211467,22.573036795041));
#1914 = ( GEOMETRIC_REPRESENTATION_CONTEXT(2) 
PARAMETRIC_REPRESENTATION_CONTEXT() REPRESENTATION_CONTEXT('2D SPACE',''
  ) );
#1915 = ORIENTED_EDGE('',*,*,#1916,.F.);
#1916 = EDGE_CURVE('',#1917,#1887,#1919,.T.);
#1917 = VERTEX_POINT('',#1918);
#1918 = CARTESIAN_POINT('',(187.97947953752,14.864792057077,
    11.133566075453));
#1919 = SURFACE_CURVE('',#1920,(#1924,#1931),.PCURVE_S1.);
#1920 = LINE('',#1921,#1922);
#1921 = CARTESIAN_POINT('',(0.,14.864792057077,11.133566075453));
#1922 = VECTOR('',#1923,1.);
#1923 = DIRECTION('',(1.,0.,0.));
#1924 = PCURVE('',#495,#1925);
#1925 = DEFINITIONAL_REPRESENTATION('',(#1926),#1930);
#1926 = LINE('',#1927,#1928);
#1927 = CARTESIAN_POINT('',(13.55,0.));
#1928 = VECTOR('',#1929,1.);
#1929 = DIRECTION('',(0.,-1.));
#1930 = ( GEOMETRIC_REPRESENTATION_CONTEXT(2) 
PARAMETRIC_REPRESENTATION_CONTEXT() REPRESENTATION_CONTEXT('2D SPACE',''
  ) );
#1931 = PCURVE('',#1932,#1937);
#1932 = PLANE('',#1933);
#1933 = AXIS2_PLACEMENT_3D('',#1934,#1935,#1936);
#1934 = CARTESIAN_POINT('',(0.,14.864792057077,11.133566075453));
#1935 = DIRECTION('',(0.,0.715692733704,-0.698415285431));
#1936 = DIRECTION('',(0.,-0.698415285431,-0.715692733704));
#1937 = DEFINITIONAL_REPRESENTATION('',(#1938),#1942);
#1938 = LINE('',#1939,#1940);
#1939 = CARTESIAN_POINT('',(0.,0.));
#1940 = VECTOR('',#1941,1.);
#1941 = DIRECTION('',(0.,-1.));
#1942 = ( GEOMETRIC_REPRESENTATION_CONTEXT(2) 
PARAMETRIC_REPRESENTATION_CONTEXT() REPRESENTATION_CONTEXT('2D SPACE',''
  ) );
#1943 = ORIENTED_EDGE('',*,*,#1944,.F.);
#1944 = EDGE_CURVE('',#1945,#1917,#1947,.T.);
#1945 = VERTEX_POINT('',#1946);
#1946 = CARTESIAN_POINT('',(187.02052046247,14.864792057077,
    11.133566075453));
#1947 = SURFACE_CURVE('',#1948,(#1953,#1960),.PCURVE_S1.);
#1948 = ELLIPSE('',#1949,3.293169619821,2.3);
#1949 = AXIS2_PLACEMENT_3D('',#1950,#1951,#1952);
#1950 = CARTESIAN_POINT('',(187.5,11.644217375268,11.094217375268));
#1951 = DIRECTION('',(0.,1.221700083525E-02,-0.99992536966));
#1952 = DIRECTION('',(0.,-0.99992536966,-1.221700083525E-02));
#1953 = PCURVE('',#495,#1954);
#1954 = DEFINITIONAL_REPRESENTATION('',(#1955),#1959);
#1955 = ELLIPSE('',#1956,3.293169619821,2.3);
#1956 = AXIS2_PLACEMENT_2D('',#1957,#1958);
#1957 = CARTESIAN_POINT('',(16.77081505233,-187.5));
#1958 = DIRECTION('',(1.,0.));
#1959 = ( GEOMETRIC_REPRESENTATION_CONTEXT(2) 
PARAMETRIC_REPRESENTATION_CONTEXT() REPRESENTATION_CONTEXT('2D SPACE',''
  ) );
#1960 = PCURVE('',#1167,#1961);
#1961 = DEFINITIONAL_REPRESENTATION('',(#1962),#1972);
#1962 = B_SPLINE_CURVE_WITH_KNOTS('',8,(#1963,#1964,#1965,#1966,#1967,
    #1968,#1969,#1970,#1971),.UNSPECIFIED.,.F.,.F.,(9,9),(2.173135095712
    ,4.110050211467),.PIECEWISE_BEZIER_KNOTS.);
#1963 = CARTESIAN_POINT('',(2.173135095712,22.573036795041));
#1964 = CARTESIAN_POINT('',(2.415249485182,22.102823112112));
#1965 = CARTESIAN_POINT('',(2.657363874645,21.722069255909));
#1966 = CARTESIAN_POINT('',(2.899478264137,21.472777674011));
#1967 = CARTESIAN_POINT('',(3.141592653554,21.38575846047));
#1968 = CARTESIAN_POINT('',(3.383707043078,21.472777674076));
#1969 = CARTESIAN_POINT('',(3.625821432524,21.722069255917));
#1970 = CARTESIAN_POINT('',(3.867935821998,22.102823112112));
#1971 = CARTESIAN_POINT('',(4.110050211467,22.573036795041));
#1972 = ( GEOMETRIC_REPRESENTATION_CONTEXT(2) 
PARAMETRIC_REPRESENTATION_CONTEXT() REPRESENTATION_CONTEXT('2D SPACE',''
  ) );
#1973 = ORIENTED_EDGE('',*,*,#1974,.F.);
#1974 = EDGE_CURVE('',#1975,#1945,#1977,.T.);
#1975 = VERTEX_POINT('',#1976);
#1976 = CARTESIAN_POINT('',(137.97947953754,14.864792057077,
    11.133566075453));
#1977 = SURFACE_CURVE('',#1978,(#1982,#1989),.PCURVE_S1.);
#1978 = LINE('',#1979,#1980);
#1979 = CARTESIAN_POINT('',(0.,14.864792057077,11.133566075453));
#1980 = VECTOR('',#1981,1.);
#1981 = DIRECTION('',(1.,0.,0.));
#1982 = PCURVE('',#495,#1983);
#1983 = DEFINITIONAL_REPRESENTATION('',(#1984),#1988);
#1984 = LINE('',#1985,#1986);
#1985 = CARTESIAN_POINT('',(13.55,0.));
#1986 = VECTOR('',#1987,1.);
#1987 = DIRECTION('',(0.,-1.));
#1988 = ( GEOMETRIC_REPRESENTATION_CONTEXT(2) 
PARAMETRIC_REPRESENTATION_CONTEXT() REPRESENTATION_CONTEXT('2D SPACE',''
  ) );
#1989 = PCURVE('',#1990,#1995);
#1990 = PLANE('',#1991);
#1991 = AXIS2_PLACEMENT_3D('',#1992,#1993,#1994);
#1992 = CARTESIAN_POINT('',(0.,14.864792057077,11.133566075453));
#1993 = DIRECTION('',(0.,0.715692733704,-0.698415285431));
#1994 = DIRECTION('',(0.,-0.698415285431,-0.715692733704));
#1995 = DEFINITIONAL_REPRESENTATION('',(#1996),#2000);
#1996 = LINE('',#1997,#1998);
#1997 = CARTESIAN_POINT('',(0.,0.));
#1998 = VECTOR('',#1999,1.);
#1999 = DIRECTION('',(0.,-1.));
#2000 = ( GEOMETRIC_REPRESENTATION_CONTEXT(2) 
PARAMETRIC_REPRESENTATION_CONTEXT() REPRESENTATION_CONTEXT('2D SPACE',''
  ) );
#2001 = ORIENTED_EDGE('',*,*,#2002,.F.);
#2002 = EDGE_CURVE('',#2003,#1975,#2005,.T.);
#2003 = VERTEX_POINT('',#2004);
#2004 = CARTESIAN_POINT('',(137.02052046245,14.864792057077,
    11.133566075453));
#2005 = SURFACE_CURVE('',#2006,(#2011,#2018),.PCURVE_S1.);
#2006 = ELLIPSE('',#2007,3.293169619821,2.3);
#2007 = AXIS2_PLACEMENT_3D('',#2008,#2009,#2010);
#2008 = CARTESIAN_POINT('',(137.5,11.644217375268,11.094217375268));
#2009 = DIRECTION('',(0.,1.221700083525E-02,-0.99992536966));
#2010 = DIRECTION('',(0.,-0.99992536966,-1.221700083525E-02));
#2011 = PCURVE('',#495,#2012);
#2012 = DEFINITIONAL_REPRESENTATION('',(#2013),#2017);
#2013 = ELLIPSE('',#2014,3.293169619821,2.3);
#2014 = AXIS2_PLACEMENT_2D('',#2015,#2016);
#2015 = CARTESIAN_POINT('',(16.77081505233,-137.5));
#2016 = DIRECTION('',(1.,0.));
#2017 = ( GEOMETRIC_REPRESENTATION_CONTEXT(2) 
PARAMETRIC_REPRESENTATION_CONTEXT() REPRESENTATION_CONTEXT('2D SPACE',''
  ) );
#2018 = PCURVE('',#1076,#2019);
#2019 = DEFINITIONAL_REPRESENTATION('',(#2020),#2030);
#2020 = B_SPLINE_CURVE_WITH_KNOTS('',8,(#2021,#2022,#2023,#2024,#2025,
    #2026,#2027,#2028,#2029),.UNSPECIFIED.,.F.,.F.,(9,9),(2.173135095713
    ,4.110050211467),.PIECEWISE_BEZIER_KNOTS.);
#2021 = CARTESIAN_POINT('',(2.173135095713,22.57303679504));
#2022 = CARTESIAN_POINT('',(2.415249485182,22.102823112111));
#2023 = CARTESIAN_POINT('',(2.657363874649,21.722069255928));
#2024 = CARTESIAN_POINT('',(2.899478264113,21.472777673989));
#2025 = CARTESIAN_POINT('',(3.141592653586,21.385758460572));
#2026 = CARTESIAN_POINT('',(3.383707043047,21.472777674004));
#2027 = CARTESIAN_POINT('',(3.625821432528,21.722069255928));
#2028 = CARTESIAN_POINT('',(3.867935821997,22.102823112111));
#2029 = CARTESIAN_POINT('',(4.110050211467,22.57303679504));
#2030 = ( GEOMETRIC_REPRESENTATION_CONTEXT(2) 
PARAMETRIC_REPRESENTATION_CONTEXT() REPRESENTATION_CONTEXT('2D SPACE',''
  ) );
#2031 = ORIENTED_EDGE('',*,*,#2032,.F.);
#2032 = EDGE_CURVE('',#2033,#2003,#2035,.T.);
#2033 = VERTEX_POINT('',#2034);
#2034 = CARTESIAN_POINT('',(102.97947953753,14.864792057077,
    11.133566075453));
#2035 = SURFACE_CURVE('',#2036,(#2040,#2047),.PCURVE_S1.);
#2036 = LINE('',#2037,#2038);
#2037 = CARTESIAN_POINT('',(0.,14.864792057077,11.133566075453));
#2038 = VECTOR('',#2039,1.);
#2039 = DIRECTION('',(1.,0.,0.));
#2040 = PCURVE('',#495,#2041);
#2041 = DEFINITIONAL_REPRESENTATION('',(#2042),#2046);
#2042 = LINE('',#2043,#2044);
#2043 = CARTESIAN_POINT('',(13.55,0.));
#2044 = VECTOR('',#2045,1.);
#2045 = DIRECTION('',(0.,-1.));
#2046 = ( GEOMETRIC_REPRESENTATION_CONTEXT(2) 
PARAMETRIC_REPRESENTATION_CONTEXT() REPRESENTATION_CONTEXT('2D SPACE',''
  ) );
#2047 = PCURVE('',#2048,#2053);
#2048 = PLANE('',#2049);
#2049 = AXIS2_PLACEMENT_3D('',#2050,#2051,#2052);
#2050 = CARTESIAN_POINT('',(0.,14.864792057077,11.133566075453));
#2051 = DIRECTION('',(0.,0.715692733704,-0.698415285431));
#2052 = DIRECTION('',(0.,-0.698415285431,-0.715692733704));
#2053 = DEFINITIONAL_REPRESENTATION('',(#2054),#2058);
#2054 = LINE('',#2055,#2056);
#2055 = CARTESIAN_POINT('',(0.,0.));
#2056 = VECTOR('',#2057,1.);
#2057 = DIRECTION('',(0.,-1.));
#2058 = ( GEOMETRIC_REPRESENTATION_CONTEXT(2) 
PARAMETRIC_REPRESENTATION_CONTEXT() REPRESENTATION_CONTEXT('2D SPACE',''
  ) );
#2059 = ORIENTED_EDGE('',*,*,#2060,.F.);
#2060 = EDGE_CURVE('',#2061,#2033,#2063,.T.);
#2061 = VERTEX_POINT('',#2062);
#2062 = CARTESIAN_POINT('',(102.02052046246,14.864792057077,
    11.133566075453));
#2063 = SURFACE_CURVE('',#2064,(#2069,#2076),.PCURVE_S1.);
#2064 = ELLIPSE('',#2065,3.293169619821,2.3);
#2065 = AXIS2_PLACEMENT_3D('',#2066,#2067,#2068);
#2066 = CARTESIAN_POINT('',(102.5,11.644217375268,11.094217375268));
#2067 = DIRECTION('',(0.,1.221700083525E-02,-0.99992536966));
#2068 = DIRECTION('',(0.,-0.99992536966,-1.221700083525E-02));
#2069 = PCURVE('',#495,#2070);
#2070 = DEFINITIONAL_REPRESENTATION('',(#2071),#2075);
#2071 = ELLIPSE('',#2072,3.293169619821,2.3);
#2072 = AXIS2_PLACEMENT_2D('',#2073,#2074);
#2073 = CARTESIAN_POINT('',(16.77081505233,-102.5));
#2074 = DIRECTION('',(1.,0.));
#2075 = ( GEOMETRIC_REPRESENTATION_CONTEXT(2) 
PARAMETRIC_REPRESENTATION_CONTEXT() REPRESENTATION_CONTEXT('2D SPACE',''
  ) );
#2076 = PCURVE('',#985,#2077);
#2077 = DEFINITIONAL_REPRESENTATION('',(#2078),#2088);
#2078 = B_SPLINE_CURVE_WITH_KNOTS('',8,(#2079,#2080,#2081,#2082,#2083,
    #2084,#2085,#2086,#2087),.UNSPECIFIED.,.F.,.F.,(9,9),(2.173135095713
    ,4.110050211467),.PIECEWISE_BEZIER_KNOTS.);
#2079 = CARTESIAN_POINT('',(2.173135095713,22.573036795039));
#2080 = CARTESIAN_POINT('',(2.415249485182,22.102823112111));
#2081 = CARTESIAN_POINT('',(2.657363874651,21.722069255909));
#2082 = CARTESIAN_POINT('',(2.899478264106,21.472777674069));
#2083 = CARTESIAN_POINT('',(3.141592653592,21.385758460368));
#2084 = CARTESIAN_POINT('',(3.383707043047,21.472777674091));
#2085 = CARTESIAN_POINT('',(3.625821432528,21.722069255906));
#2086 = CARTESIAN_POINT('',(3.867935821997,22.102823112111));
#2087 = CARTESIAN_POINT('',(4.110050211467,22.573036795039));
#2088 = ( GEOMETRIC_REPRESENTATION_CONTEXT(2) 
PARAMETRIC_REPRESENTATION_CONTEXT() REPRESENTATION_CONTEXT('2D SPACE',''
  ) );
#2089 = ORIENTED_EDGE('',*,*,#2090,.F.);
#2090 = EDGE_CURVE('',#2091,#2061,#2093,.T.);
#2091 = VERTEX_POINT('',#2092);
#2092 = CARTESIAN_POINT('',(52.979479537539,14.864792057077,
    11.133566075453));
#2093 = SURFACE_CURVE('',#2094,(#2098,#2105),.PCURVE_S1.);
#2094 = LINE('',#2095,#2096);
#2095 = CARTESIAN_POINT('',(0.,14.864792057077,11.133566075453));
#2096 = VECTOR('',#2097,1.);
#2097 = DIRECTION('',(1.,0.,0.));
#2098 = PCURVE('',#495,#2099);
#2099 = DEFINITIONAL_REPRESENTATION('',(#2100),#2104);
#2100 = LINE('',#2101,#2102);
#2101 = CARTESIAN_POINT('',(13.55,0.));
#2102 = VECTOR('',#2103,1.);
#2103 = DIRECTION('',(0.,-1.));
#2104 = ( GEOMETRIC_REPRESENTATION_CONTEXT(2) 
PARAMETRIC_REPRESENTATION_CONTEXT() REPRESENTATION_CONTEXT('2D SPACE',''
  ) );
#2105 = PCURVE('',#2106,#2111);
#2106 = PLANE('',#2107);
#2107 = AXIS2_PLACEMENT_3D('',#2108,#2109,#2110);
#2108 = CARTESIAN_POINT('',(0.,14.864792057077,11.133566075453));
#2109 = DIRECTION('',(0.,0.715692733704,-0.698415285431));
#2110 = DIRECTION('',(0.,-0.698415285431,-0.715692733704));
#2111 = DEFINITIONAL_REPRESENTATION('',(#2112),#2116);
#2112 = LINE('',#2113,#2114);
#2113 = CARTESIAN_POINT('',(0.,0.));
#2114 = VECTOR('',#2115,1.);
#2115 = DIRECTION('',(0.,-1.));
#2116 = ( GEOMETRIC_REPRESENTATION_CONTEXT(2) 
PARAMETRIC_REPRESENTATION_CONTEXT() REPRESENTATION_CONTEXT('2D SPACE',''
  ) );
#2117 = ORIENTED_EDGE('',*,*,#2118,.F.);
#2118 = EDGE_CURVE('',#2119,#2091,#2121,.T.);
#2119 = VERTEX_POINT('',#2120);
#2120 = CARTESIAN_POINT('',(52.020520462461,14.864792057077,
    11.133566075453));
#2121 = SURFACE_CURVE('',#2122,(#2127,#2134),.PCURVE_S1.);
#2122 = ELLIPSE('',#2123,3.293169619821,2.3);
#2123 = AXIS2_PLACEMENT_3D('',#2124,#2125,#2126);
#2124 = CARTESIAN_POINT('',(52.5,11.644217375268,11.094217375268));
#2125 = DIRECTION('',(0.,1.221700083525E-02,-0.99992536966));
#2126 = DIRECTION('',(0.,-0.99992536966,-1.221700083525E-02));
#2127 = PCURVE('',#495,#2128);
#2128 = DEFINITIONAL_REPRESENTATION('',(#2129),#2133);
#2129 = ELLIPSE('',#2130,3.293169619821,2.3);
#2130 = AXIS2_PLACEMENT_2D('',#2131,#2132);
#2131 = CARTESIAN_POINT('',(16.77081505233,-52.5));
#2132 = DIRECTION('',(1.,0.));
#2133 = ( GEOMETRIC_REPRESENTATION_CONTEXT(2) 
PARAMETRIC_REPRESENTATION_CONTEXT() REPRESENTATION_CONTEXT('2D SPACE',''
  ) );
#2134 = PCURVE('',#894,#2135);
#2135 = DEFINITIONAL_REPRESENTATION('',(#2136),#2146);
#2136 = B_SPLINE_CURVE_WITH_KNOTS('',8,(#2137,#2138,#2139,#2140,#2141,
    #2142,#2143,#2144,#2145),.UNSPECIFIED.,.F.,.F.,(9,9),(2.173135095713
    ,4.110050211467),.PIECEWISE_BEZIER_KNOTS.);
#2137 = CARTESIAN_POINT('',(2.173135095713,22.573036795039));
#2138 = CARTESIAN_POINT('',(2.415249485182,22.102823112111));
#2139 = CARTESIAN_POINT('',(2.657363874649,21.722069255928));
#2140 = CARTESIAN_POINT('',(2.899478264118,21.472777673931));
#2141 = CARTESIAN_POINT('',(3.141592653581,21.38575846063));
#2142 = CARTESIAN_POINT('',(3.383707043069,21.472777674004));
#2143 = CARTESIAN_POINT('',(3.625821432524,21.722069255942));
#2144 = CARTESIAN_POINT('',(3.867935821997,22.102823112111));
#2145 = CARTESIAN_POINT('',(4.110050211467,22.573036795039));
#2146 = ( GEOMETRIC_REPRESENTATION_CONTEXT(2) 
PARAMETRIC_REPRESENTATION_CONTEXT() REPRESENTATION_CONTEXT('2D SPACE',''
  ) );
#2147 = ORIENTED_EDGE('',*,*,#2148,.F.);
#2148 = EDGE_CURVE('',#2149,#2119,#2151,.T.);
#2149 = VERTEX_POINT('',#2150);
#2150 = CARTESIAN_POINT('',(30.479479537539,14.864792057077,
    11.133566075453));
#2151 = SURFACE_CURVE('',#2152,(#2156,#2163),.PCURVE_S1.);
#2152 = LINE('',#2153,#2154);
#2153 = CARTESIAN_POINT('',(0.,14.864792057077,11.133566075453));
#2154 = VECTOR('',#2155,1.);
#2155 = DIRECTION('',(1.,0.,0.));
#2156 = PCURVE('',#495,#2157);
#2157 = DEFINITIONAL_REPRESENTATION('',(#2158),#2162);
#2158 = LINE('',#2159,#2160);
#2159 = CARTESIAN_POINT('',(13.55,0.));
#2160 = VECTOR('',#2161,1.);
#2161 = DIRECTION('',(0.,-1.));
#2162 = ( GEOMETRIC_REPRESENTATION_CONTEXT(2) 
PARAMETRIC_REPRESENTATION_CONTEXT() REPRESENTATION_CONTEXT('2D SPACE',''
  ) );
#2163 = PCURVE('',#2164,#2169);
#2164 = PLANE('',#2165);
#2165 = AXIS2_PLACEMENT_3D('',#2166,#2167,#2168);
#2166 = CARTESIAN_POINT('',(0.,14.864792057077,11.133566075453));
#2167 = DIRECTION('',(0.,0.715692733704,-0.698415285431));
#2168 = DIRECTION('',(0.,-0.698415285431,-0.715692733704));
#2169 = DEFINITIONAL_REPRESENTATION('',(#2170),#2174);
#2170 = LINE('',#2171,#2172);
#2171 = CARTESIAN_POINT('',(0.,0.));
#2172 = VECTOR('',#2173,1.);
#2173 = DIRECTION('',(0.,-1.));
#2174 = ( GEOMETRIC_REPRESENTATION_CONTEXT(2) 
PARAMETRIC_REPRESENTATION_CONTEXT() REPRESENTATION_CONTEXT('2D SPACE',''
  ) );
#2175 = ORIENTED_EDGE('',*,*,#2176,.F.);
#2176 = EDGE_CURVE('',#2177,#2149,#2179,.T.);
#2177 = VERTEX_POINT('',#2178);
#2178 = CARTESIAN_POINT('',(29.520520462461,14.864792057077,
    11.133566075453));
#2179 = SURFACE_CURVE('',#2180,(#2185,#2192),.PCURVE_S1.);
#2180 = ELLIPSE('',#2181,3.293169619821,2.3);
#2181 = AXIS2_PLACEMENT_3D('',#2182,#2183,#2184);
#2182 = CARTESIAN_POINT('',(30.,11.644217375268,11.094217375268));
#2183 = DIRECTION('',(0.,1.221700083525E-02,-0.99992536966));
#2184 = DIRECTION('',(0.,-0.99992536966,-1.221700083525E-02));
#2185 = PCURVE('',#495,#2186);
#2186 = DEFINITIONAL_REPRESENTATION('',(#2187),#2191);
#2187 = ELLIPSE('',#2188,3.293169619821,2.3);
#2188 = AXIS2_PLACEMENT_2D('',#2189,#2190);
#2189 = CARTESIAN_POINT('',(16.77081505233,-30.));
#2190 = DIRECTION('',(1.,0.));
#2191 = ( GEOMETRIC_REPRESENTATION_CONTEXT(2) 
PARAMETRIC_REPRESENTATION_CONTEXT() REPRESENTATION_CONTEXT('2D SPACE',''
  ) );
#2192 = PCURVE('',#803,#2193);
#2193 = DEFINITIONAL_REPRESENTATION('',(#2194),#2204);
#2194 = B_SPLINE_CURVE_WITH_KNOTS('',8,(#2195,#2196,#2197,#2198,#2199,
    #2200,#2201,#2202,#2203),.UNSPECIFIED.,.F.,.F.,(9,9),(2.173135095713
    ,4.110050211467),.PIECEWISE_BEZIER_KNOTS.);
#2195 = CARTESIAN_POINT('',(2.173135095713,22.573036795039));
#2196 = CARTESIAN_POINT('',(2.415249485182,22.102823112111));
#2197 = CARTESIAN_POINT('',(2.657363874646,21.722069255924));
#2198 = CARTESIAN_POINT('',(2.899478264124,21.472777674069));
#2199 = CARTESIAN_POINT('',(3.141592653576,21.385758460485));
#2200 = CARTESIAN_POINT('',(3.383707043062,21.472777674033));
#2201 = CARTESIAN_POINT('',(3.625821432523,21.722069255906));
#2202 = CARTESIAN_POINT('',(3.867935821997,22.102823112111));
#2203 = CARTESIAN_POINT('',(4.110050211467,22.573036795039));
#2204 = ( GEOMETRIC_REPRESENTATION_CONTEXT(2) 
PARAMETRIC_REPRESENTATION_CONTEXT() REPRESENTATION_CONTEXT('2D SPACE',''
  ) );
#2205 = ORIENTED_EDGE('',*,*,#2206,.F.);
#2206 = EDGE_CURVE('',#2207,#2177,#2209,.T.);
#2207 = VERTEX_POINT('',#2208);
#2208 = CARTESIAN_POINT('',(17.979479537539,14.864792057077,
    11.133566075453));
#2209 = SURFACE_CURVE('',#2210,(#2214,#2221),.PCURVE_S1.);
#2210 = LINE('',#2211,#2212);
#2211 = CARTESIAN_POINT('',(0.,14.864792057077,11.133566075453));
#2212 = VECTOR('',#2213,1.);
#2213 = DIRECTION('',(1.,0.,0.));
#2214 = PCURVE('',#495,#2215);
#2215 = DEFINITIONAL_REPRESENTATION('',(#2216),#2220);
#2216 = LINE('',#2217,#2218);
#2217 = CARTESIAN_POINT('',(13.55,0.));
#2218 = VECTOR('',#2219,1.);
#2219 = DIRECTION('',(0.,-1.));
#2220 = ( GEOMETRIC_REPRESENTATION_CONTEXT(2) 
PARAMETRIC_REPRESENTATION_CONTEXT() REPRESENTATION_CONTEXT('2D SPACE',''
  ) );
#2221 = PCURVE('',#2222,#2227);
#2222 = PLANE('',#2223);
#2223 = AXIS2_PLACEMENT_3D('',#2224,#2225,#2226);
#2224 = CARTESIAN_POINT('',(0.,14.864792057077,11.133566075453));
#2225 = DIRECTION('',(0.,0.715692733704,-0.698415285431));
#2226 = DIRECTION('',(0.,-0.698415285431,-0.715692733704));
#2227 = DEFINITIONAL_REPRESENTATION('',(#2228),#2232);
#2228 = LINE('',#2229,#2230);
#2229 = CARTESIAN_POINT('',(0.,0.));
#2230 = VECTOR('',#2231,1.);
#2231 = DIRECTION('',(0.,-1.));
#2232 = ( GEOMETRIC_REPRESENTATION_CONTEXT(2) 
PARAMETRIC_REPRESENTATION_CONTEXT() REPRESENTATION_CONTEXT('2D SPACE',''
  ) );
#2233 = ORIENTED_EDGE('',*,*,#2234,.F.);
#2234 = EDGE_CURVE('',#1697,#2207,#2235,.T.);
#2235 = SURFACE_CURVE('',#2236,(#2241,#2248),.PCURVE_S1.);
#2236 = ELLIPSE('',#2237,3.293169619821,2.3);
#2237 = AXIS2_PLACEMENT_3D('',#2238,#2239,#2240);
#2238 = CARTESIAN_POINT('',(17.5,11.644217375268,11.094217375268));
#2239 = DIRECTION('',(0.,1.221700083525E-02,-0.99992536966));
#2240 = DIRECTION('',(0.,-0.99992536966,-1.221700083525E-02));
#2241 = PCURVE('',#495,#2242);
#2242 = DEFINITIONAL_REPRESENTATION('',(#2243),#2247);
#2243 = ELLIPSE('',#2244,3.293169619821,2.3);
#2244 = AXIS2_PLACEMENT_2D('',#2245,#2246);
#2245 = CARTESIAN_POINT('',(16.77081505233,-17.5));
#2246 = DIRECTION('',(1.,0.));
#2247 = ( GEOMETRIC_REPRESENTATION_CONTEXT(2) 
PARAMETRIC_REPRESENTATION_CONTEXT() REPRESENTATION_CONTEXT('2D SPACE',''
  ) );
#2248 = PCURVE('',#712,#2249);
#2249 = DEFINITIONAL_REPRESENTATION('',(#2250),#2260);
#2250 = B_SPLINE_CURVE_WITH_KNOTS('',8,(#2251,#2252,#2253,#2254,#2255,
    #2256,#2257,#2258,#2259),.UNSPECIFIED.,.F.,.F.,(9,9),(2.173135095713
    ,4.110050211467),.PIECEWISE_BEZIER_KNOTS.);
#2251 = CARTESIAN_POINT('',(2.173135095713,22.573036795039));
#2252 = CARTESIAN_POINT('',(2.415249485182,22.102823112111));
#2253 = CARTESIAN_POINT('',(2.657363874648,21.722069255924));
#2254 = CARTESIAN_POINT('',(2.899478264124,21.472777674069));
#2255 = CARTESIAN_POINT('',(3.141592653576,21.385758460485));
#2256 = CARTESIAN_POINT('',(3.383707043062,21.472777674033));
#2257 = CARTESIAN_POINT('',(3.625821432524,21.722069255906));
#2258 = CARTESIAN_POINT('',(3.867935821997,22.102823112111));
#2259 = CARTESIAN_POINT('',(4.110050211467,22.573036795039));
#2260 = ( GEOMETRIC_REPRESENTATION_CONTEXT(2) 
PARAMETRIC_REPRESENTATION_CONTEXT() REPRESENTATION_CONTEXT('2D SPACE',''
  ) );
#2261 = ORIENTED_EDGE('',*,*,#1696,.F.);
#2262 = ADVANCED_FACE('',(#2263),#467,.F.);
#2263 = FACE_BOUND('',#2264,.F.);
#2264 = EDGE_LOOP('',(#2265,#2288,#2309,#2310));
#2265 = ORIENTED_EDGE('',*,*,#2266,.T.);
#2266 = EDGE_CURVE('',#424,#2267,#2269,.T.);
#2267 = VERTEX_POINT('',#2268);
#2268 = CARTESIAN_POINT('',(240.,28.477920070361,6.049498246053));
#2269 = SURFACE_CURVE('',#2270,(#2274,#2281),.PCURVE_S1.);
#2270 = LINE('',#2271,#2272);
#2271 = CARTESIAN_POINT('',(0.,28.477920070361,6.049498246053));
#2272 = VECTOR('',#2273,1.);
#2273 = DIRECTION('',(1.,0.,0.));
#2274 = PCURVE('',#467,#2275);
#2275 = DEFINITIONAL_REPRESENTATION('',(#2276),#2280);
#2276 = LINE('',#2277,#2278);
#2277 = CARTESIAN_POINT('',(0.,0.));
#2278 = VECTOR('',#2279,1.);
#2279 = DIRECTION('',(0.,-1.));
#2280 = ( GEOMETRIC_REPRESENTATION_CONTEXT(2) 
PARAMETRIC_REPRESENTATION_CONTEXT() REPRESENTATION_CONTEXT('2D SPACE',''
  ) );
#2281 = PCURVE('',#439,#2282);
#2282 = DEFINITIONAL_REPRESENTATION('',(#2283),#2287);
#2283 = LINE('',#2284,#2285);
#2284 = CARTESIAN_POINT('',(10.,0.));
#2285 = VECTOR('',#2286,1.);
#2286 = DIRECTION('',(0.,-1.));
#2287 = ( GEOMETRIC_REPRESENTATION_CONTEXT(2) 
PARAMETRIC_REPRESENTATION_CONTEXT() REPRESENTATION_CONTEXT('2D SPACE',''
  ) );
#2288 = ORIENTED_EDGE('',*,*,#2289,.T.);
#2289 = EDGE_CURVE('',#2267,#1750,#2290,.T.);
#2290 = SURFACE_CURVE('',#2291,(#2295,#2302),.PCURVE_S1.);
#2291 = LINE('',#2292,#2293);
#2292 = CARTESIAN_POINT('',(240.,28.477920070361,6.049498246053));
#2293 = VECTOR('',#2294,1.);
#2294 = DIRECTION('',(0.,-1.221700083525E-02,0.99992536966));
#2295 = PCURVE('',#467,#2296);
#2296 = DEFINITIONAL_REPRESENTATION('',(#2297),#2301);
#2297 = LINE('',#2298,#2299);
#2298 = CARTESIAN_POINT('',(0.,-240.));
#2299 = VECTOR('',#2300,1.);
#2300 = DIRECTION('',(1.,0.));
#2301 = ( GEOMETRIC_REPRESENTATION_CONTEXT(2) 
PARAMETRIC_REPRESENTATION_CONTEXT() REPRESENTATION_CONTEXT('2D SPACE',''
  ) );
#2302 = PCURVE('',#1788,#2303);
#2303 = DEFINITIONAL_REPRESENTATION('',(#2304),#2308);
#2304 = LINE('',#2305,#2306);
#2305 = CARTESIAN_POINT('',(1.171372120932,-9.591731273578));
#2306 = VECTOR('',#2307,1.);
#2307 = DIRECTION('',(1.,0.));
#2308 = ( GEOMETRIC_REPRESENTATION_CONTEXT(2) 
PARAMETRIC_REPRESENTATION_CONTEXT() REPRESENTATION_CONTEXT('2D SPACE',''
  ) );
#2309 = ORIENTED_EDGE('',*,*,#1749,.F.);
#2310 = ORIENTED_EDGE('',*,*,#451,.F.);
#2311 = ADVANCED_FACE('',(#2312,#2359,#2403),#439,.F.);
#2312 = FACE_BOUND('',#2313,.F.);
#2313 = EDGE_LOOP('',(#2314,#2336,#2357,#2358));
#2314 = ORIENTED_EDGE('',*,*,#2315,.T.);
#2315 = EDGE_CURVE('',#395,#2316,#2318,.T.);
#2316 = VERTEX_POINT('',#2317);
#2317 = CARTESIAN_POINT('',(240.,18.478666373757,5.9273282377));
#2318 = SURFACE_CURVE('',#2319,(#2323,#2330),.PCURVE_S1.);
#2319 = LINE('',#2320,#2321);
#2320 = CARTESIAN_POINT('',(0.,18.478666373757,5.9273282377));
#2321 = VECTOR('',#2322,1.);
#2322 = DIRECTION('',(1.,0.,0.));
#2323 = PCURVE('',#439,#2324);
#2324 = DEFINITIONAL_REPRESENTATION('',(#2325),#2329);
#2325 = LINE('',#2326,#2327);
#2326 = CARTESIAN_POINT('',(0.,0.));
#2327 = VECTOR('',#2328,1.);
#2328 = DIRECTION('',(0.,-1.));
#2329 = ( GEOMETRIC_REPRESENTATION_CONTEXT(2) 
PARAMETRIC_REPRESENTATION_CONTEXT() REPRESENTATION_CONTEXT('2D SPACE',''
  ) );
#2330 = PCURVE('',#411,#2331);
#2331 = DEFINITIONAL_REPRESENTATION('',(#2332),#2335);
#2332 = B_SPLINE_CURVE_WITH_KNOTS('',1,(#2333,#2334),.UNSPECIFIED.,.F.,
  .F.,(2,2),(0.,240.),.PIECEWISE_BEZIER_KNOTS.);
#2333 = CARTESIAN_POINT('',(0.,0.));
#2334 = CARTESIAN_POINT('',(0.,240.));
#2335 = ( GEOMETRIC_REPRESENTATION_CONTEXT(2) 
PARAMETRIC_REPRESENTATION_CONTEXT() REPRESENTATION_CONTEXT('2D SPACE',''
  ) );
#2336 = ORIENTED_EDGE('',*,*,#2337,.T.);
#2337 = EDGE_CURVE('',#2316,#2267,#2338,.T.);
#2338 = SURFACE_CURVE('',#2339,(#2343,#2350),.PCURVE_S1.);
#2339 = LINE('',#2340,#2341);
#2340 = CARTESIAN_POINT('',(240.,18.478666373757,5.9273282377));
#2341 = VECTOR('',#2342,1.);
#2342 = DIRECTION('',(0.,0.99992536966,1.221700083525E-02));
#2343 = PCURVE('',#439,#2344);
#2344 = DEFINITIONAL_REPRESENTATION('',(#2345),#2349);
#2345 = LINE('',#2346,#2347);
#2346 = CARTESIAN_POINT('',(0.,-240.));
#2347 = VECTOR('',#2348,1.);
#2348 = DIRECTION('',(1.,0.));
#2349 = ( GEOMETRIC_REPRESENTATION_CONTEXT(2) 
PARAMETRIC_REPRESENTATION_CONTEXT() REPRESENTATION_CONTEXT('2D SPACE',''
  ) );
#2350 = PCURVE('',#1788,#2351);
#2351 = DEFINITIONAL_REPRESENTATION('',(#2352),#2356);
#2352 = LINE('',#2353,#2354);
#2353 = CARTESIAN_POINT('',(1.171372120932,0.408268726422));
#2354 = VECTOR('',#2355,1.);
#2355 = DIRECTION('',(0.,-1.));
#2356 = ( GEOMETRIC_REPRESENTATION_CONTEXT(2) 
PARAMETRIC_REPRESENTATION_CONTEXT() REPRESENTATION_CONTEXT('2D SPACE',''
  ) );
#2357 = ORIENTED_EDGE('',*,*,#2266,.F.);
#2358 = ORIENTED_EDGE('',*,*,#423,.F.);
#2359 = FACE_BOUND('',#2360,.F.);
#2360 = EDGE_LOOP('',(#2361));
#2361 = ORIENTED_EDGE('',*,*,#2362,.F.);
#2362 = EDGE_CURVE('',#2363,#2363,#2365,.T.);
#2363 = VERTEX_POINT('',#2364);
#2364 = CARTESIAN_POINT('',(229.35,23.55,5.989289349027));
#2365 = SURFACE_CURVE('',#2366,(#2371,#2378),.PCURVE_S1.);
#2366 = ELLIPSE('',#2367,1.350100758478,1.35);
#2367 = AXIS2_PLACEMENT_3D('',#2368,#2369,#2370);
#2368 = CARTESIAN_POINT('',(228.,23.55,5.989289349027));
#2369 = DIRECTION('',(0.,-1.221700083525E-02,0.99992536966));
#2370 = DIRECTION('',(0.,0.99992536966,1.221700083525E-02));
#2371 = PCURVE('',#439,#2372);
#2372 = DEFINITIONAL_REPRESENTATION('',(#2373),#2377);
#2373 = ELLIPSE('',#2374,1.350100758478,1.35);
#2374 = AXIS2_PLACEMENT_2D('',#2375,#2376);
#2375 = CARTESIAN_POINT('',(5.071712129841,-228.));
#2376 = DIRECTION('',(1.,0.));
#2377 = ( GEOMETRIC_REPRESENTATION_CONTEXT(2) 
PARAMETRIC_REPRESENTATION_CONTEXT() REPRESENTATION_CONTEXT('2D SPACE',''
  ) );
#2378 = PCURVE('',#2379,#2384);
#2379 = CYLINDRICAL_SURFACE('',#2380,1.35);
#2380 = AXIS2_PLACEMENT_3D('',#2381,#2382,#2383);
#2381 = CARTESIAN_POINT('',(228.,23.55,3.5));
#2382 = DIRECTION('',(0.,0.,1.));
#2383 = DIRECTION('',(1.,0.,-0.));
#2384 = DEFINITIONAL_REPRESENTATION('',(#2385),#2402);
#2385 = B_SPLINE_CURVE_WITH_KNOTS('',8,(#2386,#2387,#2388,#2389,#2390,
    #2391,#2392,#2393,#2394,#2395,#2396,#2397,#2398,#2399,#2400,#2401),
  .UNSPECIFIED.,.F.,.F.,(9,7,9),(4.712388980385,7.853981633974,
    10.995574287564),.UNSPECIFIED.);
#2386 = CARTESIAN_POINT('',(0.,2.489289349027));
#2387 = CARTESIAN_POINT('',(0.392699081699,2.495766599189));
#2388 = CARTESIAN_POINT('',(0.785398163396,2.502243901));
#2389 = CARTESIAN_POINT('',(1.178097245091,2.507198555886));
#2390 = CARTESIAN_POINT('',(1.570796326801,2.509112033102));
#2391 = CARTESIAN_POINT('',(1.963495408489,2.507198555886));
#2392 = CARTESIAN_POINT('',(2.356194490192,2.502243901));
#2393 = CARTESIAN_POINT('',(2.748893571891,2.495766599189));
#2394 = CARTESIAN_POINT('',(3.534291735289,2.482812098865));
#2395 = CARTESIAN_POINT('',(3.926990816989,2.476334797055));
#2396 = CARTESIAN_POINT('',(4.319689898675,2.471380142153));
#2397 = CARTESIAN_POINT('',(4.712388980392,2.469466664961));
#2398 = CARTESIAN_POINT('',(5.105088062075,2.471380142155));
#2399 = CARTESIAN_POINT('',(5.497787143783,2.476334797055));
#2400 = CARTESIAN_POINT('',(5.890486225481,2.482812098865));
#2401 = CARTESIAN_POINT('',(6.28318530718,2.489289349027));
#2402 = ( GEOMETRIC_REPRESENTATION_CONTEXT(2) 
PARAMETRIC_REPRESENTATION_CONTEXT() REPRESENTATION_CONTEXT('2D SPACE',''
  ) );
#2403 = FACE_BOUND('',#2404,.F.);
#2404 = EDGE_LOOP('',(#2405));
#2405 = ORIENTED_EDGE('',*,*,#2406,.F.);
#2406 = EDGE_CURVE('',#2407,#2407,#2409,.T.);
#2407 = VERTEX_POINT('',#2408);
#2408 = CARTESIAN_POINT('',(13.35,23.55,5.989289349027));
#2409 = SURFACE_CURVE('',#2410,(#2415,#2422),.PCURVE_S1.);
#2410 = ELLIPSE('',#2411,1.350100758478,1.35);
#2411 = AXIS2_PLACEMENT_3D('',#2412,#2413,#2414);
#2412 = CARTESIAN_POINT('',(12.,23.55,5.989289349027));
#2413 = DIRECTION('',(0.,-1.221700083525E-02,0.99992536966));
#2414 = DIRECTION('',(0.,0.99992536966,1.221700083525E-02));
#2415 = PCURVE('',#439,#2416);
#2416 = DEFINITIONAL_REPRESENTATION('',(#2417),#2421);
#2417 = ELLIPSE('',#2418,1.350100758478,1.35);
#2418 = AXIS2_PLACEMENT_2D('',#2419,#2420);
#2419 = CARTESIAN_POINT('',(5.071712129841,-12.));
#2420 = DIRECTION('',(1.,0.));
#2421 = ( GEOMETRIC_REPRESENTATION_CONTEXT(2) 
PARAMETRIC_REPRESENTATION_CONTEXT() REPRESENTATION_CONTEXT('2D SPACE',''
  ) );
#2422 = PCURVE('',#2423,#2428);
#2423 = CYLINDRICAL_SURFACE('',#2424,1.35);
#2424 = AXIS2_PLACEMENT_3D('',#2425,#2426,#2427);
#2425 = CARTESIAN_POINT('',(12.,23.55,3.5));
#2426 = DIRECTION('',(0.,0.,1.));
#2427 = DIRECTION('',(1.,0.,-0.));
#2428 = DEFINITIONAL_REPRESENTATION('',(#2429),#2446);
#2429 = B_SPLINE_CURVE_WITH_KNOTS('',8,(#2430,#2431,#2432,#2433,#2434,
    #2435,#2436,#2437,#2438,#2439,#2440,#2441,#2442,#2443,#2444,#2445),
  .UNSPECIFIED.,.F.,.F.,(9,7,9),(4.712388980385,7.853981633974,
    10.995574287564),.UNSPECIFIED.);
#2430 = CARTESIAN_POINT('',(0.,2.489289349027));
#2431 = CARTESIAN_POINT('',(0.392699081699,2.495766599189));
#2432 = CARTESIAN_POINT('',(0.785398163398,2.502243901));
#2433 = CARTESIAN_POINT('',(1.178097245091,2.507198555886));
#2434 = CARTESIAN_POINT('',(1.570796326796,2.509112033102));
#2435 = CARTESIAN_POINT('',(1.963495408492,2.507198555886));
#2436 = CARTESIAN_POINT('',(2.356194490193,2.502243901));
#2437 = CARTESIAN_POINT('',(2.748893571891,2.495766599189));
#2438 = CARTESIAN_POINT('',(3.534291735289,2.482812098865));
#2439 = CARTESIAN_POINT('',(3.926990816984,2.476334797055));
#2440 = CARTESIAN_POINT('',(4.319689898695,2.471380142153));
#2441 = CARTESIAN_POINT('',(4.712388980384,2.469466664961));
#2442 = CARTESIAN_POINT('',(5.105088062093,2.471380142155));
#2443 = CARTESIAN_POINT('',(5.497787143778,2.476334797055));
#2444 = CARTESIAN_POINT('',(5.890486225481,2.482812098865));
#2445 = CARTESIAN_POINT('',(6.28318530718,2.489289349027));
#2446 = ( GEOMETRIC_REPRESENTATION_CONTEXT(2) 
PARAMETRIC_REPRESENTATION_CONTEXT() REPRESENTATION_CONTEXT('2D SPACE',''
  ) );
#2447 = ADVANCED_FACE('',(#2448),#411,.F.);
#2448 = FACE_BOUND('',#2449,.F.);
#2449 = EDGE_LOOP('',(#2450,#2474,#2475,#2476));
#2450 = ORIENTED_EDGE('',*,*,#2451,.F.);
#2451 = EDGE_CURVE('',#2316,#2452,#2454,.T.);
#2452 = VERTEX_POINT('',#2453);
#2453 = CARTESIAN_POINT('',(240.,18.506154625636,3.677496155964));
#2454 = SURFACE_CURVE('',#2455,(#2460,#2467),.PCURVE_S1.);
#2455 = CIRCLE('',#2456,1.125);
#2456 = AXIS2_PLACEMENT_3D('',#2457,#2458,#2459);
#2457 = CARTESIAN_POINT('',(240.,18.492410499697,4.802412196832));
#2458 = DIRECTION('',(1.,0.,0.));
#2459 = DIRECTION('',(0.,-1.221700083525E-02,0.99992536966));
#2460 = PCURVE('',#411,#2461);
#2461 = DEFINITIONAL_REPRESENTATION('',(#2462),#2466);
#2462 = LINE('',#2463,#2464);
#2463 = CARTESIAN_POINT('',(0.,240.));
#2464 = VECTOR('',#2465,1.);
#2465 = DIRECTION('',(1.,0.));
#2466 = ( GEOMETRIC_REPRESENTATION_CONTEXT(2) 
PARAMETRIC_REPRESENTATION_CONTEXT() REPRESENTATION_CONTEXT('2D SPACE',''
  ) );
#2467 = PCURVE('',#1788,#2468);
#2468 = DEFINITIONAL_REPRESENTATION('',(#2469),#2473);
#2469 = CIRCLE('',#2470,1.125);
#2470 = AXIS2_PLACEMENT_2D('',#2471,#2472);
#2471 = CARTESIAN_POINT('',(4.637212093246E-02,0.408268726422));
#2472 = DIRECTION('',(1.,0.));
#2473 = ( GEOMETRIC_REPRESENTATION_CONTEXT(2) 
PARAMETRIC_REPRESENTATION_CONTEXT() REPRESENTATION_CONTEXT('2D SPACE',''
  ) );
#2474 = ORIENTED_EDGE('',*,*,#2315,.F.);
#2475 = ORIENTED_EDGE('',*,*,#394,.T.);
#2476 = ORIENTED_EDGE('',*,*,#2477,.T.);
#2477 = EDGE_CURVE('',#367,#2452,#2478,.T.);
#2478 = SURFACE_CURVE('',#2479,(#2483,#2490),.PCURVE_S1.);
#2479 = LINE('',#2480,#2481);
#2480 = CARTESIAN_POINT('',(0.,18.506154625636,3.677496155964));
#2481 = VECTOR('',#2482,1.);
#2482 = DIRECTION('',(1.,0.,0.));
#2483 = PCURVE('',#411,#2484);
#2484 = DEFINITIONAL_REPRESENTATION('',(#2485),#2489);
#2485 = LINE('',#2486,#2487);
#2486 = CARTESIAN_POINT('',(3.14159265359,0.));
#2487 = VECTOR('',#2488,1.);
#2488 = DIRECTION('',(0.,1.));
#2489 = ( GEOMETRIC_REPRESENTATION_CONTEXT(2) 
PARAMETRIC_REPRESENTATION_CONTEXT() REPRESENTATION_CONTEXT('2D SPACE',''
  ) );
#2490 = PCURVE('',#382,#2491);
#2491 = DEFINITIONAL_REPRESENTATION('',(#2492),#2496);
#2492 = LINE('',#2493,#2494);
#2493 = CARTESIAN_POINT('',(10.,0.));
#2494 = VECTOR('',#2495,1.);
#2495 = DIRECTION('',(0.,-1.));
#2496 = ( GEOMETRIC_REPRESENTATION_CONTEXT(2) 
PARAMETRIC_REPRESENTATION_CONTEXT() REPRESENTATION_CONTEXT('2D SPACE',''
  ) );
#2497 = ADVANCED_FACE('',(#2498,#2546,#2590),#382,.F.);
#2498 = FACE_BOUND('',#2499,.F.);
#2499 = EDGE_LOOP('',(#2500,#2523,#2544,#2545));
#2500 = ORIENTED_EDGE('',*,*,#2501,.T.);
#2501 = EDGE_CURVE('',#339,#2502,#2504,.T.);
#2502 = VERTEX_POINT('',#2503);
#2503 = CARTESIAN_POINT('',(240.,28.505408322241,3.799666164317));
#2504 = SURFACE_CURVE('',#2505,(#2509,#2516),.PCURVE_S1.);
#2505 = LINE('',#2506,#2507);
#2506 = CARTESIAN_POINT('',(0.,28.505408322241,3.799666164317));
#2507 = VECTOR('',#2508,1.);
#2508 = DIRECTION('',(1.,0.,0.));
#2509 = PCURVE('',#382,#2510);
#2510 = DEFINITIONAL_REPRESENTATION('',(#2511),#2515);
#2511 = LINE('',#2512,#2513);
#2512 = CARTESIAN_POINT('',(0.,0.));
#2513 = VECTOR('',#2514,1.);
#2514 = DIRECTION('',(0.,-1.));
#2515 = ( GEOMETRIC_REPRESENTATION_CONTEXT(2) 
PARAMETRIC_REPRESENTATION_CONTEXT() REPRESENTATION_CONTEXT('2D SPACE',''
  ) );
#2516 = PCURVE('',#354,#2517);
#2517 = DEFINITIONAL_REPRESENTATION('',(#2518),#2522);
#2518 = LINE('',#2519,#2520);
#2519 = CARTESIAN_POINT('',(3.5,0.));
#2520 = VECTOR('',#2521,1.);
#2521 = DIRECTION('',(0.,-1.));
#2522 = ( GEOMETRIC_REPRESENTATION_CONTEXT(2) 
PARAMETRIC_REPRESENTATION_CONTEXT() REPRESENTATION_CONTEXT('2D SPACE',''
  ) );
#2523 = ORIENTED_EDGE('',*,*,#2524,.T.);
#2524 = EDGE_CURVE('',#2502,#2452,#2525,.T.);
#2525 = SURFACE_CURVE('',#2526,(#2530,#2537),.PCURVE_S1.);
#2526 = LINE('',#2527,#2528);
#2527 = CARTESIAN_POINT('',(240.,28.505408322241,3.799666164317));
#2528 = VECTOR('',#2529,1.);
#2529 = DIRECTION('',(0.,-0.99992536966,-1.221700083525E-02));
#2530 = PCURVE('',#382,#2531);
#2531 = DEFINITIONAL_REPRESENTATION('',(#2532),#2536);
#2532 = LINE('',#2533,#2534);
#2533 = CARTESIAN_POINT('',(0.,-240.));
#2534 = VECTOR('',#2535,1.);
#2535 = DIRECTION('',(1.,0.));
#2536 = ( GEOMETRIC_REPRESENTATION_CONTEXT(2) 
PARAMETRIC_REPRESENTATION_CONTEXT() REPRESENTATION_CONTEXT('2D SPACE',''
  ) );
#2537 = PCURVE('',#1788,#2538);
#2538 = DEFINITIONAL_REPRESENTATION('',(#2539),#2543);
#2539 = LINE('',#2540,#2541);
#2540 = CARTESIAN_POINT('',(-1.078627879068,-9.591731273578));
#2541 = VECTOR('',#2542,1.);
#2542 = DIRECTION('',(0.,1.));
#2543 = ( GEOMETRIC_REPRESENTATION_CONTEXT(2) 
PARAMETRIC_REPRESENTATION_CONTEXT() REPRESENTATION_CONTEXT('2D SPACE',''
  ) );
#2544 = ORIENTED_EDGE('',*,*,#2477,.F.);
#2545 = ORIENTED_EDGE('',*,*,#366,.F.);
#2546 = FACE_BOUND('',#2547,.F.);
#2547 = EDGE_LOOP('',(#2548));
#2548 = ORIENTED_EDGE('',*,*,#2549,.F.);
#2549 = EDGE_CURVE('',#2550,#2550,#2552,.T.);
#2550 = VERTEX_POINT('',#2551);
#2551 = CARTESIAN_POINT('',(229.35,23.55,3.73912141823));
#2552 = SURFACE_CURVE('',#2553,(#2558,#2565),.PCURVE_S1.);
#2553 = ELLIPSE('',#2554,1.350100758478,1.35);
#2554 = AXIS2_PLACEMENT_3D('',#2555,#2556,#2557);
#2555 = CARTESIAN_POINT('',(228.,23.55,3.73912141823));
#2556 = DIRECTION('',(0.,1.221700083525E-02,-0.99992536966));
#2557 = DIRECTION('',(0.,0.99992536966,1.221700083525E-02));
#2558 = PCURVE('',#382,#2559);
#2559 = DEFINITIONAL_REPRESENTATION('',(#2560),#2564);
#2560 = ELLIPSE('',#2561,1.350100758478,1.35);
#2561 = AXIS2_PLACEMENT_2D('',#2562,#2563);
#2562 = CARTESIAN_POINT('',(4.955778173649,-228.));
#2563 = DIRECTION('',(-1.,0.));
#2564 = ( GEOMETRIC_REPRESENTATION_CONTEXT(2) 
PARAMETRIC_REPRESENTATION_CONTEXT() REPRESENTATION_CONTEXT('2D SPACE',''
  ) );
#2565 = PCURVE('',#2566,#2571);
#2566 = CYLINDRICAL_SURFACE('',#2567,1.35);
#2567 = AXIS2_PLACEMENT_3D('',#2568,#2569,#2570);
#2568 = CARTESIAN_POINT('',(228.,23.55,3.5));
#2569 = DIRECTION('',(0.,0.,1.));
#2570 = DIRECTION('',(1.,0.,-0.));
#2571 = DEFINITIONAL_REPRESENTATION('',(#2572),#2589);
#2572 = B_SPLINE_CURVE_WITH_KNOTS('',8,(#2573,#2574,#2575,#2576,#2577,
    #2578,#2579,#2580,#2581,#2582,#2583,#2584,#2585,#2586,#2587,#2588),
  .UNSPECIFIED.,.F.,.F.,(9,7,9),(1.570796326795,4.712388980385,
    7.853981633974),.UNSPECIFIED.);
#2573 = CARTESIAN_POINT('',(6.28318530718,0.23912141823));
#2574 = CARTESIAN_POINT('',(5.890486225481,0.232644168068));
#2575 = CARTESIAN_POINT('',(5.497787143782,0.22616686626));
#2576 = CARTESIAN_POINT('',(5.105088062088,0.221212211356));
#2577 = CARTESIAN_POINT('',(4.712388980376,0.219298734167));
#2578 = CARTESIAN_POINT('',(4.319689898692,0.221212211356));
#2579 = CARTESIAN_POINT('',(3.926990816987,0.22616686626));
#2580 = CARTESIAN_POINT('',(3.534291735289,0.232644168068));
#2581 = CARTESIAN_POINT('',(2.748893571891,0.245598668392));
#2582 = CARTESIAN_POINT('',(2.356194490189,0.2520759702));
#2583 = CARTESIAN_POINT('',(1.963495408512,0.257030625105));
#2584 = CARTESIAN_POINT('',(1.570796326788,0.258944102291));
#2585 = CARTESIAN_POINT('',(1.178097245105,0.257030625105));
#2586 = CARTESIAN_POINT('',(0.785398163395,0.2520759702));
#2587 = CARTESIAN_POINT('',(0.392699081699,0.245598668392));
#2588 = CARTESIAN_POINT('',(1.59872115546E-14,0.23912141823));
#2589 = ( GEOMETRIC_REPRESENTATION_CONTEXT(2) 
PARAMETRIC_REPRESENTATION_CONTEXT() REPRESENTATION_CONTEXT('2D SPACE',''
  ) );
#2590 = FACE_BOUND('',#2591,.F.);
#2591 = EDGE_LOOP('',(#2592));
#2592 = ORIENTED_EDGE('',*,*,#2593,.F.);
#2593 = EDGE_CURVE('',#2594,#2594,#2596,.T.);
#2594 = VERTEX_POINT('',#2595);
#2595 = CARTESIAN_POINT('',(13.35,23.55,3.73912141823));
#2596 = SURFACE_CURVE('',#2597,(#2602,#2609),.PCURVE_S1.);
#2597 = ELLIPSE('',#2598,1.350100758478,1.35);
#2598 = AXIS2_PLACEMENT_3D('',#2599,#2600,#2601);
#2599 = CARTESIAN_POINT('',(12.,23.55,3.73912141823));
#2600 = DIRECTION('',(0.,1.221700083525E-02,-0.99992536966));
#2601 = DIRECTION('',(0.,0.99992536966,1.221700083525E-02));
#2602 = PCURVE('',#382,#2603);
#2603 = DEFINITIONAL_REPRESENTATION('',(#2604),#2608);
#2604 = ELLIPSE('',#2605,1.350100758478,1.35);
#2605 = AXIS2_PLACEMENT_2D('',#2606,#2607);
#2606 = CARTESIAN_POINT('',(4.955778173649,-12.));
#2607 = DIRECTION('',(-1.,0.));
#2608 = ( GEOMETRIC_REPRESENTATION_CONTEXT(2) 
PARAMETRIC_REPRESENTATION_CONTEXT() REPRESENTATION_CONTEXT('2D SPACE',''
  ) );
#2609 = PCURVE('',#2610,#2615);
#2610 = CYLINDRICAL_SURFACE('',#2611,1.35);
#2611 = AXIS2_PLACEMENT_3D('',#2612,#2613,#2614);
#2612 = CARTESIAN_POINT('',(12.,23.55,3.5));
#2613 = DIRECTION('',(0.,0.,1.));
#2614 = DIRECTION('',(1.,0.,-0.));
#2615 = DEFINITIONAL_REPRESENTATION('',(#2616),#2633);
#2616 = B_SPLINE_CURVE_WITH_KNOTS('',8,(#2617,#2618,#2619,#2620,#2621,
    #2622,#2623,#2624,#2625,#2626,#2627,#2628,#2629,#2630,#2631,#2632),
  .UNSPECIFIED.,.F.,.F.,(9,7,9),(1.570796326795,4.712388980385,
    7.853981633974),.UNSPECIFIED.);
#2617 = CARTESIAN_POINT('',(6.28318530718,0.23912141823));
#2618 = CARTESIAN_POINT('',(5.890486225481,0.232644168068));
#2619 = CARTESIAN_POINT('',(5.497787143782,0.22616686626));
#2620 = CARTESIAN_POINT('',(5.105088062094,0.221212211356));
#2621 = CARTESIAN_POINT('',(4.712388980376,0.219298734167));
#2622 = CARTESIAN_POINT('',(4.319689898694,0.221212211356));
#2623 = CARTESIAN_POINT('',(3.926990816986,0.22616686626));
#2624 = CARTESIAN_POINT('',(3.534291735289,0.232644168068));
#2625 = CARTESIAN_POINT('',(2.748893571891,0.245598668392));
#2626 = CARTESIAN_POINT('',(2.356194490197,0.2520759702));
#2627 = CARTESIAN_POINT('',(1.963495408484,0.257030625105));
#2628 = CARTESIAN_POINT('',(1.57079632681,0.258944102291));
#2629 = CARTESIAN_POINT('',(1.178097245086,0.257030625105));
#2630 = CARTESIAN_POINT('',(0.785398163404,0.2520759702));
#2631 = CARTESIAN_POINT('',(0.392699081699,0.245598668392));
#2632 = CARTESIAN_POINT('',(1.59872115546E-14,0.23912141823));
#2633 = ( GEOMETRIC_REPRESENTATION_CONTEXT(2) 
PARAMETRIC_REPRESENTATION_CONTEXT() REPRESENTATION_CONTEXT('2D SPACE',''
  ) );
#2634 = ADVANCED_FACE('',(#2635),#354,.F.);
#2635 = FACE_BOUND('',#2636,.F.);
#2636 = EDGE_LOOP('',(#2637,#2660,#2681,#2682));
#2637 = ORIENTED_EDGE('',*,*,#2638,.T.);
#2638 = EDGE_CURVE('',#311,#2639,#2641,.T.);
#2639 = VERTEX_POINT('',#2640);
#2640 = CARTESIAN_POINT('',(240.,28.548167825164,0.299927370505));
#2641 = SURFACE_CURVE('',#2642,(#2646,#2653),.PCURVE_S1.);
#2642 = LINE('',#2643,#2644);
#2643 = CARTESIAN_POINT('',(0.,28.548167825164,0.299927370505));
#2644 = VECTOR('',#2645,1.);
#2645 = DIRECTION('',(1.,0.,0.));
#2646 = PCURVE('',#354,#2647);
#2647 = DEFINITIONAL_REPRESENTATION('',(#2648),#2652);
#2648 = LINE('',#2649,#2650);
#2649 = CARTESIAN_POINT('',(0.,0.));
#2650 = VECTOR('',#2651,1.);
#2651 = DIRECTION('',(0.,-1.));
#2652 = ( GEOMETRIC_REPRESENTATION_CONTEXT(2) 
PARAMETRIC_REPRESENTATION_CONTEXT() REPRESENTATION_CONTEXT('2D SPACE',''
  ) );
#2653 = PCURVE('',#326,#2654);
#2654 = DEFINITIONAL_REPRESENTATION('',(#2655),#2659);
#2655 = LINE('',#2656,#2657);
#2656 = CARTESIAN_POINT('',(24.55,0.));
#2657 = VECTOR('',#2658,1.);
#2658 = DIRECTION('',(0.,-1.));
#2659 = ( GEOMETRIC_REPRESENTATION_CONTEXT(2) 
PARAMETRIC_REPRESENTATION_CONTEXT() REPRESENTATION_CONTEXT('2D SPACE',''
  ) );
#2660 = ORIENTED_EDGE('',*,*,#2661,.T.);
#2661 = EDGE_CURVE('',#2639,#2502,#2662,.T.);
#2662 = SURFACE_CURVE('',#2663,(#2667,#2674),.PCURVE_S1.);
#2663 = LINE('',#2664,#2665);
#2664 = CARTESIAN_POINT('',(240.,28.548167825164,0.299927370505));
#2665 = VECTOR('',#2666,1.);
#2666 = DIRECTION('',(0.,-1.221700083525E-02,0.99992536966));
#2667 = PCURVE('',#354,#2668);
#2668 = DEFINITIONAL_REPRESENTATION('',(#2669),#2673);
#2669 = LINE('',#2670,#2671);
#2670 = CARTESIAN_POINT('',(0.,-240.));
#2671 = VECTOR('',#2672,1.);
#2672 = DIRECTION('',(1.,0.));
#2673 = ( GEOMETRIC_REPRESENTATION_CONTEXT(2) 
PARAMETRIC_REPRESENTATION_CONTEXT() REPRESENTATION_CONTEXT('2D SPACE',''
  ) );
#2674 = PCURVE('',#1788,#2675);
#2675 = DEFINITIONAL_REPRESENTATION('',(#2676),#2680);
#2676 = LINE('',#2677,#2678);
#2677 = CARTESIAN_POINT('',(-4.578627879068,-9.591731273578));
#2678 = VECTOR('',#2679,1.);
#2679 = DIRECTION('',(1.,0.));
#2680 = ( GEOMETRIC_REPRESENTATION_CONTEXT(2) 
PARAMETRIC_REPRESENTATION_CONTEXT() REPRESENTATION_CONTEXT('2D SPACE',''
  ) );
#2681 = ORIENTED_EDGE('',*,*,#2501,.F.);
#2682 = ORIENTED_EDGE('',*,*,#338,.F.);
#2683 = ADVANCED_FACE('',(#2684,#2710,#2754),#326,.F.);
#2684 = FACE_BOUND('',#2685,.F.);
#2685 = EDGE_LOOP('',(#2686,#2687,#2708,#2709));
#2686 = ORIENTED_EDGE('',*,*,#593,.T.);
#2687 = ORIENTED_EDGE('',*,*,#2688,.T.);
#2688 = EDGE_CURVE('',#566,#2639,#2689,.T.);
#2689 = SURFACE_CURVE('',#2690,(#2694,#2701),.PCURVE_S1.);
#2690 = LINE('',#2691,#2692);
#2691 = CARTESIAN_POINT('',(240.,4.,0.));
#2692 = VECTOR('',#2693,1.);
#2693 = DIRECTION('',(0.,0.99992536966,1.221700083525E-02));
#2694 = PCURVE('',#326,#2695);
#2695 = DEFINITIONAL_REPRESENTATION('',(#2696),#2700);
#2696 = LINE('',#2697,#2698);
#2697 = CARTESIAN_POINT('',(0.,-240.));
#2698 = VECTOR('',#2699,1.);
#2699 = DIRECTION('',(1.,0.));
#2700 = ( GEOMETRIC_REPRESENTATION_CONTEXT(2) 
PARAMETRIC_REPRESENTATION_CONTEXT() REPRESENTATION_CONTEXT('2D SPACE',''
  ) );
#2701 = PCURVE('',#1788,#2702);
#2702 = DEFINITIONAL_REPRESENTATION('',(#2703),#2707);
#2703 = LINE('',#2704,#2705);
#2704 = CARTESIAN_POINT('',(-4.578627879068,14.958268726422));
#2705 = VECTOR('',#2706,1.);
#2706 = DIRECTION('',(0.,-1.));
#2707 = ( GEOMETRIC_REPRESENTATION_CONTEXT(2) 
PARAMETRIC_REPRESENTATION_CONTEXT() REPRESENTATION_CONTEXT('2D SPACE',''
  ) );
#2708 = ORIENTED_EDGE('',*,*,#2638,.F.);
#2709 = ORIENTED_EDGE('',*,*,#310,.F.);
#2710 = FACE_BOUND('',#2711,.F.);
#2711 = EDGE_LOOP('',(#2712));
#2712 = ORIENTED_EDGE('',*,*,#2713,.F.);
#2713 = EDGE_CURVE('',#2714,#2714,#2716,.T.);
#2714 = VERTEX_POINT('',#2715);
#2715 = CARTESIAN_POINT('',(229.6,23.55,0.238860192546));
#2716 = SURFACE_CURVE('',#2717,(#2722,#2729),.PCURVE_S1.);
#2717 = ELLIPSE('',#2718,1.600119417455,1.6);
#2718 = AXIS2_PLACEMENT_3D('',#2719,#2720,#2721);
#2719 = CARTESIAN_POINT('',(228.,23.55,0.238860192546));
#2720 = DIRECTION('',(0.,-1.221700083525E-02,0.99992536966));
#2721 = DIRECTION('',(0.,0.99992536966,1.221700083525E-02));
#2722 = PCURVE('',#326,#2723);
#2723 = DEFINITIONAL_REPRESENTATION('',(#2724),#2728);
#2724 = ELLIPSE('',#2725,1.600119417455,1.6);
#2725 = AXIS2_PLACEMENT_2D('',#2726,#2727);
#2726 = CARTESIAN_POINT('',(19.551459132034,-228.));
#2727 = DIRECTION('',(1.,0.));
#2728 = ( GEOMETRIC_REPRESENTATION_CONTEXT(2) 
PARAMETRIC_REPRESENTATION_CONTEXT() REPRESENTATION_CONTEXT('2D SPACE',''
  ) );
#2729 = PCURVE('',#2730,#2735);
#2730 = CYLINDRICAL_SURFACE('',#2731,1.6);
#2731 = AXIS2_PLACEMENT_3D('',#2732,#2733,#2734);
#2732 = CARTESIAN_POINT('',(228.,23.55,-2.));
#2733 = DIRECTION('',(0.,0.,1.));
#2734 = DIRECTION('',(1.,0.,-0.));
#2735 = DEFINITIONAL_REPRESENTATION('',(#2736),#2753);
#2736 = B_SPLINE_CURVE_WITH_KNOTS('',8,(#2737,#2738,#2739,#2740,#2741,
    #2742,#2743,#2744,#2745,#2746,#2747,#2748,#2749,#2750,#2751,#2752),
  .UNSPECIFIED.,.F.,.F.,(9,7,9),(4.712388980385,7.853981633974,
    10.995574287564),.UNSPECIFIED.);
#2737 = CARTESIAN_POINT('',(0.,2.238860192546));
#2738 = CARTESIAN_POINT('',(0.392699081699,2.246536933479));
#2739 = CARTESIAN_POINT('',(0.785398163396,2.254213735625));
#2740 = CARTESIAN_POINT('',(1.178097245093,2.260085919198));
#2741 = CARTESIAN_POINT('',(1.570796326791,2.26235374404));
#2742 = CARTESIAN_POINT('',(1.963495408491,2.260085919193));
#2743 = CARTESIAN_POINT('',(2.356194490191,2.254213735624));
#2744 = CARTESIAN_POINT('',(2.748893571891,2.246536933479));
#2745 = CARTESIAN_POINT('',(3.534291735289,2.231183451614));
#2746 = CARTESIAN_POINT('',(3.926990816989,2.22350664947));
#2747 = CARTESIAN_POINT('',(4.319689898673,2.21763446588));
#2748 = CARTESIAN_POINT('',(4.712388980399,2.215366641045));
#2749 = CARTESIAN_POINT('',(5.105088062071,2.217634465883));
#2750 = CARTESIAN_POINT('',(5.497787143785,2.22350664947));
#2751 = CARTESIAN_POINT('',(5.890486225481,2.231183451614));
#2752 = CARTESIAN_POINT('',(6.28318530718,2.238860192546));
#2753 = ( GEOMETRIC_REPRESENTATION_CONTEXT(2) 
PARAMETRIC_REPRESENTATION_CONTEXT() REPRESENTATION_CONTEXT('2D SPACE',''
  ) );
#2754 = FACE_BOUND('',#2755,.F.);
#2755 = EDGE_LOOP('',(#2756));
#2756 = ORIENTED_EDGE('',*,*,#2757,.F.);
#2757 = EDGE_CURVE('',#2758,#2758,#2760,.T.);
#2758 = VERTEX_POINT('',#2759);
#2759 = CARTESIAN_POINT('',(13.6,23.55,0.238860192546));
#2760 = SURFACE_CURVE('',#2761,(#2766,#2773),.PCURVE_S1.);
#2761 = ELLIPSE('',#2762,1.600119417455,1.6);
#2762 = AXIS2_PLACEMENT_3D('',#2763,#2764,#2765);
#2763 = CARTESIAN_POINT('',(12.,23.55,0.238860192546));
#2764 = DIRECTION('',(0.,-1.221700083525E-02,0.99992536966));
#2765 = DIRECTION('',(0.,0.99992536966,1.221700083525E-02));
#2766 = PCURVE('',#326,#2767);
#2767 = DEFINITIONAL_REPRESENTATION('',(#2768),#2772);
#2768 = ELLIPSE('',#2769,1.600119417455,1.6);
#2769 = AXIS2_PLACEMENT_2D('',#2770,#2771);
#2770 = CARTESIAN_POINT('',(19.551459132034,-12.));
#2771 = DIRECTION('',(1.,0.));
#2772 = ( GEOMETRIC_REPRESENTATION_CONTEXT(2) 
PARAMETRIC_REPRESENTATION_CONTEXT() REPRESENTATION_CONTEXT('2D SPACE',''
  ) );
#2773 = PCURVE('',#2774,#2779);
#2774 = CYLINDRICAL_SURFACE('',#2775,1.6);
#2775 = AXIS2_PLACEMENT_3D('',#2776,#2777,#2778);
#2776 = CARTESIAN_POINT('',(12.,23.55,-2.));
#2777 = DIRECTION('',(0.,0.,1.));
#2778 = DIRECTION('',(1.,0.,-0.));
#2779 = DEFINITIONAL_REPRESENTATION('',(#2780),#2797);
#2780 = B_SPLINE_CURVE_WITH_KNOTS('',8,(#2781,#2782,#2783,#2784,#2785,
    #2786,#2787,#2788,#2789,#2790,#2791,#2792,#2793,#2794,#2795,#2796),
  .UNSPECIFIED.,.F.,.F.,(9,7,9),(4.712388980385,7.853981633974,
    10.995574287564),.UNSPECIFIED.);
#2781 = CARTESIAN_POINT('',(0.,2.238860192546));
#2782 = CARTESIAN_POINT('',(0.392699081699,2.246536933479));
#2783 = CARTESIAN_POINT('',(0.785398163398,2.254213735625));
#2784 = CARTESIAN_POINT('',(1.178097245092,2.260085919198));
#2785 = CARTESIAN_POINT('',(1.570796326794,2.26235374404));
#2786 = CARTESIAN_POINT('',(1.963495408491,2.260085919193));
#2787 = CARTESIAN_POINT('',(2.356194490193,2.254213735624));
#2788 = CARTESIAN_POINT('',(2.748893571891,2.246536933479));
#2789 = CARTESIAN_POINT('',(3.534291735289,2.231183451614));
#2790 = CARTESIAN_POINT('',(3.926990816988,2.22350664947));
#2791 = CARTESIAN_POINT('',(4.319689898681,2.21763446588));
#2792 = CARTESIAN_POINT('',(4.712388980384,2.215366641045));
#2793 = CARTESIAN_POINT('',(5.105088062079,2.217634465883));
#2794 = CARTESIAN_POINT('',(5.497787143781,2.22350664947));
#2795 = CARTESIAN_POINT('',(5.890486225481,2.231183451614));
#2796 = CARTESIAN_POINT('',(6.28318530718,2.238860192546));
#2797 = ( GEOMETRIC_REPRESENTATION_CONTEXT(2) 
PARAMETRIC_REPRESENTATION_CONTEXT() REPRESENTATION_CONTEXT('2D SPACE',''
  ) );
#2798 = ADVANCED_FACE('',(#2799,#2879,#2921),#553,.T.);
#2799 = FACE_BOUND('',#2800,.T.);
#2800 = EDGE_LOOP('',(#2801,#2802,#2830,#2858));
#2801 = ORIENTED_EDGE('',*,*,#537,.T.);
#2802 = ORIENTED_EDGE('',*,*,#2803,.T.);
#2803 = EDGE_CURVE('',#538,#2804,#2806,.T.);
#2804 = VERTEX_POINT('',#2805);
#2805 = CARTESIAN_POINT('',(240.,0.293208020046,27.998208871851));
#2806 = SURFACE_CURVE('',#2807,(#2811,#2818),.PCURVE_S1.);
#2807 = LINE('',#2808,#2809);
#2808 = CARTESIAN_POINT('',(240.,0.,4.));
#2809 = VECTOR('',#2810,1.);
#2810 = DIRECTION('',(0.,1.221700083525E-02,0.99992536966));
#2811 = PCURVE('',#553,#2812);
#2812 = DEFINITIONAL_REPRESENTATION('',(#2813),#2817);
#2813 = LINE('',#2814,#2815);
#2814 = CARTESIAN_POINT('',(0.,-240.));
#2815 = VECTOR('',#2816,1.);
#2816 = DIRECTION('',(1.,0.));
#2817 = ( GEOMETRIC_REPRESENTATION_CONTEXT(2) 
PARAMETRIC_REPRESENTATION_CONTEXT() REPRESENTATION_CONTEXT('2D SPACE',''
  ) );
#2818 = PCURVE('',#2819,#2824);
#2819 = PLANE('',#2820);
#2820 = AXIS2_PLACEMENT_3D('',#2821,#2822,#2823);
#2821 = CARTESIAN_POINT('',(240.,4.679896476183,18.641304431657));
#2822 = DIRECTION('',(-1.,-0.,0.));
#2823 = DIRECTION('',(0.,-1.221700083525E-02,-0.99992536966));
#2824 = DEFINITIONAL_REPRESENTATION('',(#2825),#2829);
#2825 = LINE('',#2826,#2827);
#2826 = CARTESIAN_POINT('',(14.697386045294,4.500674385449));
#2827 = VECTOR('',#2828,1.);
#2828 = DIRECTION('',(-1.,0.));
#2829 = ( GEOMETRIC_REPRESENTATION_CONTEXT(2) 
PARAMETRIC_REPRESENTATION_CONTEXT() REPRESENTATION_CONTEXT('2D SPACE',''
  ) );
#2830 = ORIENTED_EDGE('',*,*,#2831,.F.);
#2831 = EDGE_CURVE('',#2832,#2804,#2834,.T.);
#2832 = VERTEX_POINT('',#2833);
#2833 = CARTESIAN_POINT('',(0.,0.293208020046,27.998208871851));
#2834 = SURFACE_CURVE('',#2835,(#2839,#2846),.PCURVE_S1.);
#2835 = LINE('',#2836,#2837);
#2836 = CARTESIAN_POINT('',(0.,0.293208020046,27.998208871851));
#2837 = VECTOR('',#2838,1.);
#2838 = DIRECTION('',(1.,0.,0.));
#2839 = PCURVE('',#553,#2840);
#2840 = DEFINITIONAL_REPRESENTATION('',(#2841),#2845);
#2841 = LINE('',#2842,#2843);
#2842 = CARTESIAN_POINT('',(24.,0.));
#2843 = VECTOR('',#2844,1.);
#2844 = DIRECTION('',(0.,-1.));
#2845 = ( GEOMETRIC_REPRESENTATION_CONTEXT(2) 
PARAMETRIC_REPRESENTATION_CONTEXT() REPRESENTATION_CONTEXT('2D SPACE',''
  ) );
#2846 = PCURVE('',#2847,#2852);
#2847 = PLANE('',#2848);
#2848 = AXIS2_PLACEMENT_3D('',#2849,#2850,#2851);
#2849 = CARTESIAN_POINT('',(0.,0.293208020046,27.998208871851));
#2850 = DIRECTION('',(-0.,1.221700083525E-02,0.99992536966));
#2851 = DIRECTION('',(0.,0.99992536966,-1.221700083525E-02));
#2852 = DEFINITIONAL_REPRESENTATION('',(#2853),#2857);
#2853 = LINE('',#2854,#2855);
#2854 = CARTESIAN_POINT('',(0.,0.));
#2855 = VECTOR('',#2856,1.);
#2856 = DIRECTION('',(0.,-1.));
#2857 = ( GEOMETRIC_REPRESENTATION_CONTEXT(2) 
PARAMETRIC_REPRESENTATION_CONTEXT() REPRESENTATION_CONTEXT('2D SPACE',''
  ) );
#2858 = ORIENTED_EDGE('',*,*,#2859,.F.);
#2859 = EDGE_CURVE('',#109,#2832,#2860,.T.);
#2860 = SURFACE_CURVE('',#2861,(#2865,#2872),.PCURVE_S1.);
#2861 = LINE('',#2862,#2863);
#2862 = CARTESIAN_POINT('',(0.,0.,4.));
#2863 = VECTOR('',#2864,1.);
#2864 = DIRECTION('',(0.,1.221700083525E-02,0.99992536966));
#2865 = PCURVE('',#553,#2866);
#2866 = DEFINITIONAL_REPRESENTATION('',(#2867),#2871);
#2867 = LINE('',#2868,#2869);
#2868 = CARTESIAN_POINT('',(0.,0.));
#2869 = VECTOR('',#2870,1.);
#2870 = DIRECTION('',(1.,0.));
#2871 = ( GEOMETRIC_REPRESENTATION_CONTEXT(2) 
PARAMETRIC_REPRESENTATION_CONTEXT() REPRESENTATION_CONTEXT('2D SPACE',''
  ) );
#2872 = PCURVE('',#634,#2873);
#2873 = DEFINITIONAL_REPRESENTATION('',(#2874),#2878);
#2874 = LINE('',#2875,#2876);
#2875 = CARTESIAN_POINT('',(14.697386045294,4.500674385449));
#2876 = VECTOR('',#2877,1.);
#2877 = DIRECTION('',(-1.,0.));
#2878 = ( GEOMETRIC_REPRESENTATION_CONTEXT(2) 
PARAMETRIC_REPRESENTATION_CONTEXT() REPRESENTATION_CONTEXT('2D SPACE',''
  ) );
#2879 = FACE_BOUND('',#2880,.T.);
#2880 = EDGE_LOOP('',(#2881));
#2881 = ORIENTED_EDGE('',*,*,#2882,.F.);
#2882 = EDGE_CURVE('',#2883,#2883,#2885,.T.);
#2883 = VERTEX_POINT('',#2884);
#2884 = CARTESIAN_POINT('',(228.,0.251689000842,24.6));
#2885 = SURFACE_CURVE('',#2886,(#2891,#2898),.PCURVE_S1.);
#2886 = ELLIPSE('',#2887,1.600119417455,1.6);
#2887 = AXIS2_PLACEMENT_3D('',#2888,#2889,#2890);
#2888 = CARTESIAN_POINT('',(228.,0.232140340582,23.));
#2889 = DIRECTION('',(0.,-0.99992536966,1.221700083525E-02));
#2890 = DIRECTION('',(0.,1.221700083525E-02,0.99992536966));
#2891 = PCURVE('',#553,#2892);
#2892 = DEFINITIONAL_REPRESENTATION('',(#2893),#2897);
#2893 = ELLIPSE('',#2894,1.600119417455,1.6);
#2894 = AXIS2_PLACEMENT_2D('',#2895,#2896);
#2895 = CARTESIAN_POINT('',(19.001418082283,-228.));
#2896 = DIRECTION('',(1.,0.));
#2897 = ( GEOMETRIC_REPRESENTATION_CONTEXT(2) 
PARAMETRIC_REPRESENTATION_CONTEXT() REPRESENTATION_CONTEXT('2D SPACE',''
  ) );
#2898 = PCURVE('',#2899,#2904);
#2899 = CYLINDRICAL_SURFACE('',#2900,1.6);
#2900 = AXIS2_PLACEMENT_3D('',#2901,#2902,#2903);
#2901 = CARTESIAN_POINT('',(228.,-2.,23.));
#2902 = DIRECTION('',(0.,1.,0.));
#2903 = DIRECTION('',(0.,-0.,1.));
#2904 = DEFINITIONAL_REPRESENTATION('',(#2905),#2920);
#2905 = B_SPLINE_CURVE_WITH_KNOTS('',7,(#2906,#2907,#2908,#2909,#2910,
    #2911,#2912,#2913,#2914,#2915,#2916,#2917,#2918,#2919),
  .UNSPECIFIED.,.F.,.F.,(8,6,8),(0.,3.14159265359,6.28318530718),
  .UNSPECIFIED.);
#2906 = CARTESIAN_POINT('',(6.28318530718,2.251689000842));
#2907 = CARTESIAN_POINT('',(5.834386356667,2.251689000842));
#2908 = CARTESIAN_POINT('',(5.385587406154,2.247094476843));
#2909 = CARTESIAN_POINT('',(4.936788455641,2.23791385278));
#2910 = CARTESIAN_POINT('',(4.487989505128,2.226366828384));
#2911 = CARTESIAN_POINT('',(4.039190554616,2.217186204322));
#2912 = CARTESIAN_POINT('',(3.590391604103,2.212591680323));
#2913 = CARTESIAN_POINT('',(2.692793703077,2.212591680323));
#2914 = CARTESIAN_POINT('',(2.243994752564,2.217186204321));
#2915 = CARTESIAN_POINT('',(1.795195802053,2.226366828386));
#2916 = CARTESIAN_POINT('',(1.346396851538,2.23791385278));
#2917 = CARTESIAN_POINT('',(0.897597901026,2.247094476843));
#2918 = CARTESIAN_POINT('',(0.448798950513,2.251689000842));
#2919 = CARTESIAN_POINT('',(1.7763568394E-14,2.251689000842));
#2920 = ( GEOMETRIC_REPRESENTATION_CONTEXT(2) 
PARAMETRIC_REPRESENTATION_CONTEXT() REPRESENTATION_CONTEXT('2D SPACE',''
  ) );
#2921 = FACE_BOUND('',#2922,.T.);
#2922 = EDGE_LOOP('',(#2923));
#2923 = ORIENTED_EDGE('',*,*,#2924,.F.);
#2924 = EDGE_CURVE('',#2925,#2925,#2927,.T.);
#2925 = VERTEX_POINT('',#2926);
#2926 = CARTESIAN_POINT('',(12.,0.251689000842,24.6));
#2927 = SURFACE_CURVE('',#2928,(#2933,#2940),.PCURVE_S1.);
#2928 = ELLIPSE('',#2929,1.600119417455,1.6);
#2929 = AXIS2_PLACEMENT_3D('',#2930,#2931,#2932);
#2930 = CARTESIAN_POINT('',(12.,0.232140340582,23.));
#2931 = DIRECTION('',(0.,-0.99992536966,1.221700083525E-02));
#2932 = DIRECTION('',(0.,1.221700083525E-02,0.99992536966));
#2933 = PCURVE('',#553,#2934);
#2934 = DEFINITIONAL_REPRESENTATION('',(#2935),#2939);
#2935 = ELLIPSE('',#2936,1.600119417455,1.6);
#2936 = AXIS2_PLACEMENT_2D('',#2937,#2938);
#2937 = CARTESIAN_POINT('',(19.001418082283,-12.));
#2938 = DIRECTION('',(1.,0.));
#2939 = ( GEOMETRIC_REPRESENTATION_CONTEXT(2) 
PARAMETRIC_REPRESENTATION_CONTEXT() REPRESENTATION_CONTEXT('2D SPACE',''
  ) );
#2940 = PCURVE('',#2941,#2946);
#2941 = CYLINDRICAL_SURFACE('',#2942,1.6);
#2942 = AXIS2_PLACEMENT_3D('',#2943,#2944,#2945);
#2943 = CARTESIAN_POINT('',(12.,-2.,23.));
#2944 = DIRECTION('',(0.,1.,0.));
#2945 = DIRECTION('',(0.,-0.,1.));
#2946 = DEFINITIONAL_REPRESENTATION('',(#2947),#2962);
#2947 = B_SPLINE_CURVE_WITH_KNOTS('',7,(#2948,#2949,#2950,#2951,#2952,
    #2953,#2954,#2955,#2956,#2957,#2958,#2959,#2960,#2961),
  .UNSPECIFIED.,.F.,.F.,(8,6,8),(0.,3.14159265359,6.28318530718),
  .UNSPECIFIED.);
#2948 = CARTESIAN_POINT('',(6.28318530718,2.251689000842));
#2949 = CARTESIAN_POINT('',(5.834386356667,2.251689000842));
#2950 = CARTESIAN_POINT('',(5.385587406154,2.247094476843));
#2951 = CARTESIAN_POINT('',(4.93678845564,2.23791385278));
#2952 = CARTESIAN_POINT('',(4.487989505129,2.226366828384));
#2953 = CARTESIAN_POINT('',(4.039190554615,2.217186204322));
#2954 = CARTESIAN_POINT('',(3.590391604103,2.212591680323));
#2955 = CARTESIAN_POINT('',(2.692793703077,2.212591680323));
#2956 = CARTESIAN_POINT('',(2.243994752565,2.217186204321));
#2957 = CARTESIAN_POINT('',(1.795195802051,2.226366828386));
#2958 = CARTESIAN_POINT('',(1.34639685154,2.23791385278));
#2959 = CARTESIAN_POINT('',(0.897597901025,2.247094476843));
#2960 = CARTESIAN_POINT('',(0.448798950513,2.251689000842));
#2961 = CARTESIAN_POINT('',(1.68753899743E-14,2.251689000842));
#2962 = ( GEOMETRIC_REPRESENTATION_CONTEXT(2) 
PARAMETRIC_REPRESENTATION_CONTEXT() REPRESENTATION_CONTEXT('2D SPACE',''
  ) );
#2963 = ADVANCED_FACE('',(#2964,#3099),#581,.T.);
#2964 = FACE_BOUND('',#2965,.T.);
#2965 = EDGE_LOOP('',(#2966,#2967,#2995,#3023,#3051,#3072,#3073));
#2966 = ORIENTED_EDGE('',*,*,#565,.T.);
#2967 = ORIENTED_EDGE('',*,*,#2968,.F.);
#2968 = EDGE_CURVE('',#2969,#566,#2971,.T.);
#2969 = VERTEX_POINT('',#2970);
#2970 = CARTESIAN_POINT('',(240.,14.734450383454,11.));
#2971 = SURFACE_CURVE('',#2972,(#2976,#2983),.PCURVE_S1.);
#2972 = LINE('',#2973,#2974);
#2973 = CARTESIAN_POINT('',(240.,14.864792057077,11.133566075453));
#2974 = VECTOR('',#2975,1.);
#2975 = DIRECTION('',(0.,-0.698415285431,-0.715692733704));
#2976 = PCURVE('',#581,#2977);
#2977 = DEFINITIONAL_REPRESENTATION('',(#2978),#2982);
#2978 = LINE('',#2979,#2980);
#2979 = CARTESIAN_POINT('',(3.446908550568,-7.178134532192));
#2980 = VECTOR('',#2981,1.);
#2981 = DIRECTION('',(-0.715692733704,0.698415285431));
#2982 = ( GEOMETRIC_REPRESENTATION_CONTEXT(2) 
PARAMETRIC_REPRESENTATION_CONTEXT() REPRESENTATION_CONTEXT('2D SPACE',''
  ) );
#2983 = PCURVE('',#2984,#2989);
#2984 = PLANE('',#2985);
#2985 = AXIS2_PLACEMENT_3D('',#2986,#2987,#2988);
#2986 = CARTESIAN_POINT('',(240.,7.686657524885,7.686657524885));
#2987 = DIRECTION('',(1.,0.,0.));
#2988 = DIRECTION('',(-0.,0.,1.));
#2989 = DEFINITIONAL_REPRESENTATION('',(#2990),#2994);
#2990 = LINE('',#2991,#2992);
#2991 = CARTESIAN_POINT('',(3.446908550568,-7.178134532192));
#2992 = VECTOR('',#2993,1.);
#2993 = DIRECTION('',(-0.715692733704,0.698415285431));
#2994 = ( GEOMETRIC_REPRESENTATION_CONTEXT(2) 
PARAMETRIC_REPRESENTATION_CONTEXT() REPRESENTATION_CONTEXT('2D SPACE',''
  ) );
#2995 = ORIENTED_EDGE('',*,*,#2996,.T.);
#2996 = EDGE_CURVE('',#2969,#2997,#2999,.T.);
#2997 = VERTEX_POINT('',#2998);
#2998 = CARTESIAN_POINT('',(240.,11.8,11.));
#2999 = SURFACE_CURVE('',#3000,(#3004,#3011),.PCURVE_S1.);
#3000 = LINE('',#3001,#3002);
#3001 = CARTESIAN_POINT('',(240.,15.,11.));
#3002 = VECTOR('',#3003,1.);
#3003 = DIRECTION('',(0.,-1.,0.));
#3004 = PCURVE('',#581,#3005);
#3005 = DEFINITIONAL_REPRESENTATION('',(#3006),#3010);
#3006 = LINE('',#3007,#3008);
#3007 = CARTESIAN_POINT('',(3.313342475115,-7.313342475115));
#3008 = VECTOR('',#3009,1.);
#3009 = DIRECTION('',(0.,1.));
#3010 = ( GEOMETRIC_REPRESENTATION_CONTEXT(2) 
PARAMETRIC_REPRESENTATION_CONTEXT() REPRESENTATION_CONTEXT('2D SPACE',''
  ) );
#3011 = PCURVE('',#3012,#3017);
#3012 = PLANE('',#3013);
#3013 = AXIS2_PLACEMENT_3D('',#3014,#3015,#3016);
#3014 = CARTESIAN_POINT('',(0.,15.,11.));
#3015 = DIRECTION('',(0.,0.,-1.));
#3016 = DIRECTION('',(0.,-1.,0.));
#3017 = DEFINITIONAL_REPRESENTATION('',(#3018),#3022);
#3018 = LINE('',#3019,#3020);
#3019 = CARTESIAN_POINT('',(0.,-240.));
#3020 = VECTOR('',#3021,1.);
#3021 = DIRECTION('',(1.,0.));
#3022 = ( GEOMETRIC_REPRESENTATION_CONTEXT(2) 
PARAMETRIC_REPRESENTATION_CONTEXT() REPRESENTATION_CONTEXT('2D SPACE',''
  ) );
#3023 = ORIENTED_EDGE('',*,*,#3024,.T.);
#3024 = EDGE_CURVE('',#2997,#3025,#3027,.T.);
#3025 = VERTEX_POINT('',#3026);
#3026 = CARTESIAN_POINT('',(240.,10.5,10.5));
#3027 = SURFACE_CURVE('',#3028,(#3032,#3039),.PCURVE_S1.);
#3028 = LINE('',#3029,#3030);
#3029 = CARTESIAN_POINT('',(240.,11.8,11.));
#3030 = VECTOR('',#3031,1.);
#3031 = DIRECTION('',(0.,-0.933345606203,-0.358979079309));
#3032 = PCURVE('',#581,#3033);
#3033 = DEFINITIONAL_REPRESENTATION('',(#3034),#3038);
#3034 = LINE('',#3035,#3036);
#3035 = CARTESIAN_POINT('',(3.313342475115,-4.113342475115));
#3036 = VECTOR('',#3037,1.);
#3037 = DIRECTION('',(-0.358979079309,0.933345606203));
#3038 = ( GEOMETRIC_REPRESENTATION_CONTEXT(2) 
PARAMETRIC_REPRESENTATION_CONTEXT() REPRESENTATION_CONTEXT('2D SPACE',''
  ) );
#3039 = PCURVE('',#3040,#3045);
#3040 = PLANE('',#3041);
#3041 = AXIS2_PLACEMENT_3D('',#3042,#3043,#3044);
#3042 = CARTESIAN_POINT('',(0.,11.8,11.));
#3043 = DIRECTION('',(0.,0.358979079309,-0.933345606203));
#3044 = DIRECTION('',(0.,-0.933345606203,-0.358979079309));
#3045 = DEFINITIONAL_REPRESENTATION('',(#3046),#3050);
#3046 = LINE('',#3047,#3048);
#3047 = CARTESIAN_POINT('',(0.,-240.));
#3048 = VECTOR('',#3049,1.);
#3049 = DIRECTION('',(1.,0.));
#3050 = ( GEOMETRIC_REPRESENTATION_CONTEXT(2) 
PARAMETRIC_REPRESENTATION_CONTEXT() REPRESENTATION_CONTEXT('2D SPACE',''
  ) );
#3051 = ORIENTED_EDGE('',*,*,#3052,.T.);
#3052 = EDGE_CURVE('',#3025,#1396,#3053,.T.);
#3053 = SURFACE_CURVE('',#3054,(#3058,#3065),.PCURVE_S1.);
#3054 = LINE('',#3055,#3056);
#3055 = CARTESIAN_POINT('',(240.,10.5,10.5));
#3056 = VECTOR('',#3057,1.);
#3057 = DIRECTION('',(0.,0.358979079309,0.933345606203));
#3058 = PCURVE('',#581,#3059);
#3059 = DEFINITIONAL_REPRESENTATION('',(#3060),#3064);
#3060 = LINE('',#3061,#3062);
#3061 = CARTESIAN_POINT('',(2.813342475115,-2.813342475115));
#3062 = VECTOR('',#3063,1.);
#3063 = DIRECTION('',(0.933345606203,-0.358979079309));
#3064 = ( GEOMETRIC_REPRESENTATION_CONTEXT(2) 
PARAMETRIC_REPRESENTATION_CONTEXT() REPRESENTATION_CONTEXT('2D SPACE',''
  ) );
#3065 = PCURVE('',#1411,#3066);
#3066 = DEFINITIONAL_REPRESENTATION('',(#3067),#3071);
#3067 = LINE('',#3068,#3069);
#3068 = CARTESIAN_POINT('',(0.,-240.));
#3069 = VECTOR('',#3070,1.);
#3070 = DIRECTION('',(1.,0.));
#3071 = ( GEOMETRIC_REPRESENTATION_CONTEXT(2) 
PARAMETRIC_REPRESENTATION_CONTEXT() REPRESENTATION_CONTEXT('2D SPACE',''
  ) );
#3072 = ORIENTED_EDGE('',*,*,#1423,.T.);
#3073 = ORIENTED_EDGE('',*,*,#3074,.T.);
#3074 = EDGE_CURVE('',#1424,#538,#3075,.T.);
#3075 = SURFACE_CURVE('',#3076,(#3080,#3087),.PCURVE_S1.);
#3076 = LINE('',#3077,#3078);
#3077 = CARTESIAN_POINT('',(240.,11.133566075453,14.864792057077));
#3078 = VECTOR('',#3079,1.);
#3079 = DIRECTION('',(0.,-0.715692733704,-0.698415285431));
#3080 = PCURVE('',#581,#3081);
#3081 = DEFINITIONAL_REPRESENTATION('',(#3082),#3086);
#3082 = LINE('',#3083,#3084);
#3083 = CARTESIAN_POINT('',(7.178134532192,-3.446908550568));
#3084 = VECTOR('',#3085,1.);
#3085 = DIRECTION('',(-0.698415285431,0.715692733704));
#3086 = ( GEOMETRIC_REPRESENTATION_CONTEXT(2) 
PARAMETRIC_REPRESENTATION_CONTEXT() REPRESENTATION_CONTEXT('2D SPACE',''
  ) );
#3087 = PCURVE('',#3088,#3093);
#3088 = PLANE('',#3089);
#3089 = AXIS2_PLACEMENT_3D('',#3090,#3091,#3092);
#3090 = CARTESIAN_POINT('',(240.,7.686657524885,7.686657524885));
#3091 = DIRECTION('',(1.,0.,0.));
#3092 = DIRECTION('',(-0.,0.,1.));
#3093 = DEFINITIONAL_REPRESENTATION('',(#3094),#3098);
#3094 = LINE('',#3095,#3096);
#3095 = CARTESIAN_POINT('',(7.178134532192,-3.446908550568));
#3096 = VECTOR('',#3097,1.);
#3097 = DIRECTION('',(-0.698415285431,0.715692733704));
#3098 = ( GEOMETRIC_REPRESENTATION_CONTEXT(2) 
PARAMETRIC_REPRESENTATION_CONTEXT() REPRESENTATION_CONTEXT('2D SPACE',''
  ) );
#3099 = FACE_BOUND('',#3100,.T.);
#3100 = EDGE_LOOP('',(#3101));
#3101 = ORIENTED_EDGE('',*,*,#3102,.F.);
#3102 = EDGE_CURVE('',#3103,#3103,#3105,.T.);
#3103 = VERTEX_POINT('',#3104);
#3104 = CARTESIAN_POINT('',(240.,6.,8.25));
#3105 = SURFACE_CURVE('',#3106,(#3111,#3118),.PCURVE_S1.);
#3106 = CIRCLE('',#3107,2.25);
#3107 = AXIS2_PLACEMENT_3D('',#3108,#3109,#3110);
#3108 = CARTESIAN_POINT('',(240.,6.,6.));
#3109 = DIRECTION('',(1.,0.,0.));
#3110 = DIRECTION('',(-0.,0.,1.));
#3111 = PCURVE('',#581,#3112);
#3112 = DEFINITIONAL_REPRESENTATION('',(#3113),#3117);
#3113 = CIRCLE('',#3114,2.25);
#3114 = AXIS2_PLACEMENT_2D('',#3115,#3116);
#3115 = CARTESIAN_POINT('',(-1.686657524885,1.686657524885));
#3116 = DIRECTION('',(1.,0.));
#3117 = ( GEOMETRIC_REPRESENTATION_CONTEXT(2) 
PARAMETRIC_REPRESENTATION_CONTEXT() REPRESENTATION_CONTEXT('2D SPACE',''
  ) );
#3118 = PCURVE('',#3119,#3124);
#3119 = CYLINDRICAL_SURFACE('',#3120,2.25);
#3120 = AXIS2_PLACEMENT_3D('',#3121,#3122,#3123);
#3121 = CARTESIAN_POINT('',(225.,6.,6.));
#3122 = DIRECTION('',(1.,0.,0.));
#3123 = DIRECTION('',(-0.,0.,1.));
#3124 = DEFINITIONAL_REPRESENTATION('',(#3125),#3129);
#3125 = LINE('',#3126,#3127);
#3126 = CARTESIAN_POINT('',(0.,15.));
#3127 = VECTOR('',#3128,1.);
#3128 = DIRECTION('',(1.,0.));
#3129 = ( GEOMETRIC_REPRESENTATION_CONTEXT(2) 
PARAMETRIC_REPRESENTATION_CONTEXT() REPRESENTATION_CONTEXT('2D SPACE',''
  ) );
#3130 = ADVANCED_FACE('',(#3131),#634,.T.);
#3131 = FACE_BOUND('',#3132,.T.);
#3132 = EDGE_LOOP('',(#3133,#3134,#3135,#3136,#3159,#3187,#3220,#3248,
    #3276,#3304));
#3133 = ORIENTED_EDGE('',*,*,#647,.T.);
#3134 = ORIENTED_EDGE('',*,*,#618,.T.);
#3135 = ORIENTED_EDGE('',*,*,#2859,.T.);
#3136 = ORIENTED_EDGE('',*,*,#3137,.T.);
#3137 = EDGE_CURVE('',#2832,#3138,#3140,.T.);
#3138 = VERTEX_POINT('',#3139);
#3139 = CARTESIAN_POINT('',(0.,3.792946813858,27.955449368927));
#3140 = SURFACE_CURVE('',#3141,(#3145,#3152),.PCURVE_S1.);
#3141 = LINE('',#3142,#3143);
#3142 = CARTESIAN_POINT('',(0.,0.293208020046,27.998208871851));
#3143 = VECTOR('',#3144,1.);
#3144 = DIRECTION('',(0.,0.99992536966,-1.221700083525E-02));
#3145 = PCURVE('',#634,#3146);
#3146 = DEFINITIONAL_REPRESENTATION('',(#3147),#3151);
#3147 = LINE('',#3148,#3149);
#3148 = CARTESIAN_POINT('',(-9.302613954706,4.500674385449));
#3149 = VECTOR('',#3150,1.);
#3150 = DIRECTION('',(0.,-1.));
#3151 = ( GEOMETRIC_REPRESENTATION_CONTEXT(2) 
PARAMETRIC_REPRESENTATION_CONTEXT() REPRESENTATION_CONTEXT('2D SPACE',''
  ) );
#3152 = PCURVE('',#2847,#3153);
#3153 = DEFINITIONAL_REPRESENTATION('',(#3154),#3158);
#3154 = LINE('',#3155,#3156);
#3155 = CARTESIAN_POINT('',(0.,0.));
#3156 = VECTOR('',#3157,1.);
#3157 = DIRECTION('',(1.,0.));
#3158 = ( GEOMETRIC_REPRESENTATION_CONTEXT(2) 
PARAMETRIC_REPRESENTATION_CONTEXT() REPRESENTATION_CONTEXT('2D SPACE',''
  ) );
#3159 = ORIENTED_EDGE('',*,*,#3160,.T.);
#3160 = EDGE_CURVE('',#3138,#3161,#3163,.T.);
#3161 = VERTEX_POINT('',#3162);
#3162 = CARTESIAN_POINT('',(0.,3.670776805505,17.956195672323));
#3163 = SURFACE_CURVE('',#3164,(#3168,#3175),.PCURVE_S1.);
#3164 = LINE('',#3165,#3166);
#3165 = CARTESIAN_POINT('',(0.,3.792946813858,27.955449368927));
#3166 = VECTOR('',#3167,1.);
#3167 = DIRECTION('',(0.,-1.221700083525E-02,-0.99992536966));
#3168 = PCURVE('',#634,#3169);
#3169 = DEFINITIONAL_REPRESENTATION('',(#3170),#3174);
#3170 = LINE('',#3171,#3172);
#3171 = CARTESIAN_POINT('',(-9.302613954706,1.000674385449));
#3172 = VECTOR('',#3173,1.);
#3173 = DIRECTION('',(1.,0.));
#3174 = ( GEOMETRIC_REPRESENTATION_CONTEXT(2) 
PARAMETRIC_REPRESENTATION_CONTEXT() REPRESENTATION_CONTEXT('2D SPACE',''
  ) );
#3175 = PCURVE('',#3176,#3181);
#3176 = PLANE('',#3177);
#3177 = AXIS2_PLACEMENT_3D('',#3178,#3179,#3180);
#3178 = CARTESIAN_POINT('',(0.,3.792946813858,27.955449368927));
#3179 = DIRECTION('',(0.,0.99992536966,-1.221700083525E-02));
#3180 = DIRECTION('',(0.,-1.221700083525E-02,-0.99992536966));
#3181 = DEFINITIONAL_REPRESENTATION('',(#3182),#3186);
#3182 = LINE('',#3183,#3184);
#3183 = CARTESIAN_POINT('',(0.,0.));
#3184 = VECTOR('',#3185,1.);
#3185 = DIRECTION('',(1.,0.));
#3186 = ( GEOMETRIC_REPRESENTATION_CONTEXT(2) 
PARAMETRIC_REPRESENTATION_CONTEXT() REPRESENTATION_CONTEXT('2D SPACE',''
  ) );
#3187 = ORIENTED_EDGE('',*,*,#3188,.T.);
#3188 = EDGE_CURVE('',#3161,#3189,#3191,.T.);
#3189 = VERTEX_POINT('',#3190);
#3190 = CARTESIAN_POINT('',(0.,5.370649933928,17.935426770903));
#3191 = SURFACE_CURVE('',#3192,(#3197,#3208),.PCURVE_S1.);
#3192 = CIRCLE('',#3193,0.85);
#3193 = AXIS2_PLACEMENT_3D('',#3194,#3195,#3196);
#3194 = CARTESIAN_POINT('',(0.,4.520713369716,17.945811221613));
#3195 = DIRECTION('',(1.,0.,-0.));
#3196 = DIRECTION('',(0.,1.221700083525E-02,0.99992536966));
#3197 = PCURVE('',#634,#3198);
#3198 = DEFINITIONAL_REPRESENTATION('',(#3199),#3207);
#3199 = ( BOUNDED_CURVE() B_SPLINE_CURVE(2,(#3200,#3201,#3202,#3203,
#3204,#3205,#3206),.UNSPECIFIED.,.T.,.F.) B_SPLINE_CURVE_WITH_KNOTS((1,2
    ,2,2,2,1),(-2.094395102393,0.,2.094395102393,4.188790204786,
6.28318530718,8.377580409573),.UNSPECIFIED.) CURVE() 
GEOMETRIC_REPRESENTATION_ITEM() RATIONAL_B_SPLINE_CURVE((1.,0.5,1.,0.5,
1.,0.5,1.)) REPRESENTATION_ITEM('') );
#3200 = CARTESIAN_POINT('',(-0.152613954706,0.150674385449));
#3201 = CARTESIAN_POINT('',(-0.152613954706,1.622917571883));
#3202 = CARTESIAN_POINT('',(1.122386045294,0.886795978666));
#3203 = CARTESIAN_POINT('',(2.397386045294,0.150674385449));
#3204 = CARTESIAN_POINT('',(1.122386045294,-0.585447207767));
#3205 = CARTESIAN_POINT('',(-0.152613954706,-1.321568800984));
#3206 = CARTESIAN_POINT('',(-0.152613954706,0.150674385449));
#3207 = ( GEOMETRIC_REPRESENTATION_CONTEXT(2) 
PARAMETRIC_REPRESENTATION_CONTEXT() REPRESENTATION_CONTEXT('2D SPACE',''
  ) );
#3208 = PCURVE('',#3209,#3214);
#3209 = CYLINDRICAL_SURFACE('',#3210,0.85);
#3210 = AXIS2_PLACEMENT_3D('',#3211,#3212,#3213);
#3211 = CARTESIAN_POINT('',(0.,4.520713369716,17.945811221613));
#3212 = DIRECTION('',(1.,0.,0.));
#3213 = DIRECTION('',(0.,1.221700083525E-02,0.99992536966));
#3214 = DEFINITIONAL_REPRESENTATION('',(#3215),#3219);
#3215 = LINE('',#3216,#3217);
#3216 = CARTESIAN_POINT('',(0.,0.));
#3217 = VECTOR('',#3218,1.);
#3218 = DIRECTION('',(1.,0.));
#3219 = ( GEOMETRIC_REPRESENTATION_CONTEXT(2) 
PARAMETRIC_REPRESENTATION_CONTEXT() REPRESENTATION_CONTEXT('2D SPACE',''
  ) );
#3220 = ORIENTED_EDGE('',*,*,#3221,.T.);
#3221 = EDGE_CURVE('',#3189,#3222,#3224,.T.);
#3222 = VERTEX_POINT('',#3223);
#3223 = CARTESIAN_POINT('',(0.,5.49281994228,27.934680467508));
#3224 = SURFACE_CURVE('',#3225,(#3229,#3236),.PCURVE_S1.);
#3225 = LINE('',#3226,#3227);
#3226 = CARTESIAN_POINT('',(0.,5.370649933928,17.935426770903));
#3227 = VECTOR('',#3228,1.);
#3228 = DIRECTION('',(0.,1.221700083525E-02,0.99992536966));
#3229 = PCURVE('',#634,#3230);
#3230 = DEFINITIONAL_REPRESENTATION('',(#3231),#3235);
#3231 = LINE('',#3232,#3233);
#3232 = CARTESIAN_POINT('',(0.697386045294,-0.699325614551));
#3233 = VECTOR('',#3234,1.);
#3234 = DIRECTION('',(-1.,0.));
#3235 = ( GEOMETRIC_REPRESENTATION_CONTEXT(2) 
PARAMETRIC_REPRESENTATION_CONTEXT() REPRESENTATION_CONTEXT('2D SPACE',''
  ) );
#3236 = PCURVE('',#3237,#3242);
#3237 = PLANE('',#3238);
#3238 = AXIS2_PLACEMENT_3D('',#3239,#3240,#3241);
#3239 = CARTESIAN_POINT('',(0.,5.370649933928,17.935426770903));
#3240 = DIRECTION('',(0.,-0.99992536966,1.221700083525E-02));
#3241 = DIRECTION('',(0.,1.221700083525E-02,0.99992536966));
#3242 = DEFINITIONAL_REPRESENTATION('',(#3243),#3247);
#3243 = LINE('',#3244,#3245);
#3244 = CARTESIAN_POINT('',(0.,0.));
#3245 = VECTOR('',#3246,1.);
#3246 = DIRECTION('',(1.,0.));
#3247 = ( GEOMETRIC_REPRESENTATION_CONTEXT(2) 
PARAMETRIC_REPRESENTATION_CONTEXT() REPRESENTATION_CONTEXT('2D SPACE',''
  ) );
#3248 = ORIENTED_EDGE('',*,*,#3249,.T.);
#3249 = EDGE_CURVE('',#3222,#3250,#3252,.T.);
#3250 = VERTEX_POINT('',#3251);
#3251 = CARTESIAN_POINT('',(0.,11.292387086311,27.863821862663));
#3252 = SURFACE_CURVE('',#3253,(#3257,#3264),.PCURVE_S1.);
#3253 = LINE('',#3254,#3255);
#3254 = CARTESIAN_POINT('',(0.,5.49281994228,27.934680467508));
#3255 = VECTOR('',#3256,1.);
#3256 = DIRECTION('',(0.,0.99992536966,-1.221700083525E-02));
#3257 = PCURVE('',#634,#3258);
#3258 = DEFINITIONAL_REPRESENTATION('',(#3259),#3263);
#3259 = LINE('',#3260,#3261);
#3260 = CARTESIAN_POINT('',(-9.302613954706,-0.699325614551));
#3261 = VECTOR('',#3262,1.);
#3262 = DIRECTION('',(0.,-1.));
#3263 = ( GEOMETRIC_REPRESENTATION_CONTEXT(2) 
PARAMETRIC_REPRESENTATION_CONTEXT() REPRESENTATION_CONTEXT('2D SPACE',''
  ) );
#3264 = PCURVE('',#3265,#3270);
#3265 = PLANE('',#3266);
#3266 = AXIS2_PLACEMENT_3D('',#3267,#3268,#3269);
#3267 = CARTESIAN_POINT('',(0.,5.49281994228,27.934680467508));
#3268 = DIRECTION('',(-0.,1.221700083525E-02,0.99992536966));
#3269 = DIRECTION('',(0.,0.99992536966,-1.221700083525E-02));
#3270 = DEFINITIONAL_REPRESENTATION('',(#3271),#3275);
#3271 = LINE('',#3272,#3273);
#3272 = CARTESIAN_POINT('',(0.,0.));
#3273 = VECTOR('',#3274,1.);
#3274 = DIRECTION('',(1.,0.));
#3275 = ( GEOMETRIC_REPRESENTATION_CONTEXT(2) 
PARAMETRIC_REPRESENTATION_CONTEXT() REPRESENTATION_CONTEXT('2D SPACE',''
  ) );
#3276 = ORIENTED_EDGE('',*,*,#3277,.T.);
#3277 = EDGE_CURVE('',#3250,#3278,#3280,.T.);
#3278 = VERTEX_POINT('',#3279);
#3279 = CARTESIAN_POINT('',(0.,11.133566075453,14.864792057077));
#3280 = SURFACE_CURVE('',#3281,(#3285,#3292),.PCURVE_S1.);
#3281 = LINE('',#3282,#3283);
#3282 = CARTESIAN_POINT('',(0.,11.292387086311,27.863821862663));
#3283 = VECTOR('',#3284,1.);
#3284 = DIRECTION('',(0.,-1.221700083525E-02,-0.99992536966));
#3285 = PCURVE('',#634,#3286);
#3286 = DEFINITIONAL_REPRESENTATION('',(#3287),#3291);
#3287 = LINE('',#3288,#3289);
#3288 = CARTESIAN_POINT('',(-9.302613954706,-6.499325614551));
#3289 = VECTOR('',#3290,1.);
#3290 = DIRECTION('',(1.,0.));
#3291 = ( GEOMETRIC_REPRESENTATION_CONTEXT(2) 
PARAMETRIC_REPRESENTATION_CONTEXT() REPRESENTATION_CONTEXT('2D SPACE',''
  ) );
#3292 = PCURVE('',#3293,#3298);
#3293 = PLANE('',#3294);
#3294 = AXIS2_PLACEMENT_3D('',#3295,#3296,#3297);
#3295 = CARTESIAN_POINT('',(0.,11.292387086311,27.863821862663));
#3296 = DIRECTION('',(0.,0.99992536966,-1.221700083525E-02));
#3297 = DIRECTION('',(0.,-1.221700083525E-02,-0.99992536966));
#3298 = DEFINITIONAL_REPRESENTATION('',(#3299),#3303);
#3299 = LINE('',#3300,#3301);
#3300 = CARTESIAN_POINT('',(0.,0.));
#3301 = VECTOR('',#3302,1.);
#3302 = DIRECTION('',(1.,0.));
#3303 = ( GEOMETRIC_REPRESENTATION_CONTEXT(2) 
PARAMETRIC_REPRESENTATION_CONTEXT() REPRESENTATION_CONTEXT('2D SPACE',''
  ) );
#3304 = ORIENTED_EDGE('',*,*,#3305,.T.);
#3305 = EDGE_CURVE('',#3278,#222,#3306,.T.);
#3306 = SURFACE_CURVE('',#3307,(#3311,#3318),.PCURVE_S1.);
#3307 = LINE('',#3308,#3309);
#3308 = CARTESIAN_POINT('',(0.,11.133566075453,14.864792057077));
#3309 = VECTOR('',#3310,1.);
#3310 = DIRECTION('',(0.,-0.715692733704,-0.698415285431));
#3311 = PCURVE('',#634,#3312);
#3312 = DEFINITIONAL_REPRESENTATION('',(#3313),#3317);
#3313 = LINE('',#3314,#3315);
#3314 = CARTESIAN_POINT('',(3.697386045294,-6.499325614551));
#3315 = VECTOR('',#3316,1.);
#3316 = DIRECTION('',(0.707106781187,0.707106781187));
#3317 = ( GEOMETRIC_REPRESENTATION_CONTEXT(2) 
PARAMETRIC_REPRESENTATION_CONTEXT() REPRESENTATION_CONTEXT('2D SPACE',''
  ) );
#3318 = PCURVE('',#1459,#3319);
#3319 = DEFINITIONAL_REPRESENTATION('',(#3320),#3324);
#3320 = LINE('',#3321,#3322);
#3321 = CARTESIAN_POINT('',(0.,0.));
#3322 = VECTOR('',#3323,1.);
#3323 = DIRECTION('',(1.,0.));
#3324 = ( GEOMETRIC_REPRESENTATION_CONTEXT(2) 
PARAMETRIC_REPRESENTATION_CONTEXT() REPRESENTATION_CONTEXT('2D SPACE',''
  ) );
#3325 = ADVANCED_FACE('',(#3326),#1459,.T.);
#3326 = FACE_BOUND('',#3327,.T.);
#3327 = EDGE_LOOP('',(#3328,#3329,#3352,#3373));
#3328 = ORIENTED_EDGE('',*,*,#3305,.F.);
#3329 = ORIENTED_EDGE('',*,*,#3330,.T.);
#3330 = EDGE_CURVE('',#3278,#3331,#3333,.T.);
#3331 = VERTEX_POINT('',#3332);
#3332 = CARTESIAN_POINT('',(240.,11.133566075453,14.864792057077));
#3333 = SURFACE_CURVE('',#3334,(#3338,#3345),.PCURVE_S1.);
#3334 = LINE('',#3335,#3336);
#3335 = CARTESIAN_POINT('',(0.,11.133566075453,14.864792057077));
#3336 = VECTOR('',#3337,1.);
#3337 = DIRECTION('',(1.,0.,0.));
#3338 = PCURVE('',#1459,#3339);
#3339 = DEFINITIONAL_REPRESENTATION('',(#3340),#3344);
#3340 = LINE('',#3341,#3342);
#3341 = CARTESIAN_POINT('',(0.,0.));
#3342 = VECTOR('',#3343,1.);
#3343 = DIRECTION('',(0.,-1.));
#3344 = ( GEOMETRIC_REPRESENTATION_CONTEXT(2) 
PARAMETRIC_REPRESENTATION_CONTEXT() REPRESENTATION_CONTEXT('2D SPACE',''
  ) );
#3345 = PCURVE('',#3293,#3346);
#3346 = DEFINITIONAL_REPRESENTATION('',(#3347),#3351);
#3347 = LINE('',#3348,#3349);
#3348 = CARTESIAN_POINT('',(13.,0.));
#3349 = VECTOR('',#3350,1.);
#3350 = DIRECTION('',(0.,-1.));
#3351 = ( GEOMETRIC_REPRESENTATION_CONTEXT(2) 
PARAMETRIC_REPRESENTATION_CONTEXT() REPRESENTATION_CONTEXT('2D SPACE',''
  ) );
#3352 = ORIENTED_EDGE('',*,*,#3353,.T.);
#3353 = EDGE_CURVE('',#3331,#1424,#3354,.T.);
#3354 = SURFACE_CURVE('',#3355,(#3359,#3366),.PCURVE_S1.);
#3355 = LINE('',#3356,#3357);
#3356 = CARTESIAN_POINT('',(240.,11.133566075453,14.864792057077));
#3357 = VECTOR('',#3358,1.);
#3358 = DIRECTION('',(0.,-0.715692733704,-0.698415285431));
#3359 = PCURVE('',#1459,#3360);
#3360 = DEFINITIONAL_REPRESENTATION('',(#3361),#3365);
#3361 = LINE('',#3362,#3363);
#3362 = CARTESIAN_POINT('',(0.,-240.));
#3363 = VECTOR('',#3364,1.);
#3364 = DIRECTION('',(1.,0.));
#3365 = ( GEOMETRIC_REPRESENTATION_CONTEXT(2) 
PARAMETRIC_REPRESENTATION_CONTEXT() REPRESENTATION_CONTEXT('2D SPACE',''
  ) );
#3366 = PCURVE('',#2819,#3367);
#3367 = DEFINITIONAL_REPRESENTATION('',(#3368),#3372);
#3368 = LINE('',#3369,#3370);
#3369 = CARTESIAN_POINT('',(3.697386045294,-6.499325614551));
#3370 = VECTOR('',#3371,1.);
#3371 = DIRECTION('',(0.707106781187,0.707106781187));
#3372 = ( GEOMETRIC_REPRESENTATION_CONTEXT(2) 
PARAMETRIC_REPRESENTATION_CONTEXT() REPRESENTATION_CONTEXT('2D SPACE',''
  ) );
#3373 = ORIENTED_EDGE('',*,*,#1446,.F.);
#3374 = ADVANCED_FACE('',(#3375),#1411,.F.);
#3375 = FACE_BOUND('',#3376,.F.);
#3376 = EDGE_LOOP('',(#3377,#3404,#3425,#3426));
#3377 = ORIENTED_EDGE('',*,*,#3378,.F.);
#3378 = EDGE_CURVE('',#3379,#1367,#3381,.T.);
#3379 = VERTEX_POINT('',#3380);
#3380 = CARTESIAN_POINT('',(224.7668811173,10.5,10.5));
#3381 = SURFACE_CURVE('',#3382,(#3387,#3394),.PCURVE_S1.);
#3382 = ELLIPSE('',#3383,5.663093236033,2.3);
#3383 = AXIS2_PLACEMENT_3D('',#3384,#3385,#3386);
#3384 = CARTESIAN_POINT('',(222.5,10.15625,9.60625));
#3385 = DIRECTION('',(0.,-0.933345606203,0.358979079309));
#3386 = DIRECTION('',(0.,-0.358979079309,-0.933345606203));
#3387 = PCURVE('',#1411,#3388);
#3388 = DEFINITIONAL_REPRESENTATION('',(#3389),#3393);
#3389 = ELLIPSE('',#3390,5.663093236033,2.3);
#3390 = AXIS2_PLACEMENT_2D('',#3391,#3392);
#3391 = CARTESIAN_POINT('',(-0.957576694056,-222.5));
#3392 = DIRECTION('',(-1.,-0.));
#3393 = ( GEOMETRIC_REPRESENTATION_CONTEXT(2) 
PARAMETRIC_REPRESENTATION_CONTEXT() REPRESENTATION_CONTEXT('2D SPACE',''
  ) );
#3394 = PCURVE('',#1349,#3395);
#3395 = DEFINITIONAL_REPRESENTATION('',(#3396),#3403);
#3396 = B_SPLINE_CURVE_WITH_KNOTS('',5,(#3397,#3398,#3399,#3400,#3401,
    #3402),.UNSPECIFIED.,.F.,.F.,(6,6),(1.715799665671,2.025989644395),
  .PIECEWISE_BEZIER_KNOTS.);
#3397 = CARTESIAN_POINT('',(4.85739231926,25.264925291795));
#3398 = CARTESIAN_POINT('',(4.919430315005,24.947247912236));
#3399 = CARTESIAN_POINT('',(4.98146831075,24.633167911676));
#3400 = CARTESIAN_POINT('',(5.043506306495,24.325232724433));
#3401 = CARTESIAN_POINT('',(5.10554430224,24.025931038413));
#3402 = CARTESIAN_POINT('',(5.167582297985,23.737574644432));
#3403 = ( GEOMETRIC_REPRESENTATION_CONTEXT(2) 
PARAMETRIC_REPRESENTATION_CONTEXT() REPRESENTATION_CONTEXT('2D SPACE',''
  ) );
#3404 = ORIENTED_EDGE('',*,*,#3405,.T.);
#3405 = EDGE_CURVE('',#3379,#3025,#3406,.T.);
#3406 = SURFACE_CURVE('',#3407,(#3411,#3418),.PCURVE_S1.);
#3407 = LINE('',#3408,#3409);
#3408 = CARTESIAN_POINT('',(0.,10.5,10.5));
#3409 = VECTOR('',#3410,1.);
#3410 = DIRECTION('',(1.,0.,0.));
#3411 = PCURVE('',#1411,#3412);
#3412 = DEFINITIONAL_REPRESENTATION('',(#3413),#3417);
#3413 = LINE('',#3414,#3415);
#3414 = CARTESIAN_POINT('',(0.,0.));
#3415 = VECTOR('',#3416,1.);
#3416 = DIRECTION('',(0.,-1.));
#3417 = ( GEOMETRIC_REPRESENTATION_CONTEXT(2) 
PARAMETRIC_REPRESENTATION_CONTEXT() REPRESENTATION_CONTEXT('2D SPACE',''
  ) );
#3418 = PCURVE('',#3040,#3419);
#3419 = DEFINITIONAL_REPRESENTATION('',(#3420),#3424);
#3420 = LINE('',#3421,#3422);
#3421 = CARTESIAN_POINT('',(1.392838827718,0.));
#3422 = VECTOR('',#3423,1.);
#3423 = DIRECTION('',(0.,-1.));
#3424 = ( GEOMETRIC_REPRESENTATION_CONTEXT(2) 
PARAMETRIC_REPRESENTATION_CONTEXT() REPRESENTATION_CONTEXT('2D SPACE',''
  ) );
#3425 = ORIENTED_EDGE('',*,*,#3052,.T.);
#3426 = ORIENTED_EDGE('',*,*,#1395,.F.);
#3427 = ADVANCED_FACE('',(#3428),#1349,.F.);
#3428 = FACE_BOUND('',#3429,.F.);
#3429 = EDGE_LOOP('',(#3430,#3453,#3480,#3481,#3482,#3509,#3541,#3583,
    #3608,#3609,#3636,#3673,#3698,#3699));
#3430 = ORIENTED_EDGE('',*,*,#3431,.T.);
#3431 = EDGE_CURVE('',#1333,#3432,#3434,.T.);
#3432 = VERTEX_POINT('',#3433);
#3433 = CARTESIAN_POINT('',(222.5,1.909188309204,4.611879502662));
#3434 = SEAM_CURVE('',#3435,(#3439,#3446),.PCURVE_S1.);
#3435 = LINE('',#3436,#3437);
#3436 = CARTESIAN_POINT('',(222.5,26.923654403271,29.626345596729));
#3437 = VECTOR('',#3438,1.);
#3438 = DIRECTION('',(0.,-0.707106781187,-0.707106781187));
#3439 = PCURVE('',#1349,#3440);
#3440 = DEFINITIONAL_REPRESENTATION('',(#3441),#3445);
#3441 = LINE('',#3442,#3443);
#3442 = CARTESIAN_POINT('',(6.28318530718,-0.));
#3443 = VECTOR('',#3444,1.);
#3444 = DIRECTION('',(0.,1.));
#3445 = ( GEOMETRIC_REPRESENTATION_CONTEXT(2) 
PARAMETRIC_REPRESENTATION_CONTEXT() REPRESENTATION_CONTEXT('2D SPACE',''
  ) );
#3446 = PCURVE('',#1349,#3447);
#3447 = DEFINITIONAL_REPRESENTATION('',(#3448),#3452);
#3448 = LINE('',#3449,#3450);
#3449 = CARTESIAN_POINT('',(0.,-0.));
#3450 = VECTOR('',#3451,1.);
#3451 = DIRECTION('',(0.,1.));
#3452 = ( GEOMETRIC_REPRESENTATION_CONTEXT(2) 
PARAMETRIC_REPRESENTATION_CONTEXT() REPRESENTATION_CONTEXT('2D SPACE',''
  ) );
#3453 = ORIENTED_EDGE('',*,*,#3454,.F.);
#3454 = EDGE_CURVE('',#3432,#3432,#3455,.T.);
#3455 = SURFACE_CURVE('',#3456,(#3461,#3468),.PCURVE_S1.);
#3456 = CIRCLE('',#3457,2.3);
#3457 = AXIS2_PLACEMENT_3D('',#3458,#3459,#3460);
#3458 = CARTESIAN_POINT('',(222.5,3.535533905933,2.985533905933));
#3459 = DIRECTION('',(-0.,-0.707106781187,-0.707106781187));
#3460 = DIRECTION('',(0.,-0.707106781187,0.707106781187));
#3461 = PCURVE('',#1349,#3462);
#3462 = DEFINITIONAL_REPRESENTATION('',(#3463),#3467);
#3463 = LINE('',#3464,#3465);
#3464 = CARTESIAN_POINT('',(0.,35.375797205752));
#3465 = VECTOR('',#3466,1.);
#3466 = DIRECTION('',(1.,0.));
#3467 = ( GEOMETRIC_REPRESENTATION_CONTEXT(2) 
PARAMETRIC_REPRESENTATION_CONTEXT() REPRESENTATION_CONTEXT('2D SPACE',''
  ) );
#3468 = PCURVE('',#3469,#3474);
#3469 = PLANE('',#3470);
#3470 = AXIS2_PLACEMENT_3D('',#3471,#3472,#3473);
#3471 = CARTESIAN_POINT('',(222.5,3.535533905933,2.985533905933));
#3472 = DIRECTION('',(-0.,-0.707106781187,-0.707106781187));
#3473 = DIRECTION('',(0.,-0.707106781187,0.707106781187));
#3474 = DEFINITIONAL_REPRESENTATION('',(#3475),#3479);
#3475 = CIRCLE('',#3476,2.3);
#3476 = AXIS2_PLACEMENT_2D('',#3477,#3478);
#3477 = CARTESIAN_POINT('',(0.,0.));
#3478 = DIRECTION('',(1.,0.));
#3479 = ( GEOMETRIC_REPRESENTATION_CONTEXT(2) 
PARAMETRIC_REPRESENTATION_CONTEXT() REPRESENTATION_CONTEXT('2D SPACE',''
  ) );
#3480 = ORIENTED_EDGE('',*,*,#3431,.F.);
#3481 = ORIENTED_EDGE('',*,*,#1332,.T.);
#3482 = ORIENTED_EDGE('',*,*,#3483,.T.);
#3483 = EDGE_CURVE('',#1305,#3484,#3486,.T.);
#3484 = VERTEX_POINT('',#3485);
#3485 = CARTESIAN_POINT('',(220.23311888269,10.5,10.5));
#3486 = SURFACE_CURVE('',#3487,(#3492,#3502),.PCURVE_S1.);
#3487 = ELLIPSE('',#3488,5.663093236033,2.3);
#3488 = AXIS2_PLACEMENT_3D('',#3489,#3490,#3491);
#3489 = CARTESIAN_POINT('',(222.5,10.15625,9.60625));
#3490 = DIRECTION('',(0.,-0.933345606203,0.358979079309));
#3491 = DIRECTION('',(0.,-0.358979079309,-0.933345606203));
#3492 = PCURVE('',#1349,#3493);
#3493 = DEFINITIONAL_REPRESENTATION('',(#3494),#3501);
#3494 = B_SPLINE_CURVE_WITH_KNOTS('',5,(#3495,#3496,#3497,#3498,#3499,
    #3500),.UNSPECIFIED.,.F.,.F.,(6,6),(4.257195662784,4.567385641509),
  .PIECEWISE_BEZIER_KNOTS.);
#3495 = CARTESIAN_POINT('',(1.115603009194,23.737574644432));
#3496 = CARTESIAN_POINT('',(1.177641004939,24.025931038413));
#3497 = CARTESIAN_POINT('',(1.239679000684,24.325232724433));
#3498 = CARTESIAN_POINT('',(1.301716996429,24.633167911676));
#3499 = CARTESIAN_POINT('',(1.363754992174,24.947247912236));
#3500 = CARTESIAN_POINT('',(1.425792987919,25.264925291795));
#3501 = ( GEOMETRIC_REPRESENTATION_CONTEXT(2) 
PARAMETRIC_REPRESENTATION_CONTEXT() REPRESENTATION_CONTEXT('2D SPACE',''
  ) );
#3502 = PCURVE('',#1320,#3503);
#3503 = DEFINITIONAL_REPRESENTATION('',(#3504),#3508);
#3504 = ELLIPSE('',#3505,5.663093236033,2.3);
#3505 = AXIS2_PLACEMENT_2D('',#3506,#3507);
#3506 = CARTESIAN_POINT('',(-0.957576694056,-222.5));
#3507 = DIRECTION('',(-1.,-0.));
#3508 = ( GEOMETRIC_REPRESENTATION_CONTEXT(2) 
PARAMETRIC_REPRESENTATION_CONTEXT() REPRESENTATION_CONTEXT('2D SPACE',''
  ) );
#3509 = ORIENTED_EDGE('',*,*,#3510,.T.);
#3510 = EDGE_CURVE('',#3484,#3511,#3513,.T.);
#3511 = VERTEX_POINT('',#3512);
#3512 = CARTESIAN_POINT('',(220.2068035409,11.8,11.));
#3513 = SURFACE_CURVE('',#3514,(#3519,#3529),.PCURVE_S1.);
#3514 = ELLIPSE('',#3515,5.663093236033,2.3);
#3515 = AXIS2_PLACEMENT_3D('',#3516,#3517,#3518);
#3516 = CARTESIAN_POINT('',(222.5,11.39375,10.84375));
#3517 = DIRECTION('',(0.,0.358979079309,-0.933345606203));
#3518 = DIRECTION('',(0.,-0.933345606203,-0.358979079309));
#3519 = PCURVE('',#1349,#3520);
#3520 = DEFINITIONAL_REPRESENTATION('',(#3521),#3528);
#3521 = B_SPLINE_CURVE_WITH_KNOTS('',5,(#3522,#3523,#3524,#3525,#3526,
    #3527),.UNSPECIFIED.,.F.,.F.,(6,6),(1.375878650834,1.672425634341),
  .PIECEWISE_BEZIER_KNOTS.);
#3522 = CARTESIAN_POINT('',(1.375878650834,25.264925291796));
#3523 = CARTESIAN_POINT('',(1.435188047536,24.96381123431));
#3524 = CARTESIAN_POINT('',(1.494497444237,24.658289959881));
#3525 = CARTESIAN_POINT('',(1.553806840938,24.350568085366));
#3526 = CARTESIAN_POINT('',(1.61311623764,24.042917090422));
#3527 = CARTESIAN_POINT('',(1.672425634341,23.737574644432));
#3528 = ( GEOMETRIC_REPRESENTATION_CONTEXT(2) 
PARAMETRIC_REPRESENTATION_CONTEXT() REPRESENTATION_CONTEXT('2D SPACE',''
  ) );
#3529 = PCURVE('',#3530,#3535);
#3530 = PLANE('',#3531);
#3531 = AXIS2_PLACEMENT_3D('',#3532,#3533,#3534);
#3532 = CARTESIAN_POINT('',(0.,11.8,11.));
#3533 = DIRECTION('',(0.,0.358979079309,-0.933345606203));
#3534 = DIRECTION('',(0.,-0.933345606203,-0.358979079309));
#3535 = DEFINITIONAL_REPRESENTATION('',(#3536),#3540);
#3536 = ELLIPSE('',#3537,5.663093236033,2.3);
#3537 = AXIS2_PLACEMENT_2D('',#3538,#3539);
#3538 = CARTESIAN_POINT('',(0.435262133662,-222.5));
#3539 = DIRECTION('',(1.,0.));
#3540 = ( GEOMETRIC_REPRESENTATION_CONTEXT(2) 
PARAMETRIC_REPRESENTATION_CONTEXT() REPRESENTATION_CONTEXT('2D SPACE',''
  ) );
#3541 = ORIENTED_EDGE('',*,*,#3542,.T.);
#3542 = EDGE_CURVE('',#3511,#3543,#3545,.T.);
#3543 = VERTEX_POINT('',#3544);
#3544 = CARTESIAN_POINT('',(222.03134460671,14.734450383454,11.));
#3545 = SURFACE_CURVE('',#3546,(#3551,#3571),.PCURVE_S1.);
#3546 = ELLIPSE('',#3547,3.252691193458,2.3);
#3547 = AXIS2_PLACEMENT_3D('',#3548,#3549,#3550);
#3548 = CARTESIAN_POINT('',(222.5,11.55,11.));
#3549 = DIRECTION('',(0.,0.,-1.));
#3550 = DIRECTION('',(0.,-1.,-0.));
#3551 = PCURVE('',#1349,#3552);
#3552 = DEFINITIONAL_REPRESENTATION('',(#3553),#3570);
#3553 = B_SPLINE_CURVE_WITH_KNOTS('',8,(#3554,#3555,#3556,#3557,#3558,
    #3559,#3560,#3561,#3562,#3563,#3564,#3565,#3566,#3567,#3568,#3569),
  .UNSPECIFIED.,.F.,.F.,(9,7,9),(1.557439285616,3.14159265359,
    4.725746021564),.UNSPECIFIED.);
#3554 = CARTESIAN_POINT('',(1.557439285616,24.072350841566));
#3555 = CARTESIAN_POINT('',(1.755458456612,23.616947375684));
#3556 = CARTESIAN_POINT('',(1.953477627609,23.160167117803));
#3557 = CARTESIAN_POINT('',(2.151496798606,22.729221948015));
#3558 = CARTESIAN_POINT('',(2.349515969594,22.351433134376));
#3559 = CARTESIAN_POINT('',(2.547535140597,22.050841352175));
#3560 = CARTESIAN_POINT('',(2.745554311596,21.844701136015));
#3561 = CARTESIAN_POINT('',(2.943573482593,21.741630560343));
#3562 = CARTESIAN_POINT('',(3.339611824587,21.741630560343));
#3563 = CARTESIAN_POINT('',(3.537630995585,21.844701136026));
#3564 = CARTESIAN_POINT('',(3.735650166571,22.050841352146));
#3565 = CARTESIAN_POINT('',(3.933669337588,22.351433134405));
#3566 = CARTESIAN_POINT('',(4.131688508562,22.729221948));
#3567 = CARTESIAN_POINT('',(4.329707679571,23.160167117803));
#3568 = CARTESIAN_POINT('',(4.527726850567,23.616947375684));
#3569 = CARTESIAN_POINT('',(4.725746021564,24.072350841566));
#3570 = ( GEOMETRIC_REPRESENTATION_CONTEXT(2) 
PARAMETRIC_REPRESENTATION_CONTEXT() REPRESENTATION_CONTEXT('2D SPACE',''
  ) );
#3571 = PCURVE('',#3572,#3577);
#3572 = PLANE('',#3573);
#3573 = AXIS2_PLACEMENT_3D('',#3574,#3575,#3576);
#3574 = CARTESIAN_POINT('',(0.,15.,11.));
#3575 = DIRECTION('',(0.,0.,-1.));
#3576 = DIRECTION('',(0.,-1.,0.));
#3577 = DEFINITIONAL_REPRESENTATION('',(#3578),#3582);
#3578 = ELLIPSE('',#3579,3.252691193458,2.3);
#3579 = AXIS2_PLACEMENT_2D('',#3580,#3581);
#3580 = CARTESIAN_POINT('',(3.45,-222.5));
#3581 = DIRECTION('',(1.,0.));
#3582 = ( GEOMETRIC_REPRESENTATION_CONTEXT(2) 
PARAMETRIC_REPRESENTATION_CONTEXT() REPRESENTATION_CONTEXT('2D SPACE',''
  ) );
#3583 = ORIENTED_EDGE('',*,*,#3584,.T.);
#3584 = EDGE_CURVE('',#3543,#1829,#3585,.T.);
#3585 = SURFACE_CURVE('',#3586,(#3591,#3601),.PCURVE_S1.);
#3586 = ELLIPSE('',#3587,188.26224463898,2.3);
#3587 = AXIS2_PLACEMENT_3D('',#3588,#3589,#3590);
#3588 = CARTESIAN_POINT('',(222.5,143.4611459228,142.9111459228));
#3589 = DIRECTION('',(0.,0.715692733704,-0.698415285431));
#3590 = DIRECTION('',(0.,-0.698415285431,-0.715692733704));
#3591 = PCURVE('',#1349,#3592);
#3592 = DEFINITIONAL_REPRESENTATION('',(#3593),#3600);
#3593 = B_SPLINE_CURVE_WITH_KNOTS('',5,(#3594,#3595,#3596,#3597,#3598,
    #3599),.UNSPECIFIED.,.F.,.F.,(6,6),(0.204713184367,0.210484662544),
  .PIECEWISE_BEZIER_KNOTS.);
#3594 = CARTESIAN_POINT('',(2.936879469223,21.808545195763));
#3595 = CARTESIAN_POINT('',(2.935725173588,21.76437227936));
#3596 = CARTESIAN_POINT('',(2.934570877952,21.719892382615));
#3597 = CARTESIAN_POINT('',(2.933416582317,21.675105628146));
#3598 = CARTESIAN_POINT('',(2.932262286681,21.630012140272));
#3599 = CARTESIAN_POINT('',(2.931107991045,21.584612045017));
#3600 = ( GEOMETRIC_REPRESENTATION_CONTEXT(2) 
PARAMETRIC_REPRESENTATION_CONTEXT() REPRESENTATION_CONTEXT('2D SPACE',''
  ) );
#3601 = PCURVE('',#1874,#3602);
#3602 = DEFINITIONAL_REPRESENTATION('',(#3603),#3607);
#3603 = ELLIPSE('',#3604,188.26224463898,2.3);
#3604 = AXIS2_PLACEMENT_2D('',#3605,#3606);
#3605 = CARTESIAN_POINT('',(-184.1259155523,-222.5));
#3606 = DIRECTION('',(1.,0.));
#3607 = ( GEOMETRIC_REPRESENTATION_CONTEXT(2) 
PARAMETRIC_REPRESENTATION_CONTEXT() REPRESENTATION_CONTEXT('2D SPACE',''
  ) );
#3608 = ORIENTED_EDGE('',*,*,#1828,.T.);
#3609 = ORIENTED_EDGE('',*,*,#3610,.T.);
#3610 = EDGE_CURVE('',#1801,#3611,#3613,.T.);
#3611 = VERTEX_POINT('',#3612);
#3612 = CARTESIAN_POINT('',(222.96865539328,14.734450383454,11.));
#3613 = SURFACE_CURVE('',#3614,(#3619,#3629),.PCURVE_S1.);
#3614 = ELLIPSE('',#3615,188.26224463898,2.3);
#3615 = AXIS2_PLACEMENT_3D('',#3616,#3617,#3618);
#3616 = CARTESIAN_POINT('',(222.5,143.4611459228,142.9111459228));
#3617 = DIRECTION('',(0.,0.715692733704,-0.698415285431));
#3618 = DIRECTION('',(0.,-0.698415285431,-0.715692733704));
#3619 = PCURVE('',#1349,#3620);
#3620 = DEFINITIONAL_REPRESENTATION('',(#3621),#3628);
#3621 = B_SPLINE_CURVE_WITH_KNOTS('',5,(#3622,#3623,#3624,#3625,#3626,
    #3627),.UNSPECIFIED.,.F.,.F.,(6,6),(6.072700644635,6.078472122813),
  .PIECEWISE_BEZIER_KNOTS.);
#3622 = CARTESIAN_POINT('',(3.352077316134,21.584612045017));
#3623 = CARTESIAN_POINT('',(3.350923020499,21.630012140272));
#3624 = CARTESIAN_POINT('',(3.349768724863,21.675105628145));
#3625 = CARTESIAN_POINT('',(3.348614429227,21.719892382615));
#3626 = CARTESIAN_POINT('',(3.347460133592,21.76437227936));
#3627 = CARTESIAN_POINT('',(3.346305837956,21.808545195763));
#3628 = ( GEOMETRIC_REPRESENTATION_CONTEXT(2) 
PARAMETRIC_REPRESENTATION_CONTEXT() REPRESENTATION_CONTEXT('2D SPACE',''
  ) );
#3629 = PCURVE('',#1816,#3630);
#3630 = DEFINITIONAL_REPRESENTATION('',(#3631),#3635);
#3631 = ELLIPSE('',#3632,188.26224463898,2.3);
#3632 = AXIS2_PLACEMENT_2D('',#3633,#3634);
#3633 = CARTESIAN_POINT('',(-184.1259155523,-222.5));
#3634 = DIRECTION('',(1.,0.));
#3635 = ( GEOMETRIC_REPRESENTATION_CONTEXT(2) 
PARAMETRIC_REPRESENTATION_CONTEXT() REPRESENTATION_CONTEXT('2D SPACE',''
  ) );
#3636 = ORIENTED_EDGE('',*,*,#3637,.T.);
#3637 = EDGE_CURVE('',#3611,#3638,#3640,.T.);
#3638 = VERTEX_POINT('',#3639);
#3639 = CARTESIAN_POINT('',(224.79319645909,11.8,11.));
#3640 = SURFACE_CURVE('',#3641,(#3646,#3666),.PCURVE_S1.);
#3641 = ELLIPSE('',#3642,3.252691193458,2.3);
#3642 = AXIS2_PLACEMENT_3D('',#3643,#3644,#3645);
#3643 = CARTESIAN_POINT('',(222.5,11.55,11.));
#3644 = DIRECTION('',(0.,0.,-1.));
#3645 = DIRECTION('',(0.,-1.,-0.));
#3646 = PCURVE('',#1349,#3647);
#3647 = DEFINITIONAL_REPRESENTATION('',(#3648),#3665);
#3648 = B_SPLINE_CURVE_WITH_KNOTS('',8,(#3649,#3650,#3651,#3652,#3653,
    #3654,#3655,#3656,#3657,#3658,#3659,#3660,#3661,#3662,#3663,#3664),
  .UNSPECIFIED.,.F.,.F.,(9,7,9),(1.557439285616,3.14159265359,
    4.725746021564),.UNSPECIFIED.);
#3649 = CARTESIAN_POINT('',(1.557439285616,24.072350841566));
#3650 = CARTESIAN_POINT('',(1.755458456612,23.616947375684));
#3651 = CARTESIAN_POINT('',(1.953477627609,23.160167117803));
#3652 = CARTESIAN_POINT('',(2.151496798606,22.729221948015));
#3653 = CARTESIAN_POINT('',(2.349515969594,22.351433134376));
#3654 = CARTESIAN_POINT('',(2.547535140597,22.050841352175));
#3655 = CARTESIAN_POINT('',(2.745554311596,21.844701136015));
#3656 = CARTESIAN_POINT('',(2.943573482593,21.741630560343));
#3657 = CARTESIAN_POINT('',(3.339611824587,21.741630560343));
#3658 = CARTESIAN_POINT('',(3.537630995585,21.844701136026));
#3659 = CARTESIAN_POINT('',(3.735650166571,22.050841352146));
#3660 = CARTESIAN_POINT('',(3.933669337588,22.351433134405));
#3661 = CARTESIAN_POINT('',(4.131688508562,22.729221948));
#3662 = CARTESIAN_POINT('',(4.329707679571,23.160167117803));
#3663 = CARTESIAN_POINT('',(4.527726850567,23.616947375684));
#3664 = CARTESIAN_POINT('',(4.725746021564,24.072350841566));
#3665 = ( GEOMETRIC_REPRESENTATION_CONTEXT(2) 
PARAMETRIC_REPRESENTATION_CONTEXT() REPRESENTATION_CONTEXT('2D SPACE',''
  ) );
#3666 = PCURVE('',#3012,#3667);
#3667 = DEFINITIONAL_REPRESENTATION('',(#3668),#3672);
#3668 = ELLIPSE('',#3669,3.252691193458,2.3);
#3669 = AXIS2_PLACEMENT_2D('',#3670,#3671);
#3670 = CARTESIAN_POINT('',(3.45,-222.5));
#3671 = DIRECTION('',(1.,0.));
#3672 = ( GEOMETRIC_REPRESENTATION_CONTEXT(2) 
PARAMETRIC_REPRESENTATION_CONTEXT() REPRESENTATION_CONTEXT('2D SPACE',''
  ) );
#3673 = ORIENTED_EDGE('',*,*,#3674,.T.);
#3674 = EDGE_CURVE('',#3638,#3379,#3675,.T.);
#3675 = SURFACE_CURVE('',#3676,(#3681,#3691),.PCURVE_S1.);
#3676 = ELLIPSE('',#3677,5.663093236033,2.3);
#3677 = AXIS2_PLACEMENT_3D('',#3678,#3679,#3680);
#3678 = CARTESIAN_POINT('',(222.5,11.39375,10.84375));
#3679 = DIRECTION('',(0.,0.358979079309,-0.933345606203));
#3680 = DIRECTION('',(0.,-0.933345606203,-0.358979079309));
#3681 = PCURVE('',#1349,#3682);
#3682 = DEFINITIONAL_REPRESENTATION('',(#3683),#3690);
#3683 = B_SPLINE_CURVE_WITH_KNOTS('',5,(#3684,#3685,#3686,#3687,#3688,
    #3689),.UNSPECIFIED.,.F.,.F.,(6,6),(4.610759672838,4.907306656345),
  .PIECEWISE_BEZIER_KNOTS.);
#3684 = CARTESIAN_POINT('',(4.610759672838,23.737574644432));
#3685 = CARTESIAN_POINT('',(4.67006906954,24.042917090422));
#3686 = CARTESIAN_POINT('',(4.729378466241,24.350568085366));
#3687 = CARTESIAN_POINT('',(4.788687862943,24.658289959881));
#3688 = CARTESIAN_POINT('',(4.847997259644,24.96381123431));
#3689 = CARTESIAN_POINT('',(4.907306656345,25.264925291796));
#3690 = ( GEOMETRIC_REPRESENTATION_CONTEXT(2) 
PARAMETRIC_REPRESENTATION_CONTEXT() REPRESENTATION_CONTEXT('2D SPACE',''
  ) );
#3691 = PCURVE('',#3040,#3692);
#3692 = DEFINITIONAL_REPRESENTATION('',(#3693),#3697);
#3693 = ELLIPSE('',#3694,5.663093236033,2.3);
#3694 = AXIS2_PLACEMENT_2D('',#3695,#3696);
#3695 = CARTESIAN_POINT('',(0.435262133662,-222.5));
#3696 = DIRECTION('',(1.,0.));
#3697 = ( GEOMETRIC_REPRESENTATION_CONTEXT(2) 
PARAMETRIC_REPRESENTATION_CONTEXT() REPRESENTATION_CONTEXT('2D SPACE',''
  ) );
#3698 = ORIENTED_EDGE('',*,*,#3378,.T.);
#3699 = ORIENTED_EDGE('',*,*,#1366,.T.);
#3700 = ADVANCED_FACE('',(#3701),#1320,.F.);
#3701 = FACE_BOUND('',#3702,.F.);
#3702 = EDGE_LOOP('',(#3703,#3730,#3751,#3752));
#3703 = ORIENTED_EDGE('',*,*,#3704,.F.);
#3704 = EDGE_CURVE('',#3705,#1276,#3707,.T.);
#3705 = VERTEX_POINT('',#3706);
#3706 = CARTESIAN_POINT('',(212.2668811173,10.5,10.5));
#3707 = SURFACE_CURVE('',#3708,(#3713,#3720),.PCURVE_S1.);
#3708 = ELLIPSE('',#3709,5.663093236033,2.3);
#3709 = AXIS2_PLACEMENT_3D('',#3710,#3711,#3712);
#3710 = CARTESIAN_POINT('',(210.,10.15625,9.60625));
#3711 = DIRECTION('',(0.,-0.933345606203,0.358979079309));
#3712 = DIRECTION('',(0.,-0.358979079309,-0.933345606203));
#3713 = PCURVE('',#1320,#3714);
#3714 = DEFINITIONAL_REPRESENTATION('',(#3715),#3719);
#3715 = ELLIPSE('',#3716,5.663093236033,2.3);
#3716 = AXIS2_PLACEMENT_2D('',#3717,#3718);
#3717 = CARTESIAN_POINT('',(-0.957576694056,-210.));
#3718 = DIRECTION('',(-1.,-0.));
#3719 = ( GEOMETRIC_REPRESENTATION_CONTEXT(2) 
PARAMETRIC_REPRESENTATION_CONTEXT() REPRESENTATION_CONTEXT('2D SPACE',''
  ) );
#3720 = PCURVE('',#1258,#3721);
#3721 = DEFINITIONAL_REPRESENTATION('',(#3722),#3729);
#3722 = B_SPLINE_CURVE_WITH_KNOTS('',5,(#3723,#3724,#3725,#3726,#3727,
    #3728),.UNSPECIFIED.,.F.,.F.,(6,6),(1.715799665671,2.025989644395),
  .PIECEWISE_BEZIER_KNOTS.);
#3723 = CARTESIAN_POINT('',(4.85739231926,25.264925291795));
#3724 = CARTESIAN_POINT('',(4.919430315005,24.947247912236));
#3725 = CARTESIAN_POINT('',(4.98146831075,24.633167911676));
#3726 = CARTESIAN_POINT('',(5.043506306495,24.325232724433));
#3727 = CARTESIAN_POINT('',(5.10554430224,24.025931038413));
#3728 = CARTESIAN_POINT('',(5.167582297985,23.737574644432));
#3729 = ( GEOMETRIC_REPRESENTATION_CONTEXT(2) 
PARAMETRIC_REPRESENTATION_CONTEXT() REPRESENTATION_CONTEXT('2D SPACE',''
  ) );
#3730 = ORIENTED_EDGE('',*,*,#3731,.T.);
#3731 = EDGE_CURVE('',#3705,#3484,#3732,.T.);
#3732 = SURFACE_CURVE('',#3733,(#3737,#3744),.PCURVE_S1.);
#3733 = LINE('',#3734,#3735);
#3734 = CARTESIAN_POINT('',(0.,10.5,10.5));
#3735 = VECTOR('',#3736,1.);
#3736 = DIRECTION('',(1.,0.,0.));
#3737 = PCURVE('',#1320,#3738);
#3738 = DEFINITIONAL_REPRESENTATION('',(#3739),#3743);
#3739 = LINE('',#3740,#3741);
#3740 = CARTESIAN_POINT('',(0.,0.));
#3741 = VECTOR('',#3742,1.);
#3742 = DIRECTION('',(0.,-1.));
#3743 = ( GEOMETRIC_REPRESENTATION_CONTEXT(2) 
PARAMETRIC_REPRESENTATION_CONTEXT() REPRESENTATION_CONTEXT('2D SPACE',''
  ) );
#3744 = PCURVE('',#3530,#3745);
#3745 = DEFINITIONAL_REPRESENTATION('',(#3746),#3750);
#3746 = LINE('',#3747,#3748);
#3747 = CARTESIAN_POINT('',(1.392838827718,0.));
#3748 = VECTOR('',#3749,1.);
#3749 = DIRECTION('',(0.,-1.));
#3750 = ( GEOMETRIC_REPRESENTATION_CONTEXT(2) 
PARAMETRIC_REPRESENTATION_CONTEXT() REPRESENTATION_CONTEXT('2D SPACE',''
  ) );
#3751 = ORIENTED_EDGE('',*,*,#3483,.F.);
#3752 = ORIENTED_EDGE('',*,*,#1304,.F.);
#3753 = ADVANCED_FACE('',(#3754),#1258,.F.);
#3754 = FACE_BOUND('',#3755,.F.);
#3755 = EDGE_LOOP('',(#3756,#3779,#3806,#3807,#3808,#3835,#3867,#3909,
    #3934,#3935,#3962,#3999,#4024,#4025));
#3756 = ORIENTED_EDGE('',*,*,#3757,.T.);
#3757 = EDGE_CURVE('',#1242,#3758,#3760,.T.);
#3758 = VERTEX_POINT('',#3759);
#3759 = CARTESIAN_POINT('',(210.,1.909188309204,4.611879502662));
#3760 = SEAM_CURVE('',#3761,(#3765,#3772),.PCURVE_S1.);
#3761 = LINE('',#3762,#3763);
#3762 = CARTESIAN_POINT('',(210.,26.923654403271,29.626345596729));
#3763 = VECTOR('',#3764,1.);
#3764 = DIRECTION('',(0.,-0.707106781187,-0.707106781187));
#3765 = PCURVE('',#1258,#3766);
#3766 = DEFINITIONAL_REPRESENTATION('',(#3767),#3771);
#3767 = LINE('',#3768,#3769);
#3768 = CARTESIAN_POINT('',(6.28318530718,-0.));
#3769 = VECTOR('',#3770,1.);
#3770 = DIRECTION('',(0.,1.));
#3771 = ( GEOMETRIC_REPRESENTATION_CONTEXT(2) 
PARAMETRIC_REPRESENTATION_CONTEXT() REPRESENTATION_CONTEXT('2D SPACE',''
  ) );
#3772 = PCURVE('',#1258,#3773);
#3773 = DEFINITIONAL_REPRESENTATION('',(#3774),#3778);
#3774 = LINE('',#3775,#3776);
#3775 = CARTESIAN_POINT('',(0.,-0.));
#3776 = VECTOR('',#3777,1.);
#3777 = DIRECTION('',(0.,1.));
#3778 = ( GEOMETRIC_REPRESENTATION_CONTEXT(2) 
PARAMETRIC_REPRESENTATION_CONTEXT() REPRESENTATION_CONTEXT('2D SPACE',''
  ) );
#3779 = ORIENTED_EDGE('',*,*,#3780,.F.);
#3780 = EDGE_CURVE('',#3758,#3758,#3781,.T.);
#3781 = SURFACE_CURVE('',#3782,(#3787,#3794),.PCURVE_S1.);
#3782 = CIRCLE('',#3783,2.3);
#3783 = AXIS2_PLACEMENT_3D('',#3784,#3785,#3786);
#3784 = CARTESIAN_POINT('',(210.,3.535533905933,2.985533905933));
#3785 = DIRECTION('',(-0.,-0.707106781187,-0.707106781187));
#3786 = DIRECTION('',(0.,-0.707106781187,0.707106781187));
#3787 = PCURVE('',#1258,#3788);
#3788 = DEFINITIONAL_REPRESENTATION('',(#3789),#3793);
#3789 = LINE('',#3790,#3791);
#3790 = CARTESIAN_POINT('',(0.,35.375797205752));
#3791 = VECTOR('',#3792,1.);
#3792 = DIRECTION('',(1.,0.));
#3793 = ( GEOMETRIC_REPRESENTATION_CONTEXT(2) 
PARAMETRIC_REPRESENTATION_CONTEXT() REPRESENTATION_CONTEXT('2D SPACE',''
  ) );
#3794 = PCURVE('',#3795,#3800);
#3795 = PLANE('',#3796);
#3796 = AXIS2_PLACEMENT_3D('',#3797,#3798,#3799);
#3797 = CARTESIAN_POINT('',(210.,3.535533905933,2.985533905933));
#3798 = DIRECTION('',(-0.,-0.707106781187,-0.707106781187));
#3799 = DIRECTION('',(0.,-0.707106781187,0.707106781187));
#3800 = DEFINITIONAL_REPRESENTATION('',(#3801),#3805);
#3801 = CIRCLE('',#3802,2.3);
#3802 = AXIS2_PLACEMENT_2D('',#3803,#3804);
#3803 = CARTESIAN_POINT('',(0.,0.));
#3804 = DIRECTION('',(1.,0.));
#3805 = ( GEOMETRIC_REPRESENTATION_CONTEXT(2) 
PARAMETRIC_REPRESENTATION_CONTEXT() REPRESENTATION_CONTEXT('2D SPACE',''
  ) );
#3806 = ORIENTED_EDGE('',*,*,#3757,.F.);
#3807 = ORIENTED_EDGE('',*,*,#1241,.T.);
#3808 = ORIENTED_EDGE('',*,*,#3809,.T.);
#3809 = EDGE_CURVE('',#1214,#3810,#3812,.T.);
#3810 = VERTEX_POINT('',#3811);
#3811 = CARTESIAN_POINT('',(207.73311888269,10.5,10.5));
#3812 = SURFACE_CURVE('',#3813,(#3818,#3828),.PCURVE_S1.);
#3813 = ELLIPSE('',#3814,5.663093236033,2.3);
#3814 = AXIS2_PLACEMENT_3D('',#3815,#3816,#3817);
#3815 = CARTESIAN_POINT('',(210.,10.15625,9.60625));
#3816 = DIRECTION('',(0.,-0.933345606203,0.358979079309));
#3817 = DIRECTION('',(0.,-0.358979079309,-0.933345606203));
#3818 = PCURVE('',#1258,#3819);
#3819 = DEFINITIONAL_REPRESENTATION('',(#3820),#3827);
#3820 = B_SPLINE_CURVE_WITH_KNOTS('',5,(#3821,#3822,#3823,#3824,#3825,
    #3826),.UNSPECIFIED.,.F.,.F.,(6,6),(4.257195662784,4.567385641509),
  .PIECEWISE_BEZIER_KNOTS.);
#3821 = CARTESIAN_POINT('',(1.115603009194,23.737574644432));
#3822 = CARTESIAN_POINT('',(1.177641004939,24.025931038413));
#3823 = CARTESIAN_POINT('',(1.239679000684,24.325232724433));
#3824 = CARTESIAN_POINT('',(1.301716996429,24.633167911676));
#3825 = CARTESIAN_POINT('',(1.363754992174,24.947247912236));
#3826 = CARTESIAN_POINT('',(1.425792987919,25.264925291795));
#3827 = ( GEOMETRIC_REPRESENTATION_CONTEXT(2) 
PARAMETRIC_REPRESENTATION_CONTEXT() REPRESENTATION_CONTEXT('2D SPACE',''
  ) );
#3828 = PCURVE('',#1229,#3829);
#3829 = DEFINITIONAL_REPRESENTATION('',(#3830),#3834);
#3830 = ELLIPSE('',#3831,5.663093236033,2.3);
#3831 = AXIS2_PLACEMENT_2D('',#3832,#3833);
#3832 = CARTESIAN_POINT('',(-0.957576694056,-210.));
#3833 = DIRECTION('',(-1.,-0.));
#3834 = ( GEOMETRIC_REPRESENTATION_CONTEXT(2) 
PARAMETRIC_REPRESENTATION_CONTEXT() REPRESENTATION_CONTEXT('2D SPACE',''
  ) );
#3835 = ORIENTED_EDGE('',*,*,#3836,.T.);
#3836 = EDGE_CURVE('',#3810,#3837,#3839,.T.);
#3837 = VERTEX_POINT('',#3838);
#3838 = CARTESIAN_POINT('',(207.7068035409,11.8,11.));
#3839 = SURFACE_CURVE('',#3840,(#3845,#3855),.PCURVE_S1.);
#3840 = ELLIPSE('',#3841,5.663093236033,2.3);
#3841 = AXIS2_PLACEMENT_3D('',#3842,#3843,#3844);
#3842 = CARTESIAN_POINT('',(210.,11.39375,10.84375));
#3843 = DIRECTION('',(0.,0.358979079309,-0.933345606203));
#3844 = DIRECTION('',(0.,-0.933345606203,-0.358979079309));
#3845 = PCURVE('',#1258,#3846);
#3846 = DEFINITIONAL_REPRESENTATION('',(#3847),#3854);
#3847 = B_SPLINE_CURVE_WITH_KNOTS('',5,(#3848,#3849,#3850,#3851,#3852,
    #3853),.UNSPECIFIED.,.F.,.F.,(6,6),(1.375878650834,1.672425634341),
  .PIECEWISE_BEZIER_KNOTS.);
#3848 = CARTESIAN_POINT('',(1.375878650834,25.264925291796));
#3849 = CARTESIAN_POINT('',(1.435188047536,24.96381123431));
#3850 = CARTESIAN_POINT('',(1.494497444237,24.658289959881));
#3851 = CARTESIAN_POINT('',(1.553806840938,24.350568085366));
#3852 = CARTESIAN_POINT('',(1.61311623764,24.042917090422));
#3853 = CARTESIAN_POINT('',(1.672425634341,23.737574644432));
#3854 = ( GEOMETRIC_REPRESENTATION_CONTEXT(2) 
PARAMETRIC_REPRESENTATION_CONTEXT() REPRESENTATION_CONTEXT('2D SPACE',''
  ) );
#3855 = PCURVE('',#3856,#3861);
#3856 = PLANE('',#3857);
#3857 = AXIS2_PLACEMENT_3D('',#3858,#3859,#3860);
#3858 = CARTESIAN_POINT('',(0.,11.8,11.));
#3859 = DIRECTION('',(0.,0.358979079309,-0.933345606203));
#3860 = DIRECTION('',(0.,-0.933345606203,-0.358979079309));
#3861 = DEFINITIONAL_REPRESENTATION('',(#3862),#3866);
#3862 = ELLIPSE('',#3863,5.663093236033,2.3);
#3863 = AXIS2_PLACEMENT_2D('',#3864,#3865);
#3864 = CARTESIAN_POINT('',(0.435262133662,-210.));
#3865 = DIRECTION('',(1.,0.));
#3866 = ( GEOMETRIC_REPRESENTATION_CONTEXT(2) 
PARAMETRIC_REPRESENTATION_CONTEXT() REPRESENTATION_CONTEXT('2D SPACE',''
  ) );
#3867 = ORIENTED_EDGE('',*,*,#3868,.T.);
#3868 = EDGE_CURVE('',#3837,#3869,#3871,.T.);
#3869 = VERTEX_POINT('',#3870);
#3870 = CARTESIAN_POINT('',(209.53134460671,14.734450383454,11.));
#3871 = SURFACE_CURVE('',#3872,(#3877,#3897),.PCURVE_S1.);
#3872 = ELLIPSE('',#3873,3.252691193458,2.3);
#3873 = AXIS2_PLACEMENT_3D('',#3874,#3875,#3876);
#3874 = CARTESIAN_POINT('',(210.,11.55,11.));
#3875 = DIRECTION('',(0.,0.,-1.));
#3876 = DIRECTION('',(0.,-1.,-0.));
#3877 = PCURVE('',#1258,#3878);
#3878 = DEFINITIONAL_REPRESENTATION('',(#3879),#3896);
#3879 = B_SPLINE_CURVE_WITH_KNOTS('',8,(#3880,#3881,#3882,#3883,#3884,
    #3885,#3886,#3887,#3888,#3889,#3890,#3891,#3892,#3893,#3894,#3895),
  .UNSPECIFIED.,.F.,.F.,(9,7,9),(1.557439285616,3.14159265359,
    4.725746021564),.UNSPECIFIED.);
#3880 = CARTESIAN_POINT('',(1.557439285616,24.072350841566));
#3881 = CARTESIAN_POINT('',(1.755458456612,23.616947375684));
#3882 = CARTESIAN_POINT('',(1.953477627609,23.160167117803));
#3883 = CARTESIAN_POINT('',(2.151496798606,22.729221948015));
#3884 = CARTESIAN_POINT('',(2.349515969594,22.351433134376));
#3885 = CARTESIAN_POINT('',(2.547535140597,22.050841352175));
#3886 = CARTESIAN_POINT('',(2.745554311596,21.844701136015));
#3887 = CARTESIAN_POINT('',(2.943573482593,21.741630560343));
#3888 = CARTESIAN_POINT('',(3.339611824587,21.741630560343));
#3889 = CARTESIAN_POINT('',(3.537630995585,21.844701136026));
#3890 = CARTESIAN_POINT('',(3.735650166571,22.050841352146));
#3891 = CARTESIAN_POINT('',(3.933669337588,22.351433134405));
#3892 = CARTESIAN_POINT('',(4.131688508562,22.729221948));
#3893 = CARTESIAN_POINT('',(4.329707679571,23.160167117803));
#3894 = CARTESIAN_POINT('',(4.527726850567,23.616947375684));
#3895 = CARTESIAN_POINT('',(4.725746021564,24.072350841566));
#3896 = ( GEOMETRIC_REPRESENTATION_CONTEXT(2) 
PARAMETRIC_REPRESENTATION_CONTEXT() REPRESENTATION_CONTEXT('2D SPACE',''
  ) );
#3897 = PCURVE('',#3898,#3903);
#3898 = PLANE('',#3899);
#3899 = AXIS2_PLACEMENT_3D('',#3900,#3901,#3902);
#3900 = CARTESIAN_POINT('',(0.,15.,11.));
#3901 = DIRECTION('',(0.,0.,-1.));
#3902 = DIRECTION('',(0.,-1.,0.));
#3903 = DEFINITIONAL_REPRESENTATION('',(#3904),#3908);
#3904 = ELLIPSE('',#3905,3.252691193458,2.3);
#3905 = AXIS2_PLACEMENT_2D('',#3906,#3907);
#3906 = CARTESIAN_POINT('',(3.45,-210.));
#3907 = DIRECTION('',(1.,0.));
#3908 = ( GEOMETRIC_REPRESENTATION_CONTEXT(2) 
PARAMETRIC_REPRESENTATION_CONTEXT() REPRESENTATION_CONTEXT('2D SPACE',''
  ) );
#3909 = ORIENTED_EDGE('',*,*,#3910,.T.);
#3910 = EDGE_CURVE('',#3869,#1887,#3911,.T.);
#3911 = SURFACE_CURVE('',#3912,(#3917,#3927),.PCURVE_S1.);
#3912 = ELLIPSE('',#3913,188.26224463898,2.3);
#3913 = AXIS2_PLACEMENT_3D('',#3914,#3915,#3916);
#3914 = CARTESIAN_POINT('',(210.,143.4611459228,142.9111459228));
#3915 = DIRECTION('',(0.,0.715692733704,-0.698415285431));
#3916 = DIRECTION('',(0.,-0.698415285431,-0.715692733704));
#3917 = PCURVE('',#1258,#3918);
#3918 = DEFINITIONAL_REPRESENTATION('',(#3919),#3926);
#3919 = B_SPLINE_CURVE_WITH_KNOTS('',5,(#3920,#3921,#3922,#3923,#3924,
    #3925),.UNSPECIFIED.,.F.,.F.,(6,6),(0.204713184367,0.210484662544),
  .PIECEWISE_BEZIER_KNOTS.);
#3920 = CARTESIAN_POINT('',(2.936879469223,21.808545195763));
#3921 = CARTESIAN_POINT('',(2.935725173588,21.76437227936));
#3922 = CARTESIAN_POINT('',(2.934570877952,21.719892382615));
#3923 = CARTESIAN_POINT('',(2.933416582317,21.675105628146));
#3924 = CARTESIAN_POINT('',(2.932262286681,21.630012140272));
#3925 = CARTESIAN_POINT('',(2.931107991045,21.584612045017));
#3926 = ( GEOMETRIC_REPRESENTATION_CONTEXT(2) 
PARAMETRIC_REPRESENTATION_CONTEXT() REPRESENTATION_CONTEXT('2D SPACE',''
  ) );
#3927 = PCURVE('',#1932,#3928);
#3928 = DEFINITIONAL_REPRESENTATION('',(#3929),#3933);
#3929 = ELLIPSE('',#3930,188.26224463898,2.3);
#3930 = AXIS2_PLACEMENT_2D('',#3931,#3932);
#3931 = CARTESIAN_POINT('',(-184.1259155523,-210.));
#3932 = DIRECTION('',(1.,0.));
#3933 = ( GEOMETRIC_REPRESENTATION_CONTEXT(2) 
PARAMETRIC_REPRESENTATION_CONTEXT() REPRESENTATION_CONTEXT('2D SPACE',''
  ) );
#3934 = ORIENTED_EDGE('',*,*,#1886,.T.);
#3935 = ORIENTED_EDGE('',*,*,#3936,.T.);
#3936 = EDGE_CURVE('',#1859,#3937,#3939,.T.);
#3937 = VERTEX_POINT('',#3938);
#3938 = CARTESIAN_POINT('',(210.46865539328,14.734450383454,11.));
#3939 = SURFACE_CURVE('',#3940,(#3945,#3955),.PCURVE_S1.);
#3940 = ELLIPSE('',#3941,188.26224463898,2.3);
#3941 = AXIS2_PLACEMENT_3D('',#3942,#3943,#3944);
#3942 = CARTESIAN_POINT('',(210.,143.4611459228,142.9111459228));
#3943 = DIRECTION('',(0.,0.715692733704,-0.698415285431));
#3944 = DIRECTION('',(0.,-0.698415285431,-0.715692733704));
#3945 = PCURVE('',#1258,#3946);
#3946 = DEFINITIONAL_REPRESENTATION('',(#3947),#3954);
#3947 = B_SPLINE_CURVE_WITH_KNOTS('',5,(#3948,#3949,#3950,#3951,#3952,
    #3953),.UNSPECIFIED.,.F.,.F.,(6,6),(6.072700644635,6.078472122813),
  .PIECEWISE_BEZIER_KNOTS.);
#3948 = CARTESIAN_POINT('',(3.352077316134,21.584612045017));
#3949 = CARTESIAN_POINT('',(3.350923020499,21.630012140272));
#3950 = CARTESIAN_POINT('',(3.349768724863,21.675105628145));
#3951 = CARTESIAN_POINT('',(3.348614429227,21.719892382615));
#3952 = CARTESIAN_POINT('',(3.347460133592,21.76437227936));
#3953 = CARTESIAN_POINT('',(3.346305837956,21.808545195763));
#3954 = ( GEOMETRIC_REPRESENTATION_CONTEXT(2) 
PARAMETRIC_REPRESENTATION_CONTEXT() REPRESENTATION_CONTEXT('2D SPACE',''
  ) );
#3955 = PCURVE('',#1874,#3956);
#3956 = DEFINITIONAL_REPRESENTATION('',(#3957),#3961);
#3957 = ELLIPSE('',#3958,188.26224463898,2.3);
#3958 = AXIS2_PLACEMENT_2D('',#3959,#3960);
#3959 = CARTESIAN_POINT('',(-184.1259155523,-210.));
#3960 = DIRECTION('',(1.,0.));
#3961 = ( GEOMETRIC_REPRESENTATION_CONTEXT(2) 
PARAMETRIC_REPRESENTATION_CONTEXT() REPRESENTATION_CONTEXT('2D SPACE',''
  ) );
#3962 = ORIENTED_EDGE('',*,*,#3963,.T.);
#3963 = EDGE_CURVE('',#3937,#3964,#3966,.T.);
#3964 = VERTEX_POINT('',#3965);
#3965 = CARTESIAN_POINT('',(212.29319645909,11.8,11.));
#3966 = SURFACE_CURVE('',#3967,(#3972,#3992),.PCURVE_S1.);
#3967 = ELLIPSE('',#3968,3.252691193458,2.3);
#3968 = AXIS2_PLACEMENT_3D('',#3969,#3970,#3971);
#3969 = CARTESIAN_POINT('',(210.,11.55,11.));
#3970 = DIRECTION('',(0.,0.,-1.));
#3971 = DIRECTION('',(0.,-1.,-0.));
#3972 = PCURVE('',#1258,#3973);
#3973 = DEFINITIONAL_REPRESENTATION('',(#3974),#3991);
#3974 = B_SPLINE_CURVE_WITH_KNOTS('',8,(#3975,#3976,#3977,#3978,#3979,
    #3980,#3981,#3982,#3983,#3984,#3985,#3986,#3987,#3988,#3989,#3990),
  .UNSPECIFIED.,.F.,.F.,(9,7,9),(1.557439285616,3.14159265359,
    4.725746021564),.UNSPECIFIED.);
#3975 = CARTESIAN_POINT('',(1.557439285616,24.072350841566));
#3976 = CARTESIAN_POINT('',(1.755458456612,23.616947375684));
#3977 = CARTESIAN_POINT('',(1.953477627609,23.160167117803));
#3978 = CARTESIAN_POINT('',(2.151496798606,22.729221948015));
#3979 = CARTESIAN_POINT('',(2.349515969594,22.351433134376));
#3980 = CARTESIAN_POINT('',(2.547535140597,22.050841352175));
#3981 = CARTESIAN_POINT('',(2.745554311596,21.844701136015));
#3982 = CARTESIAN_POINT('',(2.943573482593,21.741630560343));
#3983 = CARTESIAN_POINT('',(3.339611824587,21.741630560343));
#3984 = CARTESIAN_POINT('',(3.537630995585,21.844701136026));
#3985 = CARTESIAN_POINT('',(3.735650166571,22.050841352146));
#3986 = CARTESIAN_POINT('',(3.933669337588,22.351433134405));
#3987 = CARTESIAN_POINT('',(4.131688508562,22.729221948));
#3988 = CARTESIAN_POINT('',(4.329707679571,23.160167117803));
#3989 = CARTESIAN_POINT('',(4.527726850567,23.616947375684));
#3990 = CARTESIAN_POINT('',(4.725746021564,24.072350841566));
#3991 = ( GEOMETRIC_REPRESENTATION_CONTEXT(2) 
PARAMETRIC_REPRESENTATION_CONTEXT() REPRESENTATION_CONTEXT('2D SPACE',''
  ) );
#3992 = PCURVE('',#3572,#3993);
#3993 = DEFINITIONAL_REPRESENTATION('',(#3994),#3998);
#3994 = ELLIPSE('',#3995,3.252691193458,2.3);
#3995 = AXIS2_PLACEMENT_2D('',#3996,#3997);
#3996 = CARTESIAN_POINT('',(3.45,-210.));
#3997 = DIRECTION('',(1.,0.));
#3998 = ( GEOMETRIC_REPRESENTATION_CONTEXT(2) 
PARAMETRIC_REPRESENTATION_CONTEXT() REPRESENTATION_CONTEXT('2D SPACE',''
  ) );
#3999 = ORIENTED_EDGE('',*,*,#4000,.T.);
#4000 = EDGE_CURVE('',#3964,#3705,#4001,.T.);
#4001 = SURFACE_CURVE('',#4002,(#4007,#4017),.PCURVE_S1.);
#4002 = ELLIPSE('',#4003,5.663093236033,2.3);
#4003 = AXIS2_PLACEMENT_3D('',#4004,#4005,#4006);
#4004 = CARTESIAN_POINT('',(210.,11.39375,10.84375));
#4005 = DIRECTION('',(0.,0.358979079309,-0.933345606203));
#4006 = DIRECTION('',(0.,-0.933345606203,-0.358979079309));
#4007 = PCURVE('',#1258,#4008);
#4008 = DEFINITIONAL_REPRESENTATION('',(#4009),#4016);
#4009 = B_SPLINE_CURVE_WITH_KNOTS('',5,(#4010,#4011,#4012,#4013,#4014,
    #4015),.UNSPECIFIED.,.F.,.F.,(6,6),(4.610759672838,4.907306656345),
  .PIECEWISE_BEZIER_KNOTS.);
#4010 = CARTESIAN_POINT('',(4.610759672838,23.737574644432));
#4011 = CARTESIAN_POINT('',(4.67006906954,24.042917090422));
#4012 = CARTESIAN_POINT('',(4.729378466241,24.350568085366));
#4013 = CARTESIAN_POINT('',(4.788687862943,24.658289959881));
#4014 = CARTESIAN_POINT('',(4.847997259644,24.96381123431));
#4015 = CARTESIAN_POINT('',(4.907306656345,25.264925291796));
#4016 = ( GEOMETRIC_REPRESENTATION_CONTEXT(2) 
PARAMETRIC_REPRESENTATION_CONTEXT() REPRESENTATION_CONTEXT('2D SPACE',''
  ) );
#4017 = PCURVE('',#3530,#4018);
#4018 = DEFINITIONAL_REPRESENTATION('',(#4019),#4023);
#4019 = ELLIPSE('',#4020,5.663093236033,2.3);
#4020 = AXIS2_PLACEMENT_2D('',#4021,#4022);
#4021 = CARTESIAN_POINT('',(0.435262133662,-210.));
#4022 = DIRECTION('',(1.,0.));
#4023 = ( GEOMETRIC_REPRESENTATION_CONTEXT(2) 
PARAMETRIC_REPRESENTATION_CONTEXT() REPRESENTATION_CONTEXT('2D SPACE',''
  ) );
#4024 = ORIENTED_EDGE('',*,*,#3704,.T.);
#4025 = ORIENTED_EDGE('',*,*,#1275,.T.);
#4026 = ADVANCED_FACE('',(#4027),#1229,.F.);
#4027 = FACE_BOUND('',#4028,.F.);
#4028 = EDGE_LOOP('',(#4029,#4056,#4077,#4078));
#4029 = ORIENTED_EDGE('',*,*,#4030,.F.);
#4030 = EDGE_CURVE('',#4031,#1185,#4033,.T.);
#4031 = VERTEX_POINT('',#4032);
#4032 = CARTESIAN_POINT('',(189.7668811173,10.5,10.5));
#4033 = SURFACE_CURVE('',#4034,(#4039,#4046),.PCURVE_S1.);
#4034 = ELLIPSE('',#4035,5.663093236033,2.3);
#4035 = AXIS2_PLACEMENT_3D('',#4036,#4037,#4038);
#4036 = CARTESIAN_POINT('',(187.5,10.15625,9.60625));
#4037 = DIRECTION('',(0.,-0.933345606203,0.358979079309));
#4038 = DIRECTION('',(0.,-0.358979079309,-0.933345606203));
#4039 = PCURVE('',#1229,#4040);
#4040 = DEFINITIONAL_REPRESENTATION('',(#4041),#4045);
#4041 = ELLIPSE('',#4042,5.663093236033,2.3);
#4042 = AXIS2_PLACEMENT_2D('',#4043,#4044);
#4043 = CARTESIAN_POINT('',(-0.957576694056,-187.5));
#4044 = DIRECTION('',(-1.,-0.));
#4045 = ( GEOMETRIC_REPRESENTATION_CONTEXT(2) 
PARAMETRIC_REPRESENTATION_CONTEXT() REPRESENTATION_CONTEXT('2D SPACE',''
  ) );
#4046 = PCURVE('',#1167,#4047);
#4047 = DEFINITIONAL_REPRESENTATION('',(#4048),#4055);
#4048 = B_SPLINE_CURVE_WITH_KNOTS('',5,(#4049,#4050,#4051,#4052,#4053,
    #4054),.UNSPECIFIED.,.F.,.F.,(6,6),(1.715799665671,2.025989644395),
  .PIECEWISE_BEZIER_KNOTS.);
#4049 = CARTESIAN_POINT('',(4.85739231926,25.264925291795));
#4050 = CARTESIAN_POINT('',(4.919430315005,24.947247912236));
#4051 = CARTESIAN_POINT('',(4.98146831075,24.633167911676));
#4052 = CARTESIAN_POINT('',(5.043506306495,24.325232724433));
#4053 = CARTESIAN_POINT('',(5.10554430224,24.025931038413));
#4054 = CARTESIAN_POINT('',(5.167582297985,23.737574644432));
#4055 = ( GEOMETRIC_REPRESENTATION_CONTEXT(2) 
PARAMETRIC_REPRESENTATION_CONTEXT() REPRESENTATION_CONTEXT('2D SPACE',''
  ) );
#4056 = ORIENTED_EDGE('',*,*,#4057,.T.);
#4057 = EDGE_CURVE('',#4031,#3810,#4058,.T.);
#4058 = SURFACE_CURVE('',#4059,(#4063,#4070),.PCURVE_S1.);
#4059 = LINE('',#4060,#4061);
#4060 = CARTESIAN_POINT('',(0.,10.5,10.5));
#4061 = VECTOR('',#4062,1.);
#4062 = DIRECTION('',(1.,0.,0.));
#4063 = PCURVE('',#1229,#4064);
#4064 = DEFINITIONAL_REPRESENTATION('',(#4065),#4069);
#4065 = LINE('',#4066,#4067);
#4066 = CARTESIAN_POINT('',(0.,0.));
#4067 = VECTOR('',#4068,1.);
#4068 = DIRECTION('',(0.,-1.));
#4069 = ( GEOMETRIC_REPRESENTATION_CONTEXT(2) 
PARAMETRIC_REPRESENTATION_CONTEXT() REPRESENTATION_CONTEXT('2D SPACE',''
  ) );
#4070 = PCURVE('',#3856,#4071);
#4071 = DEFINITIONAL_REPRESENTATION('',(#4072),#4076);
#4072 = LINE('',#4073,#4074);
#4073 = CARTESIAN_POINT('',(1.392838827718,0.));
#4074 = VECTOR('',#4075,1.);
#4075 = DIRECTION('',(0.,-1.));
#4076 = ( GEOMETRIC_REPRESENTATION_CONTEXT(2) 
PARAMETRIC_REPRESENTATION_CONTEXT() REPRESENTATION_CONTEXT('2D SPACE',''
  ) );
#4077 = ORIENTED_EDGE('',*,*,#3809,.F.);
#4078 = ORIENTED_EDGE('',*,*,#1213,.F.);
#4079 = ADVANCED_FACE('',(#4080),#1167,.F.);
#4080 = FACE_BOUND('',#4081,.F.);
#4081 = EDGE_LOOP('',(#4082,#4105,#4132,#4133,#4134,#4161,#4193,#4235,
    #4260,#4261,#4288,#4325,#4350,#4351));
#4082 = ORIENTED_EDGE('',*,*,#4083,.T.);
#4083 = EDGE_CURVE('',#1151,#4084,#4086,.T.);
#4084 = VERTEX_POINT('',#4085);
#4085 = CARTESIAN_POINT('',(187.5,1.909188309204,4.611879502662));
#4086 = SEAM_CURVE('',#4087,(#4091,#4098),.PCURVE_S1.);
#4087 = LINE('',#4088,#4089);
#4088 = CARTESIAN_POINT('',(187.5,26.923654403271,29.626345596729));
#4089 = VECTOR('',#4090,1.);
#4090 = DIRECTION('',(0.,-0.707106781187,-0.707106781187));
#4091 = PCURVE('',#1167,#4092);
#4092 = DEFINITIONAL_REPRESENTATION('',(#4093),#4097);
#4093 = LINE('',#4094,#4095);
#4094 = CARTESIAN_POINT('',(6.28318530718,-0.));
#4095 = VECTOR('',#4096,1.);
#4096 = DIRECTION('',(0.,1.));
#4097 = ( GEOMETRIC_REPRESENTATION_CONTEXT(2) 
PARAMETRIC_REPRESENTATION_CONTEXT() REPRESENTATION_CONTEXT('2D SPACE',''
  ) );
#4098 = PCURVE('',#1167,#4099);
#4099 = DEFINITIONAL_REPRESENTATION('',(#4100),#4104);
#4100 = LINE('',#4101,#4102);
#4101 = CARTESIAN_POINT('',(0.,-0.));
#4102 = VECTOR('',#4103,1.);
#4103 = DIRECTION('',(0.,1.));
#4104 = ( GEOMETRIC_REPRESENTATION_CONTEXT(2) 
PARAMETRIC_REPRESENTATION_CONTEXT() REPRESENTATION_CONTEXT('2D SPACE',''
  ) );
#4105 = ORIENTED_EDGE('',*,*,#4106,.F.);
#4106 = EDGE_CURVE('',#4084,#4084,#4107,.T.);
#4107 = SURFACE_CURVE('',#4108,(#4113,#4120),.PCURVE_S1.);
#4108 = CIRCLE('',#4109,2.3);
#4109 = AXIS2_PLACEMENT_3D('',#4110,#4111,#4112);
#4110 = CARTESIAN_POINT('',(187.5,3.535533905933,2.985533905933));
#4111 = DIRECTION('',(-0.,-0.707106781187,-0.707106781187));
#4112 = DIRECTION('',(0.,-0.707106781187,0.707106781187));
#4113 = PCURVE('',#1167,#4114);
#4114 = DEFINITIONAL_REPRESENTATION('',(#4115),#4119);
#4115 = LINE('',#4116,#4117);
#4116 = CARTESIAN_POINT('',(0.,35.375797205752));
#4117 = VECTOR('',#4118,1.);
#4118 = DIRECTION('',(1.,0.));
#4119 = ( GEOMETRIC_REPRESENTATION_CONTEXT(2) 
PARAMETRIC_REPRESENTATION_CONTEXT() REPRESENTATION_CONTEXT('2D SPACE',''
  ) );
#4120 = PCURVE('',#4121,#4126);
#4121 = PLANE('',#4122);
#4122 = AXIS2_PLACEMENT_3D('',#4123,#4124,#4125);
#4123 = CARTESIAN_POINT('',(187.5,3.535533905933,2.985533905933));
#4124 = DIRECTION('',(-0.,-0.707106781187,-0.707106781187));
#4125 = DIRECTION('',(0.,-0.707106781187,0.707106781187));
#4126 = DEFINITIONAL_REPRESENTATION('',(#4127),#4131);
#4127 = CIRCLE('',#4128,2.3);
#4128 = AXIS2_PLACEMENT_2D('',#4129,#4130);
#4129 = CARTESIAN_POINT('',(0.,0.));
#4130 = DIRECTION('',(1.,0.));
#4131 = ( GEOMETRIC_REPRESENTATION_CONTEXT(2) 
PARAMETRIC_REPRESENTATION_CONTEXT() REPRESENTATION_CONTEXT('2D SPACE',''
  ) );
#4132 = ORIENTED_EDGE('',*,*,#4083,.F.);
#4133 = ORIENTED_EDGE('',*,*,#1150,.T.);
#4134 = ORIENTED_EDGE('',*,*,#4135,.T.);
#4135 = EDGE_CURVE('',#1123,#4136,#4138,.T.);
#4136 = VERTEX_POINT('',#4137);
#4137 = CARTESIAN_POINT('',(185.23311888269,10.5,10.5));
#4138 = SURFACE_CURVE('',#4139,(#4144,#4154),.PCURVE_S1.);
#4139 = ELLIPSE('',#4140,5.663093236033,2.3);
#4140 = AXIS2_PLACEMENT_3D('',#4141,#4142,#4143);
#4141 = CARTESIAN_POINT('',(187.5,10.15625,9.60625));
#4142 = DIRECTION('',(0.,-0.933345606203,0.358979079309));
#4143 = DIRECTION('',(0.,-0.358979079309,-0.933345606203));
#4144 = PCURVE('',#1167,#4145);
#4145 = DEFINITIONAL_REPRESENTATION('',(#4146),#4153);
#4146 = B_SPLINE_CURVE_WITH_KNOTS('',5,(#4147,#4148,#4149,#4150,#4151,
    #4152),.UNSPECIFIED.,.F.,.F.,(6,6),(4.257195662784,4.567385641509),
  .PIECEWISE_BEZIER_KNOTS.);
#4147 = CARTESIAN_POINT('',(1.115603009194,23.737574644432));
#4148 = CARTESIAN_POINT('',(1.177641004939,24.025931038413));
#4149 = CARTESIAN_POINT('',(1.239679000684,24.325232724433));
#4150 = CARTESIAN_POINT('',(1.301716996429,24.633167911676));
#4151 = CARTESIAN_POINT('',(1.363754992174,24.947247912236));
#4152 = CARTESIAN_POINT('',(1.425792987919,25.264925291795));
#4153 = ( GEOMETRIC_REPRESENTATION_CONTEXT(2) 
PARAMETRIC_REPRESENTATION_CONTEXT() REPRESENTATION_CONTEXT('2D SPACE',''
  ) );
#4154 = PCURVE('',#1138,#4155);
#4155 = DEFINITIONAL_REPRESENTATION('',(#4156),#4160);
#4156 = ELLIPSE('',#4157,5.663093236033,2.3);
#4157 = AXIS2_PLACEMENT_2D('',#4158,#4159);
#4158 = CARTESIAN_POINT('',(-0.957576694056,-187.5));
#4159 = DIRECTION('',(-1.,-0.));
#4160 = ( GEOMETRIC_REPRESENTATION_CONTEXT(2) 
PARAMETRIC_REPRESENTATION_CONTEXT() REPRESENTATION_CONTEXT('2D SPACE',''
  ) );
#4161 = ORIENTED_EDGE('',*,*,#4162,.T.);
#4162 = EDGE_CURVE('',#4136,#4163,#4165,.T.);
#4163 = VERTEX_POINT('',#4164);
#4164 = CARTESIAN_POINT('',(185.2068035409,11.8,11.));
#4165 = SURFACE_CURVE('',#4166,(#4171,#4181),.PCURVE_S1.);
#4166 = ELLIPSE('',#4167,5.663093236033,2.3);
#4167 = AXIS2_PLACEMENT_3D('',#4168,#4169,#4170);
#4168 = CARTESIAN_POINT('',(187.5,11.39375,10.84375));
#4169 = DIRECTION('',(0.,0.358979079309,-0.933345606203));
#4170 = DIRECTION('',(0.,-0.933345606203,-0.358979079309));
#4171 = PCURVE('',#1167,#4172);
#4172 = DEFINITIONAL_REPRESENTATION('',(#4173),#4180);
#4173 = B_SPLINE_CURVE_WITH_KNOTS('',5,(#4174,#4175,#4176,#4177,#4178,
    #4179),.UNSPECIFIED.,.F.,.F.,(6,6),(1.375878650834,1.672425634341),
  .PIECEWISE_BEZIER_KNOTS.);
#4174 = CARTESIAN_POINT('',(1.375878650834,25.264925291796));
#4175 = CARTESIAN_POINT('',(1.435188047536,24.96381123431));
#4176 = CARTESIAN_POINT('',(1.494497444237,24.658289959881));
#4177 = CARTESIAN_POINT('',(1.553806840938,24.350568085366));
#4178 = CARTESIAN_POINT('',(1.61311623764,24.042917090422));
#4179 = CARTESIAN_POINT('',(1.672425634341,23.737574644432));
#4180 = ( GEOMETRIC_REPRESENTATION_CONTEXT(2) 
PARAMETRIC_REPRESENTATION_CONTEXT() REPRESENTATION_CONTEXT('2D SPACE',''
  ) );
#4181 = PCURVE('',#4182,#4187);
#4182 = PLANE('',#4183);
#4183 = AXIS2_PLACEMENT_3D('',#4184,#4185,#4186);
#4184 = CARTESIAN_POINT('',(0.,11.8,11.));
#4185 = DIRECTION('',(0.,0.358979079309,-0.933345606203));
#4186 = DIRECTION('',(0.,-0.933345606203,-0.358979079309));
#4187 = DEFINITIONAL_REPRESENTATION('',(#4188),#4192);
#4188 = ELLIPSE('',#4189,5.663093236033,2.3);
#4189 = AXIS2_PLACEMENT_2D('',#4190,#4191);
#4190 = CARTESIAN_POINT('',(0.435262133662,-187.5));
#4191 = DIRECTION('',(1.,0.));
#4192 = ( GEOMETRIC_REPRESENTATION_CONTEXT(2) 
PARAMETRIC_REPRESENTATION_CONTEXT() REPRESENTATION_CONTEXT('2D SPACE',''
  ) );
#4193 = ORIENTED_EDGE('',*,*,#4194,.T.);
#4194 = EDGE_CURVE('',#4163,#4195,#4197,.T.);
#4195 = VERTEX_POINT('',#4196);
#4196 = CARTESIAN_POINT('',(187.03134460671,14.734450383454,11.));
#4197 = SURFACE_CURVE('',#4198,(#4203,#4223),.PCURVE_S1.);
#4198 = ELLIPSE('',#4199,3.252691193458,2.3);
#4199 = AXIS2_PLACEMENT_3D('',#4200,#4201,#4202);
#4200 = CARTESIAN_POINT('',(187.5,11.55,11.));
#4201 = DIRECTION('',(0.,0.,-1.));
#4202 = DIRECTION('',(0.,-1.,-0.));
#4203 = PCURVE('',#1167,#4204);
#4204 = DEFINITIONAL_REPRESENTATION('',(#4205),#4222);
#4205 = B_SPLINE_CURVE_WITH_KNOTS('',8,(#4206,#4207,#4208,#4209,#4210,
    #4211,#4212,#4213,#4214,#4215,#4216,#4217,#4218,#4219,#4220,#4221),
  .UNSPECIFIED.,.F.,.F.,(9,7,9),(1.557439285616,3.14159265359,
    4.725746021564),.UNSPECIFIED.);
#4206 = CARTESIAN_POINT('',(1.557439285616,24.072350841566));
#4207 = CARTESIAN_POINT('',(1.755458456612,23.616947375684));
#4208 = CARTESIAN_POINT('',(1.953477627605,23.160167117796));
#4209 = CARTESIAN_POINT('',(2.151496798613,22.729221948015));
#4210 = CARTESIAN_POINT('',(2.349515969587,22.35143313439));
#4211 = CARTESIAN_POINT('',(2.547535140609,22.050841352146));
#4212 = CARTESIAN_POINT('',(2.745554311593,21.844701136022));
#4213 = CARTESIAN_POINT('',(2.943573482593,21.741630560343));
#4214 = CARTESIAN_POINT('',(3.339611824587,21.741630560343));
#4215 = CARTESIAN_POINT('',(3.537630995582,21.844701136008));
#4216 = CARTESIAN_POINT('',(3.735650166567,22.05084135216));
#4217 = CARTESIAN_POINT('',(3.933669337581,22.351433134347));
#4218 = CARTESIAN_POINT('',(4.131688508567,22.729221948059));
#4219 = CARTESIAN_POINT('',(4.329707679572,23.160167117789));
#4220 = CARTESIAN_POINT('',(4.527726850567,23.616947375684));
#4221 = CARTESIAN_POINT('',(4.725746021564,24.072350841566));
#4222 = ( GEOMETRIC_REPRESENTATION_CONTEXT(2) 
PARAMETRIC_REPRESENTATION_CONTEXT() REPRESENTATION_CONTEXT('2D SPACE',''
  ) );
#4223 = PCURVE('',#4224,#4229);
#4224 = PLANE('',#4225);
#4225 = AXIS2_PLACEMENT_3D('',#4226,#4227,#4228);
#4226 = CARTESIAN_POINT('',(0.,15.,11.));
#4227 = DIRECTION('',(0.,0.,-1.));
#4228 = DIRECTION('',(0.,-1.,0.));
#4229 = DEFINITIONAL_REPRESENTATION('',(#4230),#4234);
#4230 = ELLIPSE('',#4231,3.252691193458,2.3);
#4231 = AXIS2_PLACEMENT_2D('',#4232,#4233);
#4232 = CARTESIAN_POINT('',(3.45,-187.5));
#4233 = DIRECTION('',(1.,0.));
#4234 = ( GEOMETRIC_REPRESENTATION_CONTEXT(2) 
PARAMETRIC_REPRESENTATION_CONTEXT() REPRESENTATION_CONTEXT('2D SPACE',''
  ) );
#4235 = ORIENTED_EDGE('',*,*,#4236,.T.);
#4236 = EDGE_CURVE('',#4195,#1945,#4237,.T.);
#4237 = SURFACE_CURVE('',#4238,(#4243,#4253),.PCURVE_S1.);
#4238 = ELLIPSE('',#4239,188.26224463898,2.3);
#4239 = AXIS2_PLACEMENT_3D('',#4240,#4241,#4242);
#4240 = CARTESIAN_POINT('',(187.5,143.4611459228,142.9111459228));
#4241 = DIRECTION('',(0.,0.715692733704,-0.698415285431));
#4242 = DIRECTION('',(0.,-0.698415285431,-0.715692733704));
#4243 = PCURVE('',#1167,#4244);
#4244 = DEFINITIONAL_REPRESENTATION('',(#4245),#4252);
#4245 = B_SPLINE_CURVE_WITH_KNOTS('',5,(#4246,#4247,#4248,#4249,#4250,
    #4251),.UNSPECIFIED.,.F.,.F.,(6,6),(0.204713184367,0.210484662544),
  .PIECEWISE_BEZIER_KNOTS.);
#4246 = CARTESIAN_POINT('',(2.936879469223,21.808545195763));
#4247 = CARTESIAN_POINT('',(2.935725173588,21.76437227936));
#4248 = CARTESIAN_POINT('',(2.934570877952,21.719892382615));
#4249 = CARTESIAN_POINT('',(2.933416582317,21.675105628145));
#4250 = CARTESIAN_POINT('',(2.932262286681,21.630012140272));
#4251 = CARTESIAN_POINT('',(2.931107991045,21.584612045017));
#4252 = ( GEOMETRIC_REPRESENTATION_CONTEXT(2) 
PARAMETRIC_REPRESENTATION_CONTEXT() REPRESENTATION_CONTEXT('2D SPACE',''
  ) );
#4253 = PCURVE('',#1990,#4254);
#4254 = DEFINITIONAL_REPRESENTATION('',(#4255),#4259);
#4255 = ELLIPSE('',#4256,188.26224463898,2.3);
#4256 = AXIS2_PLACEMENT_2D('',#4257,#4258);
#4257 = CARTESIAN_POINT('',(-184.1259155523,-187.5));
#4258 = DIRECTION('',(1.,0.));
#4259 = ( GEOMETRIC_REPRESENTATION_CONTEXT(2) 
PARAMETRIC_REPRESENTATION_CONTEXT() REPRESENTATION_CONTEXT('2D SPACE',''
  ) );
#4260 = ORIENTED_EDGE('',*,*,#1944,.T.);
#4261 = ORIENTED_EDGE('',*,*,#4262,.T.);
#4262 = EDGE_CURVE('',#1917,#4263,#4265,.T.);
#4263 = VERTEX_POINT('',#4264);
#4264 = CARTESIAN_POINT('',(187.96865539328,14.734450383454,11.));
#4265 = SURFACE_CURVE('',#4266,(#4271,#4281),.PCURVE_S1.);
#4266 = ELLIPSE('',#4267,188.26224463898,2.3);
#4267 = AXIS2_PLACEMENT_3D('',#4268,#4269,#4270);
#4268 = CARTESIAN_POINT('',(187.5,143.4611459228,142.9111459228));
#4269 = DIRECTION('',(0.,0.715692733704,-0.698415285431));
#4270 = DIRECTION('',(0.,-0.698415285431,-0.715692733704));
#4271 = PCURVE('',#1167,#4272);
#4272 = DEFINITIONAL_REPRESENTATION('',(#4273),#4280);
#4273 = B_SPLINE_CURVE_WITH_KNOTS('',5,(#4274,#4275,#4276,#4277,#4278,
    #4279),.UNSPECIFIED.,.F.,.F.,(6,6),(6.072700644635,6.078472122813),
  .PIECEWISE_BEZIER_KNOTS.);
#4274 = CARTESIAN_POINT('',(3.352077316134,21.584612045017));
#4275 = CARTESIAN_POINT('',(3.350923020499,21.630012140272));
#4276 = CARTESIAN_POINT('',(3.349768724863,21.675105628145));
#4277 = CARTESIAN_POINT('',(3.348614429227,21.719892382615));
#4278 = CARTESIAN_POINT('',(3.347460133592,21.76437227936));
#4279 = CARTESIAN_POINT('',(3.346305837956,21.808545195763));
#4280 = ( GEOMETRIC_REPRESENTATION_CONTEXT(2) 
PARAMETRIC_REPRESENTATION_CONTEXT() REPRESENTATION_CONTEXT('2D SPACE',''
  ) );
#4281 = PCURVE('',#1932,#4282);
#4282 = DEFINITIONAL_REPRESENTATION('',(#4283),#4287);
#4283 = ELLIPSE('',#4284,188.26224463898,2.3);
#4284 = AXIS2_PLACEMENT_2D('',#4285,#4286);
#4285 = CARTESIAN_POINT('',(-184.1259155523,-187.5));
#4286 = DIRECTION('',(1.,0.));
#4287 = ( GEOMETRIC_REPRESENTATION_CONTEXT(2) 
PARAMETRIC_REPRESENTATION_CONTEXT() REPRESENTATION_CONTEXT('2D SPACE',''
  ) );
#4288 = ORIENTED_EDGE('',*,*,#4289,.T.);
#4289 = EDGE_CURVE('',#4263,#4290,#4292,.T.);
#4290 = VERTEX_POINT('',#4291);
#4291 = CARTESIAN_POINT('',(189.79319645909,11.8,11.));
#4292 = SURFACE_CURVE('',#4293,(#4298,#4318),.PCURVE_S1.);
#4293 = ELLIPSE('',#4294,3.252691193458,2.3);
#4294 = AXIS2_PLACEMENT_3D('',#4295,#4296,#4297);
#4295 = CARTESIAN_POINT('',(187.5,11.55,11.));
#4296 = DIRECTION('',(0.,0.,-1.));
#4297 = DIRECTION('',(0.,-1.,-0.));
#4298 = PCURVE('',#1167,#4299);
#4299 = DEFINITIONAL_REPRESENTATION('',(#4300),#4317);
#4300 = B_SPLINE_CURVE_WITH_KNOTS('',8,(#4301,#4302,#4303,#4304,#4305,
    #4306,#4307,#4308,#4309,#4310,#4311,#4312,#4313,#4314,#4315,#4316),
  .UNSPECIFIED.,.F.,.F.,(9,7,9),(1.557439285616,3.14159265359,
    4.725746021564),.UNSPECIFIED.);
#4301 = CARTESIAN_POINT('',(1.557439285616,24.072350841566));
#4302 = CARTESIAN_POINT('',(1.755458456612,23.616947375684));
#4303 = CARTESIAN_POINT('',(1.953477627605,23.160167117796));
#4304 = CARTESIAN_POINT('',(2.151496798613,22.729221948015));
#4305 = CARTESIAN_POINT('',(2.349515969587,22.35143313439));
#4306 = CARTESIAN_POINT('',(2.547535140609,22.050841352146));
#4307 = CARTESIAN_POINT('',(2.745554311593,21.844701136022));
#4308 = CARTESIAN_POINT('',(2.943573482593,21.741630560343));
#4309 = CARTESIAN_POINT('',(3.339611824587,21.741630560343));
#4310 = CARTESIAN_POINT('',(3.537630995582,21.844701136008));
#4311 = CARTESIAN_POINT('',(3.735650166567,22.05084135216));
#4312 = CARTESIAN_POINT('',(3.933669337581,22.351433134347));
#4313 = CARTESIAN_POINT('',(4.131688508567,22.729221948059));
#4314 = CARTESIAN_POINT('',(4.329707679572,23.160167117789));
#4315 = CARTESIAN_POINT('',(4.527726850567,23.616947375684));
#4316 = CARTESIAN_POINT('',(4.725746021564,24.072350841566));
#4317 = ( GEOMETRIC_REPRESENTATION_CONTEXT(2) 
PARAMETRIC_REPRESENTATION_CONTEXT() REPRESENTATION_CONTEXT('2D SPACE',''
  ) );
#4318 = PCURVE('',#3898,#4319);
#4319 = DEFINITIONAL_REPRESENTATION('',(#4320),#4324);
#4320 = ELLIPSE('',#4321,3.252691193458,2.3);
#4321 = AXIS2_PLACEMENT_2D('',#4322,#4323);
#4322 = CARTESIAN_POINT('',(3.45,-187.5));
#4323 = DIRECTION('',(1.,0.));
#4324 = ( GEOMETRIC_REPRESENTATION_CONTEXT(2) 
PARAMETRIC_REPRESENTATION_CONTEXT() REPRESENTATION_CONTEXT('2D SPACE',''
  ) );
#4325 = ORIENTED_EDGE('',*,*,#4326,.T.);
#4326 = EDGE_CURVE('',#4290,#4031,#4327,.T.);
#4327 = SURFACE_CURVE('',#4328,(#4333,#4343),.PCURVE_S1.);
#4328 = ELLIPSE('',#4329,5.663093236033,2.3);
#4329 = AXIS2_PLACEMENT_3D('',#4330,#4331,#4332);
#4330 = CARTESIAN_POINT('',(187.5,11.39375,10.84375));
#4331 = DIRECTION('',(0.,0.358979079309,-0.933345606203));
#4332 = DIRECTION('',(0.,-0.933345606203,-0.358979079309));
#4333 = PCURVE('',#1167,#4334);
#4334 = DEFINITIONAL_REPRESENTATION('',(#4335),#4342);
#4335 = B_SPLINE_CURVE_WITH_KNOTS('',5,(#4336,#4337,#4338,#4339,#4340,
    #4341),.UNSPECIFIED.,.F.,.F.,(6,6),(4.610759672838,4.907306656345),
  .PIECEWISE_BEZIER_KNOTS.);
#4336 = CARTESIAN_POINT('',(4.610759672838,23.737574644432));
#4337 = CARTESIAN_POINT('',(4.67006906954,24.042917090422));
#4338 = CARTESIAN_POINT('',(4.729378466241,24.350568085366));
#4339 = CARTESIAN_POINT('',(4.788687862943,24.658289959881));
#4340 = CARTESIAN_POINT('',(4.847997259644,24.96381123431));
#4341 = CARTESIAN_POINT('',(4.907306656345,25.264925291796));
#4342 = ( GEOMETRIC_REPRESENTATION_CONTEXT(2) 
PARAMETRIC_REPRESENTATION_CONTEXT() REPRESENTATION_CONTEXT('2D SPACE',''
  ) );
#4343 = PCURVE('',#3856,#4344);
#4344 = DEFINITIONAL_REPRESENTATION('',(#4345),#4349);
#4345 = ELLIPSE('',#4346,5.663093236033,2.3);
#4346 = AXIS2_PLACEMENT_2D('',#4347,#4348);
#4347 = CARTESIAN_POINT('',(0.435262133662,-187.5));
#4348 = DIRECTION('',(1.,0.));
#4349 = ( GEOMETRIC_REPRESENTATION_CONTEXT(2) 
PARAMETRIC_REPRESENTATION_CONTEXT() REPRESENTATION_CONTEXT('2D SPACE',''
  ) );
#4350 = ORIENTED_EDGE('',*,*,#4030,.T.);
#4351 = ORIENTED_EDGE('',*,*,#1184,.T.);
#4352 = ADVANCED_FACE('',(#4353),#1138,.F.);
#4353 = FACE_BOUND('',#4354,.F.);
#4354 = EDGE_LOOP('',(#4355,#4382,#4403,#4404));
#4355 = ORIENTED_EDGE('',*,*,#4356,.F.);
#4356 = EDGE_CURVE('',#4357,#1094,#4359,.T.);
#4357 = VERTEX_POINT('',#4358);
#4358 = CARTESIAN_POINT('',(139.7668811173,10.5,10.5));
#4359 = SURFACE_CURVE('',#4360,(#4365,#4372),.PCURVE_S1.);
#4360 = ELLIPSE('',#4361,5.663093236033,2.3);
#4361 = AXIS2_PLACEMENT_3D('',#4362,#4363,#4364);
#4362 = CARTESIAN_POINT('',(137.5,10.15625,9.60625));
#4363 = DIRECTION('',(0.,-0.933345606203,0.358979079309));
#4364 = DIRECTION('',(0.,-0.358979079309,-0.933345606203));
#4365 = PCURVE('',#1138,#4366);
#4366 = DEFINITIONAL_REPRESENTATION('',(#4367),#4371);
#4367 = ELLIPSE('',#4368,5.663093236033,2.3);
#4368 = AXIS2_PLACEMENT_2D('',#4369,#4370);
#4369 = CARTESIAN_POINT('',(-0.957576694056,-137.5));
#4370 = DIRECTION('',(-1.,-0.));
#4371 = ( GEOMETRIC_REPRESENTATION_CONTEXT(2) 
PARAMETRIC_REPRESENTATION_CONTEXT() REPRESENTATION_CONTEXT('2D SPACE',''
  ) );
#4372 = PCURVE('',#1076,#4373);
#4373 = DEFINITIONAL_REPRESENTATION('',(#4374),#4381);
#4374 = B_SPLINE_CURVE_WITH_KNOTS('',5,(#4375,#4376,#4377,#4378,#4379,
    #4380),.UNSPECIFIED.,.F.,.F.,(6,6),(1.71579966567,2.025989644395),
  .PIECEWISE_BEZIER_KNOTS.);
#4375 = CARTESIAN_POINT('',(4.85739231926,25.264925291796));
#4376 = CARTESIAN_POINT('',(4.919430315005,24.947247912237));
#4377 = CARTESIAN_POINT('',(4.98146831075,24.633167911677));
#4378 = CARTESIAN_POINT('',(5.043506306495,24.325232724433));
#4379 = CARTESIAN_POINT('',(5.10554430224,24.025931038414));
#4380 = CARTESIAN_POINT('',(5.167582297985,23.737574644433));
#4381 = ( GEOMETRIC_REPRESENTATION_CONTEXT(2) 
PARAMETRIC_REPRESENTATION_CONTEXT() REPRESENTATION_CONTEXT('2D SPACE',''
  ) );
#4382 = ORIENTED_EDGE('',*,*,#4383,.T.);
#4383 = EDGE_CURVE('',#4357,#4136,#4384,.T.);
#4384 = SURFACE_CURVE('',#4385,(#4389,#4396),.PCURVE_S1.);
#4385 = LINE('',#4386,#4387);
#4386 = CARTESIAN_POINT('',(0.,10.5,10.5));
#4387 = VECTOR('',#4388,1.);
#4388 = DIRECTION('',(1.,0.,0.));
#4389 = PCURVE('',#1138,#4390);
#4390 = DEFINITIONAL_REPRESENTATION('',(#4391),#4395);
#4391 = LINE('',#4392,#4393);
#4392 = CARTESIAN_POINT('',(0.,0.));
#4393 = VECTOR('',#4394,1.);
#4394 = DIRECTION('',(0.,-1.));
#4395 = ( GEOMETRIC_REPRESENTATION_CONTEXT(2) 
PARAMETRIC_REPRESENTATION_CONTEXT() REPRESENTATION_CONTEXT('2D SPACE',''
  ) );
#4396 = PCURVE('',#4182,#4397);
#4397 = DEFINITIONAL_REPRESENTATION('',(#4398),#4402);
#4398 = LINE('',#4399,#4400);
#4399 = CARTESIAN_POINT('',(1.392838827718,0.));
#4400 = VECTOR('',#4401,1.);
#4401 = DIRECTION('',(0.,-1.));
#4402 = ( GEOMETRIC_REPRESENTATION_CONTEXT(2) 
PARAMETRIC_REPRESENTATION_CONTEXT() REPRESENTATION_CONTEXT('2D SPACE',''
  ) );
#4403 = ORIENTED_EDGE('',*,*,#4135,.F.);
#4404 = ORIENTED_EDGE('',*,*,#1122,.F.);
#4405 = ADVANCED_FACE('',(#4406),#1076,.F.);
#4406 = FACE_BOUND('',#4407,.F.);
#4407 = EDGE_LOOP('',(#4408,#4431,#4458,#4459,#4460,#4487,#4519,#4561,
    #4586,#4587,#4614,#4651,#4676,#4677));
#4408 = ORIENTED_EDGE('',*,*,#4409,.T.);
#4409 = EDGE_CURVE('',#1060,#4410,#4412,.T.);
#4410 = VERTEX_POINT('',#4411);
#4411 = CARTESIAN_POINT('',(137.5,1.909188309204,4.611879502662));
#4412 = SEAM_CURVE('',#4413,(#4417,#4424),.PCURVE_S1.);
#4413 = LINE('',#4414,#4415);
#4414 = CARTESIAN_POINT('',(137.5,26.923654403271,29.626345596729));
#4415 = VECTOR('',#4416,1.);
#4416 = DIRECTION('',(0.,-0.707106781187,-0.707106781187));
#4417 = PCURVE('',#1076,#4418);
#4418 = DEFINITIONAL_REPRESENTATION('',(#4419),#4423);
#4419 = LINE('',#4420,#4421);
#4420 = CARTESIAN_POINT('',(6.28318530718,-0.));
#4421 = VECTOR('',#4422,1.);
#4422 = DIRECTION('',(0.,1.));
#4423 = ( GEOMETRIC_REPRESENTATION_CONTEXT(2) 
PARAMETRIC_REPRESENTATION_CONTEXT() REPRESENTATION_CONTEXT('2D SPACE',''
  ) );
#4424 = PCURVE('',#1076,#4425);
#4425 = DEFINITIONAL_REPRESENTATION('',(#4426),#4430);
#4426 = LINE('',#4427,#4428);
#4427 = CARTESIAN_POINT('',(0.,-0.));
#4428 = VECTOR('',#4429,1.);
#4429 = DIRECTION('',(0.,1.));
#4430 = ( GEOMETRIC_REPRESENTATION_CONTEXT(2) 
PARAMETRIC_REPRESENTATION_CONTEXT() REPRESENTATION_CONTEXT('2D SPACE',''
  ) );
#4431 = ORIENTED_EDGE('',*,*,#4432,.F.);
#4432 = EDGE_CURVE('',#4410,#4410,#4433,.T.);
#4433 = SURFACE_CURVE('',#4434,(#4439,#4446),.PCURVE_S1.);
#4434 = CIRCLE('',#4435,2.3);
#4435 = AXIS2_PLACEMENT_3D('',#4436,#4437,#4438);
#4436 = CARTESIAN_POINT('',(137.5,3.535533905933,2.985533905933));
#4437 = DIRECTION('',(-0.,-0.707106781187,-0.707106781187));
#4438 = DIRECTION('',(0.,-0.707106781187,0.707106781187));
#4439 = PCURVE('',#1076,#4440);
#4440 = DEFINITIONAL_REPRESENTATION('',(#4441),#4445);
#4441 = LINE('',#4442,#4443);
#4442 = CARTESIAN_POINT('',(0.,35.375797205752));
#4443 = VECTOR('',#4444,1.);
#4444 = DIRECTION('',(1.,0.));
#4445 = ( GEOMETRIC_REPRESENTATION_CONTEXT(2) 
PARAMETRIC_REPRESENTATION_CONTEXT() REPRESENTATION_CONTEXT('2D SPACE',''
  ) );
#4446 = PCURVE('',#4447,#4452);
#4447 = PLANE('',#4448);
#4448 = AXIS2_PLACEMENT_3D('',#4449,#4450,#4451);
#4449 = CARTESIAN_POINT('',(137.5,3.535533905933,2.985533905933));
#4450 = DIRECTION('',(-0.,-0.707106781187,-0.707106781187));
#4451 = DIRECTION('',(0.,-0.707106781187,0.707106781187));
#4452 = DEFINITIONAL_REPRESENTATION('',(#4453),#4457);
#4453 = CIRCLE('',#4454,2.3);
#4454 = AXIS2_PLACEMENT_2D('',#4455,#4456);
#4455 = CARTESIAN_POINT('',(0.,0.));
#4456 = DIRECTION('',(1.,0.));
#4457 = ( GEOMETRIC_REPRESENTATION_CONTEXT(2) 
PARAMETRIC_REPRESENTATION_CONTEXT() REPRESENTATION_CONTEXT('2D SPACE',''
  ) );
#4458 = ORIENTED_EDGE('',*,*,#4409,.F.);
#4459 = ORIENTED_EDGE('',*,*,#1059,.T.);
#4460 = ORIENTED_EDGE('',*,*,#4461,.T.);
#4461 = EDGE_CURVE('',#1032,#4462,#4464,.T.);
#4462 = VERTEX_POINT('',#4463);
#4463 = CARTESIAN_POINT('',(135.23311888269,10.5,10.5));
#4464 = SURFACE_CURVE('',#4465,(#4470,#4480),.PCURVE_S1.);
#4465 = ELLIPSE('',#4466,5.663093236033,2.3);
#4466 = AXIS2_PLACEMENT_3D('',#4467,#4468,#4469);
#4467 = CARTESIAN_POINT('',(137.5,10.15625,9.60625));
#4468 = DIRECTION('',(0.,-0.933345606203,0.358979079309));
#4469 = DIRECTION('',(0.,-0.358979079309,-0.933345606203));
#4470 = PCURVE('',#1076,#4471);
#4471 = DEFINITIONAL_REPRESENTATION('',(#4472),#4479);
#4472 = B_SPLINE_CURVE_WITH_KNOTS('',5,(#4473,#4474,#4475,#4476,#4477,
    #4478),.UNSPECIFIED.,.F.,.F.,(6,6),(4.257195662784,4.567385641509),
  .PIECEWISE_BEZIER_KNOTS.);
#4473 = CARTESIAN_POINT('',(1.115603009195,23.737574644433));
#4474 = CARTESIAN_POINT('',(1.17764100494,24.025931038414));
#4475 = CARTESIAN_POINT('',(1.239679000685,24.325232724433));
#4476 = CARTESIAN_POINT('',(1.301716996429,24.633167911677));
#4477 = CARTESIAN_POINT('',(1.363754992174,24.947247912237));
#4478 = CARTESIAN_POINT('',(1.425792987919,25.264925291796));
#4479 = ( GEOMETRIC_REPRESENTATION_CONTEXT(2) 
PARAMETRIC_REPRESENTATION_CONTEXT() REPRESENTATION_CONTEXT('2D SPACE',''
  ) );
#4480 = PCURVE('',#1047,#4481);
#4481 = DEFINITIONAL_REPRESENTATION('',(#4482),#4486);
#4482 = ELLIPSE('',#4483,5.663093236033,2.3);
#4483 = AXIS2_PLACEMENT_2D('',#4484,#4485);
#4484 = CARTESIAN_POINT('',(-0.957576694056,-137.5));
#4485 = DIRECTION('',(-1.,-0.));
#4486 = ( GEOMETRIC_REPRESENTATION_CONTEXT(2) 
PARAMETRIC_REPRESENTATION_CONTEXT() REPRESENTATION_CONTEXT('2D SPACE',''
  ) );
#4487 = ORIENTED_EDGE('',*,*,#4488,.T.);
#4488 = EDGE_CURVE('',#4462,#4489,#4491,.T.);
#4489 = VERTEX_POINT('',#4490);
#4490 = CARTESIAN_POINT('',(135.2068035409,11.8,11.));
#4491 = SURFACE_CURVE('',#4492,(#4497,#4507),.PCURVE_S1.);
#4492 = ELLIPSE('',#4493,5.663093236033,2.3);
#4493 = AXIS2_PLACEMENT_3D('',#4494,#4495,#4496);
#4494 = CARTESIAN_POINT('',(137.5,11.39375,10.84375));
#4495 = DIRECTION('',(0.,0.358979079309,-0.933345606203));
#4496 = DIRECTION('',(0.,-0.933345606203,-0.358979079309));
#4497 = PCURVE('',#1076,#4498);
#4498 = DEFINITIONAL_REPRESENTATION('',(#4499),#4506);
#4499 = B_SPLINE_CURVE_WITH_KNOTS('',5,(#4500,#4501,#4502,#4503,#4504,
    #4505),.UNSPECIFIED.,.F.,.F.,(6,6),(1.375878650834,1.672425634341),
  .PIECEWISE_BEZIER_KNOTS.);
#4500 = CARTESIAN_POINT('',(1.375878650834,25.264925291795));
#4501 = CARTESIAN_POINT('',(1.435188047536,24.96381123431));
#4502 = CARTESIAN_POINT('',(1.494497444237,24.658289959881));
#4503 = CARTESIAN_POINT('',(1.553806840938,24.350568085366));
#4504 = CARTESIAN_POINT('',(1.61311623764,24.042917090422));
#4505 = CARTESIAN_POINT('',(1.672425634341,23.737574644432));
#4506 = ( GEOMETRIC_REPRESENTATION_CONTEXT(2) 
PARAMETRIC_REPRESENTATION_CONTEXT() REPRESENTATION_CONTEXT('2D SPACE',''
  ) );
#4507 = PCURVE('',#4508,#4513);
#4508 = PLANE('',#4509);
#4509 = AXIS2_PLACEMENT_3D('',#4510,#4511,#4512);
#4510 = CARTESIAN_POINT('',(0.,11.8,11.));
#4511 = DIRECTION('',(0.,0.358979079309,-0.933345606203));
#4512 = DIRECTION('',(0.,-0.933345606203,-0.358979079309));
#4513 = DEFINITIONAL_REPRESENTATION('',(#4514),#4518);
#4514 = ELLIPSE('',#4515,5.663093236033,2.3);
#4515 = AXIS2_PLACEMENT_2D('',#4516,#4517);
#4516 = CARTESIAN_POINT('',(0.435262133662,-137.5));
#4517 = DIRECTION('',(1.,0.));
#4518 = ( GEOMETRIC_REPRESENTATION_CONTEXT(2) 
PARAMETRIC_REPRESENTATION_CONTEXT() REPRESENTATION_CONTEXT('2D SPACE',''
  ) );
#4519 = ORIENTED_EDGE('',*,*,#4520,.T.);
#4520 = EDGE_CURVE('',#4489,#4521,#4523,.T.);
#4521 = VERTEX_POINT('',#4522);
#4522 = CARTESIAN_POINT('',(137.0313446067,14.734450383454,11.));
#4523 = SURFACE_CURVE('',#4524,(#4529,#4549),.PCURVE_S1.);
#4524 = ELLIPSE('',#4525,3.252691193458,2.3);
#4525 = AXIS2_PLACEMENT_3D('',#4526,#4527,#4528);
#4526 = CARTESIAN_POINT('',(137.5,11.55,11.));
#4527 = DIRECTION('',(0.,0.,-1.));
#4528 = DIRECTION('',(0.,-1.,-0.));
#4529 = PCURVE('',#1076,#4530);
#4530 = DEFINITIONAL_REPRESENTATION('',(#4531),#4548);
#4531 = B_SPLINE_CURVE_WITH_KNOTS('',8,(#4532,#4533,#4534,#4535,#4536,
    #4537,#4538,#4539,#4540,#4541,#4542,#4543,#4544,#4545,#4546,#4547),
  .UNSPECIFIED.,.F.,.F.,(9,7,9),(1.557439285616,3.14159265359,
    4.725746021564),.UNSPECIFIED.);
#4532 = CARTESIAN_POINT('',(1.557439285616,24.072350841566));
#4533 = CARTESIAN_POINT('',(1.755458456612,23.616947375684));
#4534 = CARTESIAN_POINT('',(1.953477627604,23.160167117821));
#4535 = CARTESIAN_POINT('',(2.151496798613,22.729221947913));
#4536 = CARTESIAN_POINT('',(2.349515969581,22.351433134419));
#4537 = CARTESIAN_POINT('',(2.547535140613,22.050841352044));
#4538 = CARTESIAN_POINT('',(2.745554311591,21.844701136044));
#4539 = CARTESIAN_POINT('',(2.943573482593,21.741630560343));
#4540 = CARTESIAN_POINT('',(3.339611824587,21.741630560343));
#4541 = CARTESIAN_POINT('',(3.537630995583,21.844701136029));
#4542 = CARTESIAN_POINT('',(3.735650166573,22.050841352044));
#4543 = CARTESIAN_POINT('',(3.933669337563,22.351433134419));
#4544 = CARTESIAN_POINT('',(4.131688508571,22.729221947884));
#4545 = CARTESIAN_POINT('',(4.32970767957,23.160167117807));
#4546 = CARTESIAN_POINT('',(4.527726850567,23.616947375684));
#4547 = CARTESIAN_POINT('',(4.725746021564,24.072350841566));
#4548 = ( GEOMETRIC_REPRESENTATION_CONTEXT(2) 
PARAMETRIC_REPRESENTATION_CONTEXT() REPRESENTATION_CONTEXT('2D SPACE',''
  ) );
#4549 = PCURVE('',#4550,#4555);
#4550 = PLANE('',#4551);
#4551 = AXIS2_PLACEMENT_3D('',#4552,#4553,#4554);
#4552 = CARTESIAN_POINT('',(0.,15.,11.));
#4553 = DIRECTION('',(0.,0.,-1.));
#4554 = DIRECTION('',(0.,-1.,0.));
#4555 = DEFINITIONAL_REPRESENTATION('',(#4556),#4560);
#4556 = ELLIPSE('',#4557,3.252691193458,2.3);
#4557 = AXIS2_PLACEMENT_2D('',#4558,#4559);
#4558 = CARTESIAN_POINT('',(3.45,-137.5));
#4559 = DIRECTION('',(1.,0.));
#4560 = ( GEOMETRIC_REPRESENTATION_CONTEXT(2) 
PARAMETRIC_REPRESENTATION_CONTEXT() REPRESENTATION_CONTEXT('2D SPACE',''
  ) );
#4561 = ORIENTED_EDGE('',*,*,#4562,.T.);
#4562 = EDGE_CURVE('',#4521,#2003,#4563,.T.);
#4563 = SURFACE_CURVE('',#4564,(#4569,#4579),.PCURVE_S1.);
#4564 = ELLIPSE('',#4565,188.26224463898,2.3);
#4565 = AXIS2_PLACEMENT_3D('',#4566,#4567,#4568);
#4566 = CARTESIAN_POINT('',(137.5,143.4611459228,142.9111459228));
#4567 = DIRECTION('',(0.,0.715692733704,-0.698415285431));
#4568 = DIRECTION('',(0.,-0.698415285431,-0.715692733704));
#4569 = PCURVE('',#1076,#4570);
#4570 = DEFINITIONAL_REPRESENTATION('',(#4571),#4578);
#4571 = B_SPLINE_CURVE_WITH_KNOTS('',5,(#4572,#4573,#4574,#4575,#4576,
    #4577),.UNSPECIFIED.,.F.,.F.,(6,6),(0.204713184368,0.210484662546),
  .PIECEWISE_BEZIER_KNOTS.);
#4572 = CARTESIAN_POINT('',(2.936879469222,21.8085451957));
#4573 = CARTESIAN_POINT('',(2.935725173586,21.764372279297));
#4574 = CARTESIAN_POINT('',(2.934570877951,21.719892382552));
#4575 = CARTESIAN_POINT('',(2.933416582315,21.675105628082));
#4576 = CARTESIAN_POINT('',(2.932262286679,21.630012140209));
#4577 = CARTESIAN_POINT('',(2.931107991044,21.584612044954));
#4578 = ( GEOMETRIC_REPRESENTATION_CONTEXT(2) 
PARAMETRIC_REPRESENTATION_CONTEXT() REPRESENTATION_CONTEXT('2D SPACE',''
  ) );
#4579 = PCURVE('',#2048,#4580);
#4580 = DEFINITIONAL_REPRESENTATION('',(#4581),#4585);
#4581 = ELLIPSE('',#4582,188.26224463898,2.3);
#4582 = AXIS2_PLACEMENT_2D('',#4583,#4584);
#4583 = CARTESIAN_POINT('',(-184.1259155523,-137.5));
#4584 = DIRECTION('',(1.,0.));
#4585 = ( GEOMETRIC_REPRESENTATION_CONTEXT(2) 
PARAMETRIC_REPRESENTATION_CONTEXT() REPRESENTATION_CONTEXT('2D SPACE',''
  ) );
#4586 = ORIENTED_EDGE('',*,*,#2002,.T.);
#4587 = ORIENTED_EDGE('',*,*,#4588,.T.);
#4588 = EDGE_CURVE('',#1975,#4589,#4591,.T.);
#4589 = VERTEX_POINT('',#4590);
#4590 = CARTESIAN_POINT('',(137.96865539329,14.734450383454,11.));
#4591 = SURFACE_CURVE('',#4592,(#4597,#4607),.PCURVE_S1.);
#4592 = ELLIPSE('',#4593,188.26224463898,2.3);
#4593 = AXIS2_PLACEMENT_3D('',#4594,#4595,#4596);
#4594 = CARTESIAN_POINT('',(137.5,143.4611459228,142.9111459228));
#4595 = DIRECTION('',(0.,0.715692733704,-0.698415285431));
#4596 = DIRECTION('',(0.,-0.698415285431,-0.715692733704));
#4597 = PCURVE('',#1076,#4598);
#4598 = DEFINITIONAL_REPRESENTATION('',(#4599),#4606);
#4599 = B_SPLINE_CURVE_WITH_KNOTS('',5,(#4600,#4601,#4602,#4603,#4604,
    #4605),.UNSPECIFIED.,.F.,.F.,(6,6),(6.072700644634,6.078472122811),
  .PIECEWISE_BEZIER_KNOTS.);
#4600 = CARTESIAN_POINT('',(3.352077316136,21.584612044954));
#4601 = CARTESIAN_POINT('',(3.3509230205,21.630012140209));
#4602 = CARTESIAN_POINT('',(3.349768724865,21.675105628082));
#4603 = CARTESIAN_POINT('',(3.348614429229,21.719892382552));
#4604 = CARTESIAN_POINT('',(3.347460133594,21.764372279297));
#4605 = CARTESIAN_POINT('',(3.346305837958,21.8085451957));
#4606 = ( GEOMETRIC_REPRESENTATION_CONTEXT(2) 
PARAMETRIC_REPRESENTATION_CONTEXT() REPRESENTATION_CONTEXT('2D SPACE',''
  ) );
#4607 = PCURVE('',#1990,#4608);
#4608 = DEFINITIONAL_REPRESENTATION('',(#4609),#4613);
#4609 = ELLIPSE('',#4610,188.26224463898,2.3);
#4610 = AXIS2_PLACEMENT_2D('',#4611,#4612);
#4611 = CARTESIAN_POINT('',(-184.1259155523,-137.5));
#4612 = DIRECTION('',(1.,0.));
#4613 = ( GEOMETRIC_REPRESENTATION_CONTEXT(2) 
PARAMETRIC_REPRESENTATION_CONTEXT() REPRESENTATION_CONTEXT('2D SPACE',''
  ) );
#4614 = ORIENTED_EDGE('',*,*,#4615,.T.);
#4615 = EDGE_CURVE('',#4589,#4616,#4618,.T.);
#4616 = VERTEX_POINT('',#4617);
#4617 = CARTESIAN_POINT('',(139.79319645909,11.8,11.));
#4618 = SURFACE_CURVE('',#4619,(#4624,#4644),.PCURVE_S1.);
#4619 = ELLIPSE('',#4620,3.252691193458,2.3);
#4620 = AXIS2_PLACEMENT_3D('',#4621,#4622,#4623);
#4621 = CARTESIAN_POINT('',(137.5,11.55,11.));
#4622 = DIRECTION('',(0.,0.,-1.));
#4623 = DIRECTION('',(0.,-1.,-0.));
#4624 = PCURVE('',#1076,#4625);
#4625 = DEFINITIONAL_REPRESENTATION('',(#4626),#4643);
#4626 = B_SPLINE_CURVE_WITH_KNOTS('',8,(#4627,#4628,#4629,#4630,#4631,
    #4632,#4633,#4634,#4635,#4636,#4637,#4638,#4639,#4640,#4641,#4642),
  .UNSPECIFIED.,.F.,.F.,(9,7,9),(1.557439285616,3.14159265359,
    4.725746021564),.UNSPECIFIED.);
#4627 = CARTESIAN_POINT('',(1.557439285616,24.072350841566));
#4628 = CARTESIAN_POINT('',(1.755458456612,23.616947375684));
#4629 = CARTESIAN_POINT('',(1.953477627604,23.160167117821));
#4630 = CARTESIAN_POINT('',(2.151496798613,22.729221947913));
#4631 = CARTESIAN_POINT('',(2.349515969581,22.351433134419));
#4632 = CARTESIAN_POINT('',(2.547535140613,22.050841352044));
#4633 = CARTESIAN_POINT('',(2.745554311591,21.844701136044));
#4634 = CARTESIAN_POINT('',(2.943573482593,21.741630560343));
#4635 = CARTESIAN_POINT('',(3.339611824587,21.741630560343));
#4636 = CARTESIAN_POINT('',(3.537630995583,21.844701136029));
#4637 = CARTESIAN_POINT('',(3.735650166573,22.050841352044));
#4638 = CARTESIAN_POINT('',(3.933669337563,22.351433134419));
#4639 = CARTESIAN_POINT('',(4.131688508571,22.729221947884));
#4640 = CARTESIAN_POINT('',(4.32970767957,23.160167117807));
#4641 = CARTESIAN_POINT('',(4.527726850567,23.616947375684));
#4642 = CARTESIAN_POINT('',(4.725746021564,24.072350841566));
#4643 = ( GEOMETRIC_REPRESENTATION_CONTEXT(2) 
PARAMETRIC_REPRESENTATION_CONTEXT() REPRESENTATION_CONTEXT('2D SPACE',''
  ) );
#4644 = PCURVE('',#4224,#4645);
#4645 = DEFINITIONAL_REPRESENTATION('',(#4646),#4650);
#4646 = ELLIPSE('',#4647,3.252691193458,2.3);
#4647 = AXIS2_PLACEMENT_2D('',#4648,#4649);
#4648 = CARTESIAN_POINT('',(3.45,-137.5));
#4649 = DIRECTION('',(1.,0.));
#4650 = ( GEOMETRIC_REPRESENTATION_CONTEXT(2) 
PARAMETRIC_REPRESENTATION_CONTEXT() REPRESENTATION_CONTEXT('2D SPACE',''
  ) );
#4651 = ORIENTED_EDGE('',*,*,#4652,.T.);
#4652 = EDGE_CURVE('',#4616,#4357,#4653,.T.);
#4653 = SURFACE_CURVE('',#4654,(#4659,#4669),.PCURVE_S1.);
#4654 = ELLIPSE('',#4655,5.663093236033,2.3);
#4655 = AXIS2_PLACEMENT_3D('',#4656,#4657,#4658);
#4656 = CARTESIAN_POINT('',(137.5,11.39375,10.84375));
#4657 = DIRECTION('',(0.,0.358979079309,-0.933345606203));
#4658 = DIRECTION('',(0.,-0.933345606203,-0.358979079309));
#4659 = PCURVE('',#1076,#4660);
#4660 = DEFINITIONAL_REPRESENTATION('',(#4661),#4668);
#4661 = B_SPLINE_CURVE_WITH_KNOTS('',5,(#4662,#4663,#4664,#4665,#4666,
    #4667),.UNSPECIFIED.,.F.,.F.,(6,6),(4.610759672838,4.907306656345),
  .PIECEWISE_BEZIER_KNOTS.);
#4662 = CARTESIAN_POINT('',(4.610759672838,23.737574644432));
#4663 = CARTESIAN_POINT('',(4.67006906954,24.042917090422));
#4664 = CARTESIAN_POINT('',(4.729378466241,24.350568085366));
#4665 = CARTESIAN_POINT('',(4.788687862942,24.658289959881));
#4666 = CARTESIAN_POINT('',(4.847997259644,24.96381123431));
#4667 = CARTESIAN_POINT('',(4.907306656345,25.264925291795));
#4668 = ( GEOMETRIC_REPRESENTATION_CONTEXT(2) 
PARAMETRIC_REPRESENTATION_CONTEXT() REPRESENTATION_CONTEXT('2D SPACE',''
  ) );
#4669 = PCURVE('',#4182,#4670);
#4670 = DEFINITIONAL_REPRESENTATION('',(#4671),#4675);
#4671 = ELLIPSE('',#4672,5.663093236033,2.3);
#4672 = AXIS2_PLACEMENT_2D('',#4673,#4674);
#4673 = CARTESIAN_POINT('',(0.435262133662,-137.5));
#4674 = DIRECTION('',(1.,0.));
#4675 = ( GEOMETRIC_REPRESENTATION_CONTEXT(2) 
PARAMETRIC_REPRESENTATION_CONTEXT() REPRESENTATION_CONTEXT('2D SPACE',''
  ) );
#4676 = ORIENTED_EDGE('',*,*,#4356,.T.);
#4677 = ORIENTED_EDGE('',*,*,#1093,.T.);
#4678 = ADVANCED_FACE('',(#4679),#1047,.F.);
#4679 = FACE_BOUND('',#4680,.F.);
#4680 = EDGE_LOOP('',(#4681,#4708,#4729,#4730));
#4681 = ORIENTED_EDGE('',*,*,#4682,.F.);
#4682 = EDGE_CURVE('',#4683,#1003,#4685,.T.);
#4683 = VERTEX_POINT('',#4684);
#4684 = CARTESIAN_POINT('',(104.7668811173,10.5,10.5));
#4685 = SURFACE_CURVE('',#4686,(#4691,#4698),.PCURVE_S1.);
#4686 = ELLIPSE('',#4687,5.663093236033,2.3);
#4687 = AXIS2_PLACEMENT_3D('',#4688,#4689,#4690);
#4688 = CARTESIAN_POINT('',(102.5,10.15625,9.60625));
#4689 = DIRECTION('',(0.,-0.933345606203,0.358979079309));
#4690 = DIRECTION('',(0.,-0.358979079309,-0.933345606203));
#4691 = PCURVE('',#1047,#4692);
#4692 = DEFINITIONAL_REPRESENTATION('',(#4693),#4697);
#4693 = ELLIPSE('',#4694,5.663093236033,2.3);
#4694 = AXIS2_PLACEMENT_2D('',#4695,#4696);
#4695 = CARTESIAN_POINT('',(-0.957576694056,-102.5));
#4696 = DIRECTION('',(-1.,-0.));
#4697 = ( GEOMETRIC_REPRESENTATION_CONTEXT(2) 
PARAMETRIC_REPRESENTATION_CONTEXT() REPRESENTATION_CONTEXT('2D SPACE',''
  ) );
#4698 = PCURVE('',#985,#4699);
#4699 = DEFINITIONAL_REPRESENTATION('',(#4700),#4707);
#4700 = B_SPLINE_CURVE_WITH_KNOTS('',5,(#4701,#4702,#4703,#4704,#4705,
    #4706),.UNSPECIFIED.,.F.,.F.,(6,6),(1.71579966567,2.025989644395),
  .PIECEWISE_BEZIER_KNOTS.);
#4701 = CARTESIAN_POINT('',(4.85739231926,25.264925291795));
#4702 = CARTESIAN_POINT('',(4.919430315005,24.947247912237));
#4703 = CARTESIAN_POINT('',(4.98146831075,24.633167911677));
#4704 = CARTESIAN_POINT('',(5.043506306495,24.325232724433));
#4705 = CARTESIAN_POINT('',(5.10554430224,24.025931038414));
#4706 = CARTESIAN_POINT('',(5.167582297985,23.737574644433));
#4707 = ( GEOMETRIC_REPRESENTATION_CONTEXT(2) 
PARAMETRIC_REPRESENTATION_CONTEXT() REPRESENTATION_CONTEXT('2D SPACE',''
  ) );
#4708 = ORIENTED_EDGE('',*,*,#4709,.T.);
#4709 = EDGE_CURVE('',#4683,#4462,#4710,.T.);
#4710 = SURFACE_CURVE('',#4711,(#4715,#4722),.PCURVE_S1.);
#4711 = LINE('',#4712,#4713);
#4712 = CARTESIAN_POINT('',(0.,10.5,10.5));
#4713 = VECTOR('',#4714,1.);
#4714 = DIRECTION('',(1.,0.,0.));
#4715 = PCURVE('',#1047,#4716);
#4716 = DEFINITIONAL_REPRESENTATION('',(#4717),#4721);
#4717 = LINE('',#4718,#4719);
#4718 = CARTESIAN_POINT('',(0.,0.));
#4719 = VECTOR('',#4720,1.);
#4720 = DIRECTION('',(0.,-1.));
#4721 = ( GEOMETRIC_REPRESENTATION_CONTEXT(2) 
PARAMETRIC_REPRESENTATION_CONTEXT() REPRESENTATION_CONTEXT('2D SPACE',''
  ) );
#4722 = PCURVE('',#4508,#4723);
#4723 = DEFINITIONAL_REPRESENTATION('',(#4724),#4728);
#4724 = LINE('',#4725,#4726);
#4725 = CARTESIAN_POINT('',(1.392838827718,0.));
#4726 = VECTOR('',#4727,1.);
#4727 = DIRECTION('',(0.,-1.));
#4728 = ( GEOMETRIC_REPRESENTATION_CONTEXT(2) 
PARAMETRIC_REPRESENTATION_CONTEXT() REPRESENTATION_CONTEXT('2D SPACE',''
  ) );
#4729 = ORIENTED_EDGE('',*,*,#4461,.F.);
#4730 = ORIENTED_EDGE('',*,*,#1031,.F.);
#4731 = ADVANCED_FACE('',(#4732),#985,.F.);
#4732 = FACE_BOUND('',#4733,.F.);
#4733 = EDGE_LOOP('',(#4734,#4757,#4784,#4785,#4786,#4813,#4845,#4887,
    #4912,#4913,#4940,#4977,#5002,#5003));
#4734 = ORIENTED_EDGE('',*,*,#4735,.T.);
#4735 = EDGE_CURVE('',#969,#4736,#4738,.T.);
#4736 = VERTEX_POINT('',#4737);
#4737 = CARTESIAN_POINT('',(102.5,1.909188309204,4.611879502662));
#4738 = SEAM_CURVE('',#4739,(#4743,#4750),.PCURVE_S1.);
#4739 = LINE('',#4740,#4741);
#4740 = CARTESIAN_POINT('',(102.5,26.923654403271,29.626345596729));
#4741 = VECTOR('',#4742,1.);
#4742 = DIRECTION('',(0.,-0.707106781187,-0.707106781187));
#4743 = PCURVE('',#985,#4744);
#4744 = DEFINITIONAL_REPRESENTATION('',(#4745),#4749);
#4745 = LINE('',#4746,#4747);
#4746 = CARTESIAN_POINT('',(6.28318530718,-0.));
#4747 = VECTOR('',#4748,1.);
#4748 = DIRECTION('',(0.,1.));
#4749 = ( GEOMETRIC_REPRESENTATION_CONTEXT(2) 
PARAMETRIC_REPRESENTATION_CONTEXT() REPRESENTATION_CONTEXT('2D SPACE',''
  ) );
#4750 = PCURVE('',#985,#4751);
#4751 = DEFINITIONAL_REPRESENTATION('',(#4752),#4756);
#4752 = LINE('',#4753,#4754);
#4753 = CARTESIAN_POINT('',(0.,-0.));
#4754 = VECTOR('',#4755,1.);
#4755 = DIRECTION('',(0.,1.));
#4756 = ( GEOMETRIC_REPRESENTATION_CONTEXT(2) 
PARAMETRIC_REPRESENTATION_CONTEXT() REPRESENTATION_CONTEXT('2D SPACE',''
  ) );
#4757 = ORIENTED_EDGE('',*,*,#4758,.F.);
#4758 = EDGE_CURVE('',#4736,#4736,#4759,.T.);
#4759 = SURFACE_CURVE('',#4760,(#4765,#4772),.PCURVE_S1.);
#4760 = CIRCLE('',#4761,2.3);
#4761 = AXIS2_PLACEMENT_3D('',#4762,#4763,#4764);
#4762 = CARTESIAN_POINT('',(102.5,3.535533905933,2.985533905933));
#4763 = DIRECTION('',(-0.,-0.707106781187,-0.707106781187));
#4764 = DIRECTION('',(0.,-0.707106781187,0.707106781187));
#4765 = PCURVE('',#985,#4766);
#4766 = DEFINITIONAL_REPRESENTATION('',(#4767),#4771);
#4767 = LINE('',#4768,#4769);
#4768 = CARTESIAN_POINT('',(0.,35.375797205752));
#4769 = VECTOR('',#4770,1.);
#4770 = DIRECTION('',(1.,0.));
#4771 = ( GEOMETRIC_REPRESENTATION_CONTEXT(2) 
PARAMETRIC_REPRESENTATION_CONTEXT() REPRESENTATION_CONTEXT('2D SPACE',''
  ) );
#4772 = PCURVE('',#4773,#4778);
#4773 = PLANE('',#4774);
#4774 = AXIS2_PLACEMENT_3D('',#4775,#4776,#4777);
#4775 = CARTESIAN_POINT('',(102.5,3.535533905933,2.985533905933));
#4776 = DIRECTION('',(-0.,-0.707106781187,-0.707106781187));
#4777 = DIRECTION('',(0.,-0.707106781187,0.707106781187));
#4778 = DEFINITIONAL_REPRESENTATION('',(#4779),#4783);
#4779 = CIRCLE('',#4780,2.3);
#4780 = AXIS2_PLACEMENT_2D('',#4781,#4782);
#4781 = CARTESIAN_POINT('',(0.,0.));
#4782 = DIRECTION('',(1.,0.));
#4783 = ( GEOMETRIC_REPRESENTATION_CONTEXT(2) 
PARAMETRIC_REPRESENTATION_CONTEXT() REPRESENTATION_CONTEXT('2D SPACE',''
  ) );
#4784 = ORIENTED_EDGE('',*,*,#4735,.F.);
#4785 = ORIENTED_EDGE('',*,*,#968,.T.);
#4786 = ORIENTED_EDGE('',*,*,#4787,.T.);
#4787 = EDGE_CURVE('',#941,#4788,#4790,.T.);
#4788 = VERTEX_POINT('',#4789);
#4789 = CARTESIAN_POINT('',(100.23311888269,10.5,10.5));
#4790 = SURFACE_CURVE('',#4791,(#4796,#4806),.PCURVE_S1.);
#4791 = ELLIPSE('',#4792,5.663093236033,2.3);
#4792 = AXIS2_PLACEMENT_3D('',#4793,#4794,#4795);
#4793 = CARTESIAN_POINT('',(102.5,10.15625,9.60625));
#4794 = DIRECTION('',(0.,-0.933345606203,0.358979079309));
#4795 = DIRECTION('',(0.,-0.358979079309,-0.933345606203));
#4796 = PCURVE('',#985,#4797);
#4797 = DEFINITIONAL_REPRESENTATION('',(#4798),#4805);
#4798 = B_SPLINE_CURVE_WITH_KNOTS('',5,(#4799,#4800,#4801,#4802,#4803,
    #4804),.UNSPECIFIED.,.F.,.F.,(6,6),(4.257195662784,4.567385641509),
  .PIECEWISE_BEZIER_KNOTS.);
#4799 = CARTESIAN_POINT('',(1.115603009195,23.737574644433));
#4800 = CARTESIAN_POINT('',(1.17764100494,24.025931038414));
#4801 = CARTESIAN_POINT('',(1.239679000685,24.325232724433));
#4802 = CARTESIAN_POINT('',(1.301716996429,24.633167911677));
#4803 = CARTESIAN_POINT('',(1.363754992174,24.947247912237));
#4804 = CARTESIAN_POINT('',(1.425792987919,25.264925291795));
#4805 = ( GEOMETRIC_REPRESENTATION_CONTEXT(2) 
PARAMETRIC_REPRESENTATION_CONTEXT() REPRESENTATION_CONTEXT('2D SPACE',''
  ) );
#4806 = PCURVE('',#956,#4807);
#4807 = DEFINITIONAL_REPRESENTATION('',(#4808),#4812);
#4808 = ELLIPSE('',#4809,5.663093236033,2.3);
#4809 = AXIS2_PLACEMENT_2D('',#4810,#4811);
#4810 = CARTESIAN_POINT('',(-0.957576694056,-102.5));
#4811 = DIRECTION('',(-1.,-0.));
#4812 = ( GEOMETRIC_REPRESENTATION_CONTEXT(2) 
PARAMETRIC_REPRESENTATION_CONTEXT() REPRESENTATION_CONTEXT('2D SPACE',''
  ) );
#4813 = ORIENTED_EDGE('',*,*,#4814,.T.);
#4814 = EDGE_CURVE('',#4788,#4815,#4817,.T.);
#4815 = VERTEX_POINT('',#4816);
#4816 = CARTESIAN_POINT('',(100.2068035409,11.8,11.));
#4817 = SURFACE_CURVE('',#4818,(#4823,#4833),.PCURVE_S1.);
#4818 = ELLIPSE('',#4819,5.663093236033,2.3);
#4819 = AXIS2_PLACEMENT_3D('',#4820,#4821,#4822);
#4820 = CARTESIAN_POINT('',(102.5,11.39375,10.84375));
#4821 = DIRECTION('',(0.,0.358979079309,-0.933345606203));
#4822 = DIRECTION('',(0.,-0.933345606203,-0.358979079309));
#4823 = PCURVE('',#985,#4824);
#4824 = DEFINITIONAL_REPRESENTATION('',(#4825),#4832);
#4825 = B_SPLINE_CURVE_WITH_KNOTS('',5,(#4826,#4827,#4828,#4829,#4830,
    #4831),.UNSPECIFIED.,.F.,.F.,(6,6),(1.375878650834,1.672425634341),
  .PIECEWISE_BEZIER_KNOTS.);
#4826 = CARTESIAN_POINT('',(1.375878650834,25.264925291795));
#4827 = CARTESIAN_POINT('',(1.435188047536,24.96381123431));
#4828 = CARTESIAN_POINT('',(1.494497444237,24.658289959881));
#4829 = CARTESIAN_POINT('',(1.553806840938,24.350568085366));
#4830 = CARTESIAN_POINT('',(1.61311623764,24.042917090422));
#4831 = CARTESIAN_POINT('',(1.672425634341,23.737574644432));
#4832 = ( GEOMETRIC_REPRESENTATION_CONTEXT(2) 
PARAMETRIC_REPRESENTATION_CONTEXT() REPRESENTATION_CONTEXT('2D SPACE',''
  ) );
#4833 = PCURVE('',#4834,#4839);
#4834 = PLANE('',#4835);
#4835 = AXIS2_PLACEMENT_3D('',#4836,#4837,#4838);
#4836 = CARTESIAN_POINT('',(0.,11.8,11.));
#4837 = DIRECTION('',(0.,0.358979079309,-0.933345606203));
#4838 = DIRECTION('',(0.,-0.933345606203,-0.358979079309));
#4839 = DEFINITIONAL_REPRESENTATION('',(#4840),#4844);
#4840 = ELLIPSE('',#4841,5.663093236033,2.3);
#4841 = AXIS2_PLACEMENT_2D('',#4842,#4843);
#4842 = CARTESIAN_POINT('',(0.435262133662,-102.5));
#4843 = DIRECTION('',(1.,0.));
#4844 = ( GEOMETRIC_REPRESENTATION_CONTEXT(2) 
PARAMETRIC_REPRESENTATION_CONTEXT() REPRESENTATION_CONTEXT('2D SPACE',''
  ) );
#4845 = ORIENTED_EDGE('',*,*,#4846,.T.);
#4846 = EDGE_CURVE('',#4815,#4847,#4849,.T.);
#4847 = VERTEX_POINT('',#4848);
#4848 = CARTESIAN_POINT('',(102.0313446067,14.734450383454,11.));
#4849 = SURFACE_CURVE('',#4850,(#4855,#4875),.PCURVE_S1.);
#4850 = ELLIPSE('',#4851,3.252691193458,2.3);
#4851 = AXIS2_PLACEMENT_3D('',#4852,#4853,#4854);
#4852 = CARTESIAN_POINT('',(102.5,11.55,11.));
#4853 = DIRECTION('',(0.,0.,-1.));
#4854 = DIRECTION('',(0.,-1.,-0.));
#4855 = PCURVE('',#985,#4856);
#4856 = DEFINITIONAL_REPRESENTATION('',(#4857),#4874);
#4857 = B_SPLINE_CURVE_WITH_KNOTS('',8,(#4858,#4859,#4860,#4861,#4862,
    #4863,#4864,#4865,#4866,#4867,#4868,#4869,#4870,#4871,#4872,#4873),
  .UNSPECIFIED.,.F.,.F.,(9,7,9),(1.557439285616,3.14159265359,
    4.725746021564),.UNSPECIFIED.);
#4858 = CARTESIAN_POINT('',(1.557439285616,24.072350841566));
#4859 = CARTESIAN_POINT('',(1.755458456612,23.616947375684));
#4860 = CARTESIAN_POINT('',(1.953477627609,23.1601671178));
#4861 = CARTESIAN_POINT('',(2.151496798598,22.729221947942));
#4862 = CARTESIAN_POINT('',(2.349515969607,22.351433134361));
#4863 = CARTESIAN_POINT('',(2.547535140597,22.050841352102));
#4864 = CARTESIAN_POINT('',(2.745554311597,21.844701136022));
#4865 = CARTESIAN_POINT('',(2.943573482593,21.741630560343));
#4866 = CARTESIAN_POINT('',(3.339611824587,21.741630560343));
#4867 = CARTESIAN_POINT('',(3.537630995585,21.844701136029));
#4868 = CARTESIAN_POINT('',(3.735650166558,22.050841352102));
#4869 = CARTESIAN_POINT('',(3.933669337584,22.351433134361));
#4870 = CARTESIAN_POINT('',(4.131688508549,22.729221947942));
#4871 = CARTESIAN_POINT('',(4.32970767957,23.160167117807));
#4872 = CARTESIAN_POINT('',(4.527726850567,23.616947375684));
#4873 = CARTESIAN_POINT('',(4.725746021564,24.072350841566));
#4874 = ( GEOMETRIC_REPRESENTATION_CONTEXT(2) 
PARAMETRIC_REPRESENTATION_CONTEXT() REPRESENTATION_CONTEXT('2D SPACE',''
  ) );
#4875 = PCURVE('',#4876,#4881);
#4876 = PLANE('',#4877);
#4877 = AXIS2_PLACEMENT_3D('',#4878,#4879,#4880);
#4878 = CARTESIAN_POINT('',(0.,15.,11.));
#4879 = DIRECTION('',(0.,0.,-1.));
#4880 = DIRECTION('',(0.,-1.,0.));
#4881 = DEFINITIONAL_REPRESENTATION('',(#4882),#4886);
#4882 = ELLIPSE('',#4883,3.252691193458,2.3);
#4883 = AXIS2_PLACEMENT_2D('',#4884,#4885);
#4884 = CARTESIAN_POINT('',(3.45,-102.5));
#4885 = DIRECTION('',(1.,0.));
#4886 = ( GEOMETRIC_REPRESENTATION_CONTEXT(2) 
PARAMETRIC_REPRESENTATION_CONTEXT() REPRESENTATION_CONTEXT('2D SPACE',''
  ) );
#4887 = ORIENTED_EDGE('',*,*,#4888,.T.);
#4888 = EDGE_CURVE('',#4847,#2061,#4889,.T.);
#4889 = SURFACE_CURVE('',#4890,(#4895,#4905),.PCURVE_S1.);
#4890 = ELLIPSE('',#4891,188.26224463898,2.3);
#4891 = AXIS2_PLACEMENT_3D('',#4892,#4893,#4894);
#4892 = CARTESIAN_POINT('',(102.5,143.4611459228,142.9111459228));
#4893 = DIRECTION('',(0.,0.715692733704,-0.698415285431));
#4894 = DIRECTION('',(0.,-0.698415285431,-0.715692733704));
#4895 = PCURVE('',#985,#4896);
#4896 = DEFINITIONAL_REPRESENTATION('',(#4897),#4904);
#4897 = B_SPLINE_CURVE_WITH_KNOTS('',5,(#4898,#4899,#4900,#4901,#4902,
    #4903),.UNSPECIFIED.,.F.,.F.,(6,6),(0.204713184367,0.210484662545),
  .PIECEWISE_BEZIER_KNOTS.);
#4898 = CARTESIAN_POINT('',(2.936879469223,21.808545195763));
#4899 = CARTESIAN_POINT('',(2.935725173588,21.764372279354));
#4900 = CARTESIAN_POINT('',(2.934570877952,21.719892382603));
#4901 = CARTESIAN_POINT('',(2.933416582316,21.675105628127));
#4902 = CARTESIAN_POINT('',(2.93226228668,21.630012140247));
#4903 = CARTESIAN_POINT('',(2.931107991045,21.584612044986));
#4904 = ( GEOMETRIC_REPRESENTATION_CONTEXT(2) 
PARAMETRIC_REPRESENTATION_CONTEXT() REPRESENTATION_CONTEXT('2D SPACE',''
  ) );
#4905 = PCURVE('',#2106,#4906);
#4906 = DEFINITIONAL_REPRESENTATION('',(#4907),#4911);
#4907 = ELLIPSE('',#4908,188.26224463898,2.3);
#4908 = AXIS2_PLACEMENT_2D('',#4909,#4910);
#4909 = CARTESIAN_POINT('',(-184.1259155523,-102.5));
#4910 = DIRECTION('',(1.,0.));
#4911 = ( GEOMETRIC_REPRESENTATION_CONTEXT(2) 
PARAMETRIC_REPRESENTATION_CONTEXT() REPRESENTATION_CONTEXT('2D SPACE',''
  ) );
#4912 = ORIENTED_EDGE('',*,*,#2060,.T.);
#4913 = ORIENTED_EDGE('',*,*,#4914,.T.);
#4914 = EDGE_CURVE('',#2033,#4915,#4917,.T.);
#4915 = VERTEX_POINT('',#4916);
#4916 = CARTESIAN_POINT('',(102.96865539329,14.734450383454,11.));
#4917 = SURFACE_CURVE('',#4918,(#4923,#4933),.PCURVE_S1.);
#4918 = ELLIPSE('',#4919,188.26224463898,2.3);
#4919 = AXIS2_PLACEMENT_3D('',#4920,#4921,#4922);
#4920 = CARTESIAN_POINT('',(102.5,143.4611459228,142.9111459228));
#4921 = DIRECTION('',(0.,0.715692733704,-0.698415285431));
#4922 = DIRECTION('',(0.,-0.698415285431,-0.715692733704));
#4923 = PCURVE('',#985,#4924);
#4924 = DEFINITIONAL_REPRESENTATION('',(#4925),#4932);
#4925 = B_SPLINE_CURVE_WITH_KNOTS('',5,(#4926,#4927,#4928,#4929,#4930,
    #4931),.UNSPECIFIED.,.F.,.F.,(6,6),(6.072700644634,6.078472122813),
  .PIECEWISE_BEZIER_KNOTS.);
#4926 = CARTESIAN_POINT('',(3.352077316135,21.584612044986));
#4927 = CARTESIAN_POINT('',(3.350923020499,21.630012140247));
#4928 = CARTESIAN_POINT('',(3.349768724864,21.675105628127));
#4929 = CARTESIAN_POINT('',(3.348614429228,21.719892382603));
#4930 = CARTESIAN_POINT('',(3.347460133592,21.764372279354));
#4931 = CARTESIAN_POINT('',(3.346305837956,21.808545195763));
#4932 = ( GEOMETRIC_REPRESENTATION_CONTEXT(2) 
PARAMETRIC_REPRESENTATION_CONTEXT() REPRESENTATION_CONTEXT('2D SPACE',''
  ) );
#4933 = PCURVE('',#2048,#4934);
#4934 = DEFINITIONAL_REPRESENTATION('',(#4935),#4939);
#4935 = ELLIPSE('',#4936,188.26224463898,2.3);
#4936 = AXIS2_PLACEMENT_2D('',#4937,#4938);
#4937 = CARTESIAN_POINT('',(-184.1259155523,-102.5));
#4938 = DIRECTION('',(1.,0.));
#4939 = ( GEOMETRIC_REPRESENTATION_CONTEXT(2) 
PARAMETRIC_REPRESENTATION_CONTEXT() REPRESENTATION_CONTEXT('2D SPACE',''
  ) );
#4940 = ORIENTED_EDGE('',*,*,#4941,.T.);
#4941 = EDGE_CURVE('',#4915,#4942,#4944,.T.);
#4942 = VERTEX_POINT('',#4943);
#4943 = CARTESIAN_POINT('',(104.79319645909,11.8,11.));
#4944 = SURFACE_CURVE('',#4945,(#4950,#4970),.PCURVE_S1.);
#4945 = ELLIPSE('',#4946,3.252691193458,2.3);
#4946 = AXIS2_PLACEMENT_3D('',#4947,#4948,#4949);
#4947 = CARTESIAN_POINT('',(102.5,11.55,11.));
#4948 = DIRECTION('',(0.,0.,-1.));
#4949 = DIRECTION('',(0.,-1.,-0.));
#4950 = PCURVE('',#985,#4951);
#4951 = DEFINITIONAL_REPRESENTATION('',(#4952),#4969);
#4952 = B_SPLINE_CURVE_WITH_KNOTS('',8,(#4953,#4954,#4955,#4956,#4957,
    #4958,#4959,#4960,#4961,#4962,#4963,#4964,#4965,#4966,#4967,#4968),
  .UNSPECIFIED.,.F.,.F.,(9,7,9),(1.557439285616,3.14159265359,
    4.725746021564),.UNSPECIFIED.);
#4953 = CARTESIAN_POINT('',(1.557439285616,24.072350841566));
#4954 = CARTESIAN_POINT('',(1.755458456612,23.616947375684));
#4955 = CARTESIAN_POINT('',(1.953477627609,23.1601671178));
#4956 = CARTESIAN_POINT('',(2.151496798598,22.729221947942));
#4957 = CARTESIAN_POINT('',(2.349515969607,22.351433134361));
#4958 = CARTESIAN_POINT('',(2.547535140597,22.050841352102));
#4959 = CARTESIAN_POINT('',(2.745554311597,21.844701136022));
#4960 = CARTESIAN_POINT('',(2.943573482593,21.741630560343));
#4961 = CARTESIAN_POINT('',(3.339611824587,21.741630560343));
#4962 = CARTESIAN_POINT('',(3.537630995585,21.844701136029));
#4963 = CARTESIAN_POINT('',(3.735650166558,22.050841352102));
#4964 = CARTESIAN_POINT('',(3.933669337584,22.351433134361));
#4965 = CARTESIAN_POINT('',(4.131688508549,22.729221947942));
#4966 = CARTESIAN_POINT('',(4.32970767957,23.160167117807));
#4967 = CARTESIAN_POINT('',(4.527726850567,23.616947375684));
#4968 = CARTESIAN_POINT('',(4.725746021564,24.072350841566));
#4969 = ( GEOMETRIC_REPRESENTATION_CONTEXT(2) 
PARAMETRIC_REPRESENTATION_CONTEXT() REPRESENTATION_CONTEXT('2D SPACE',''
  ) );
#4970 = PCURVE('',#4550,#4971);
#4971 = DEFINITIONAL_REPRESENTATION('',(#4972),#4976);
#4972 = ELLIPSE('',#4973,3.252691193458,2.3);
#4973 = AXIS2_PLACEMENT_2D('',#4974,#4975);
#4974 = CARTESIAN_POINT('',(3.45,-102.5));
#4975 = DIRECTION('',(1.,0.));
#4976 = ( GEOMETRIC_REPRESENTATION_CONTEXT(2) 
PARAMETRIC_REPRESENTATION_CONTEXT() REPRESENTATION_CONTEXT('2D SPACE',''
  ) );
#4977 = ORIENTED_EDGE('',*,*,#4978,.T.);
#4978 = EDGE_CURVE('',#4942,#4683,#4979,.T.);
#4979 = SURFACE_CURVE('',#4980,(#4985,#4995),.PCURVE_S1.);
#4980 = ELLIPSE('',#4981,5.663093236033,2.3);
#4981 = AXIS2_PLACEMENT_3D('',#4982,#4983,#4984);
#4982 = CARTESIAN_POINT('',(102.5,11.39375,10.84375));
#4983 = DIRECTION('',(0.,0.358979079309,-0.933345606203));
#4984 = DIRECTION('',(0.,-0.933345606203,-0.358979079309));
#4985 = PCURVE('',#985,#4986);
#4986 = DEFINITIONAL_REPRESENTATION('',(#4987),#4994);
#4987 = B_SPLINE_CURVE_WITH_KNOTS('',5,(#4988,#4989,#4990,#4991,#4992,
    #4993),.UNSPECIFIED.,.F.,.F.,(6,6),(4.610759672838,4.907306656345),
  .PIECEWISE_BEZIER_KNOTS.);
#4988 = CARTESIAN_POINT('',(4.610759672838,23.737574644432));
#4989 = CARTESIAN_POINT('',(4.67006906954,24.042917090422));
#4990 = CARTESIAN_POINT('',(4.729378466241,24.350568085366));
#4991 = CARTESIAN_POINT('',(4.788687862943,24.658289959881));
#4992 = CARTESIAN_POINT('',(4.847997259644,24.96381123431));
#4993 = CARTESIAN_POINT('',(4.907306656345,25.264925291795));
#4994 = ( GEOMETRIC_REPRESENTATION_CONTEXT(2) 
PARAMETRIC_REPRESENTATION_CONTEXT() REPRESENTATION_CONTEXT('2D SPACE',''
  ) );
#4995 = PCURVE('',#4508,#4996);
#4996 = DEFINITIONAL_REPRESENTATION('',(#4997),#5001);
#4997 = ELLIPSE('',#4998,5.663093236033,2.3);
#4998 = AXIS2_PLACEMENT_2D('',#4999,#5000);
#4999 = CARTESIAN_POINT('',(0.435262133662,-102.5));
#5000 = DIRECTION('',(1.,0.));
#5001 = ( GEOMETRIC_REPRESENTATION_CONTEXT(2) 
PARAMETRIC_REPRESENTATION_CONTEXT() REPRESENTATION_CONTEXT('2D SPACE',''
  ) );
#5002 = ORIENTED_EDGE('',*,*,#4682,.T.);
#5003 = ORIENTED_EDGE('',*,*,#1002,.T.);
#5004 = ADVANCED_FACE('',(#5005),#956,.F.);
#5005 = FACE_BOUND('',#5006,.F.);
#5006 = EDGE_LOOP('',(#5007,#5034,#5055,#5056));
#5007 = ORIENTED_EDGE('',*,*,#5008,.F.);
#5008 = EDGE_CURVE('',#5009,#912,#5011,.T.);
#5009 = VERTEX_POINT('',#5010);
#5010 = CARTESIAN_POINT('',(54.766881117306,10.5,10.5));
#5011 = SURFACE_CURVE('',#5012,(#5017,#5024),.PCURVE_S1.);
#5012 = ELLIPSE('',#5013,5.663093236033,2.3);
#5013 = AXIS2_PLACEMENT_3D('',#5014,#5015,#5016);
#5014 = CARTESIAN_POINT('',(52.5,10.15625,9.60625));
#5015 = DIRECTION('',(0.,-0.933345606203,0.358979079309));
#5016 = DIRECTION('',(0.,-0.358979079309,-0.933345606203));
#5017 = PCURVE('',#956,#5018);
#5018 = DEFINITIONAL_REPRESENTATION('',(#5019),#5023);
#5019 = ELLIPSE('',#5020,5.663093236033,2.3);
#5020 = AXIS2_PLACEMENT_2D('',#5021,#5022);
#5021 = CARTESIAN_POINT('',(-0.957576694056,-52.5));
#5022 = DIRECTION('',(-1.,-0.));
#5023 = ( GEOMETRIC_REPRESENTATION_CONTEXT(2) 
PARAMETRIC_REPRESENTATION_CONTEXT() REPRESENTATION_CONTEXT('2D SPACE',''
  ) );
#5024 = PCURVE('',#894,#5025);
#5025 = DEFINITIONAL_REPRESENTATION('',(#5026),#5033);
#5026 = B_SPLINE_CURVE_WITH_KNOTS('',5,(#5027,#5028,#5029,#5030,#5031,
    #5032),.UNSPECIFIED.,.F.,.F.,(6,6),(1.71579966567,2.025989644395),
  .PIECEWISE_BEZIER_KNOTS.);
#5027 = CARTESIAN_POINT('',(4.85739231926,25.264925291795));
#5028 = CARTESIAN_POINT('',(4.919430315005,24.947247912237));
#5029 = CARTESIAN_POINT('',(4.98146831075,24.633167911677));
#5030 = CARTESIAN_POINT('',(5.043506306495,24.325232724433));
#5031 = CARTESIAN_POINT('',(5.10554430224,24.025931038413));
#5032 = CARTESIAN_POINT('',(5.167582297985,23.737574644432));
#5033 = ( GEOMETRIC_REPRESENTATION_CONTEXT(2) 
PARAMETRIC_REPRESENTATION_CONTEXT() REPRESENTATION_CONTEXT('2D SPACE',''
  ) );
#5034 = ORIENTED_EDGE('',*,*,#5035,.T.);
#5035 = EDGE_CURVE('',#5009,#4788,#5036,.T.);
#5036 = SURFACE_CURVE('',#5037,(#5041,#5048),.PCURVE_S1.);
#5037 = LINE('',#5038,#5039);
#5038 = CARTESIAN_POINT('',(0.,10.5,10.5));
#5039 = VECTOR('',#5040,1.);
#5040 = DIRECTION('',(1.,0.,0.));
#5041 = PCURVE('',#956,#5042);
#5042 = DEFINITIONAL_REPRESENTATION('',(#5043),#5047);
#5043 = LINE('',#5044,#5045);
#5044 = CARTESIAN_POINT('',(0.,0.));
#5045 = VECTOR('',#5046,1.);
#5046 = DIRECTION('',(0.,-1.));
#5047 = ( GEOMETRIC_REPRESENTATION_CONTEXT(2) 
PARAMETRIC_REPRESENTATION_CONTEXT() REPRESENTATION_CONTEXT('2D SPACE',''
  ) );
#5048 = PCURVE('',#4834,#5049);
#5049 = DEFINITIONAL_REPRESENTATION('',(#5050),#5054);
#5050 = LINE('',#5051,#5052);
#5051 = CARTESIAN_POINT('',(1.392838827718,0.));
#5052 = VECTOR('',#5053,1.);
#5053 = DIRECTION('',(0.,-1.));
#5054 = ( GEOMETRIC_REPRESENTATION_CONTEXT(2) 
PARAMETRIC_REPRESENTATION_CONTEXT() REPRESENTATION_CONTEXT('2D SPACE',''
  ) );
#5055 = ORIENTED_EDGE('',*,*,#4787,.F.);
#5056 = ORIENTED_EDGE('',*,*,#940,.F.);
#5057 = ADVANCED_FACE('',(#5058),#894,.F.);
#5058 = FACE_BOUND('',#5059,.F.);
#5059 = EDGE_LOOP('',(#5060,#5083,#5110,#5111,#5112,#5139,#5171,#5213,
    #5238,#5239,#5266,#5303,#5328,#5329));
#5060 = ORIENTED_EDGE('',*,*,#5061,.T.);
#5061 = EDGE_CURVE('',#878,#5062,#5064,.T.);
#5062 = VERTEX_POINT('',#5063);
#5063 = CARTESIAN_POINT('',(52.5,1.909188309204,4.611879502662));
#5064 = SEAM_CURVE('',#5065,(#5069,#5076),.PCURVE_S1.);
#5065 = LINE('',#5066,#5067);
#5066 = CARTESIAN_POINT('',(52.5,26.923654403271,29.626345596729));
#5067 = VECTOR('',#5068,1.);
#5068 = DIRECTION('',(0.,-0.707106781187,-0.707106781187));
#5069 = PCURVE('',#894,#5070);
#5070 = DEFINITIONAL_REPRESENTATION('',(#5071),#5075);
#5071 = LINE('',#5072,#5073);
#5072 = CARTESIAN_POINT('',(6.28318530718,-0.));
#5073 = VECTOR('',#5074,1.);
#5074 = DIRECTION('',(0.,1.));
#5075 = ( GEOMETRIC_REPRESENTATION_CONTEXT(2) 
PARAMETRIC_REPRESENTATION_CONTEXT() REPRESENTATION_CONTEXT('2D SPACE',''
  ) );
#5076 = PCURVE('',#894,#5077);
#5077 = DEFINITIONAL_REPRESENTATION('',(#5078),#5082);
#5078 = LINE('',#5079,#5080);
#5079 = CARTESIAN_POINT('',(0.,-0.));
#5080 = VECTOR('',#5081,1.);
#5081 = DIRECTION('',(0.,1.));
#5082 = ( GEOMETRIC_REPRESENTATION_CONTEXT(2) 
PARAMETRIC_REPRESENTATION_CONTEXT() REPRESENTATION_CONTEXT('2D SPACE',''
  ) );
#5083 = ORIENTED_EDGE('',*,*,#5084,.F.);
#5084 = EDGE_CURVE('',#5062,#5062,#5085,.T.);
#5085 = SURFACE_CURVE('',#5086,(#5091,#5098),.PCURVE_S1.);
#5086 = CIRCLE('',#5087,2.3);
#5087 = AXIS2_PLACEMENT_3D('',#5088,#5089,#5090);
#5088 = CARTESIAN_POINT('',(52.5,3.535533905933,2.985533905933));
#5089 = DIRECTION('',(-0.,-0.707106781187,-0.707106781187));
#5090 = DIRECTION('',(0.,-0.707106781187,0.707106781187));
#5091 = PCURVE('',#894,#5092);
#5092 = DEFINITIONAL_REPRESENTATION('',(#5093),#5097);
#5093 = LINE('',#5094,#5095);
#5094 = CARTESIAN_POINT('',(0.,35.375797205752));
#5095 = VECTOR('',#5096,1.);
#5096 = DIRECTION('',(1.,0.));
#5097 = ( GEOMETRIC_REPRESENTATION_CONTEXT(2) 
PARAMETRIC_REPRESENTATION_CONTEXT() REPRESENTATION_CONTEXT('2D SPACE',''
  ) );
#5098 = PCURVE('',#5099,#5104);
#5099 = PLANE('',#5100);
#5100 = AXIS2_PLACEMENT_3D('',#5101,#5102,#5103);
#5101 = CARTESIAN_POINT('',(52.5,3.535533905933,2.985533905933));
#5102 = DIRECTION('',(-0.,-0.707106781187,-0.707106781187));
#5103 = DIRECTION('',(0.,-0.707106781187,0.707106781187));
#5104 = DEFINITIONAL_REPRESENTATION('',(#5105),#5109);
#5105 = CIRCLE('',#5106,2.3);
#5106 = AXIS2_PLACEMENT_2D('',#5107,#5108);
#5107 = CARTESIAN_POINT('',(0.,0.));
#5108 = DIRECTION('',(1.,0.));
#5109 = ( GEOMETRIC_REPRESENTATION_CONTEXT(2) 
PARAMETRIC_REPRESENTATION_CONTEXT() REPRESENTATION_CONTEXT('2D SPACE',''
  ) );
#5110 = ORIENTED_EDGE('',*,*,#5061,.F.);
#5111 = ORIENTED_EDGE('',*,*,#877,.T.);
#5112 = ORIENTED_EDGE('',*,*,#5113,.T.);
#5113 = EDGE_CURVE('',#850,#5114,#5116,.T.);
#5114 = VERTEX_POINT('',#5115);
#5115 = CARTESIAN_POINT('',(50.233118882694,10.5,10.5));
#5116 = SURFACE_CURVE('',#5117,(#5122,#5132),.PCURVE_S1.);
#5117 = ELLIPSE('',#5118,5.663093236033,2.3);
#5118 = AXIS2_PLACEMENT_3D('',#5119,#5120,#5121);
#5119 = CARTESIAN_POINT('',(52.5,10.15625,9.60625));
#5120 = DIRECTION('',(0.,-0.933345606203,0.358979079309));
#5121 = DIRECTION('',(0.,-0.358979079309,-0.933345606203));
#5122 = PCURVE('',#894,#5123);
#5123 = DEFINITIONAL_REPRESENTATION('',(#5124),#5131);
#5124 = B_SPLINE_CURVE_WITH_KNOTS('',5,(#5125,#5126,#5127,#5128,#5129,
    #5130),.UNSPECIFIED.,.F.,.F.,(6,6),(4.257195662784,4.567385641509),
  .PIECEWISE_BEZIER_KNOTS.);
#5125 = CARTESIAN_POINT('',(1.115603009195,23.737574644432));
#5126 = CARTESIAN_POINT('',(1.17764100494,24.025931038413));
#5127 = CARTESIAN_POINT('',(1.239679000684,24.325232724433));
#5128 = CARTESIAN_POINT('',(1.301716996429,24.633167911677));
#5129 = CARTESIAN_POINT('',(1.363754992174,24.947247912237));
#5130 = CARTESIAN_POINT('',(1.425792987919,25.264925291795));
#5131 = ( GEOMETRIC_REPRESENTATION_CONTEXT(2) 
PARAMETRIC_REPRESENTATION_CONTEXT() REPRESENTATION_CONTEXT('2D SPACE',''
  ) );
#5132 = PCURVE('',#865,#5133);
#5133 = DEFINITIONAL_REPRESENTATION('',(#5134),#5138);
#5134 = ELLIPSE('',#5135,5.663093236033,2.3);
#5135 = AXIS2_PLACEMENT_2D('',#5136,#5137);
#5136 = CARTESIAN_POINT('',(-0.957576694056,-52.5));
#5137 = DIRECTION('',(-1.,-0.));
#5138 = ( GEOMETRIC_REPRESENTATION_CONTEXT(2) 
PARAMETRIC_REPRESENTATION_CONTEXT() REPRESENTATION_CONTEXT('2D SPACE',''
  ) );
#5139 = ORIENTED_EDGE('',*,*,#5140,.T.);
#5140 = EDGE_CURVE('',#5114,#5141,#5143,.T.);
#5141 = VERTEX_POINT('',#5142);
#5142 = CARTESIAN_POINT('',(50.206803540906,11.8,11.));
#5143 = SURFACE_CURVE('',#5144,(#5149,#5159),.PCURVE_S1.);
#5144 = ELLIPSE('',#5145,5.663093236033,2.3);
#5145 = AXIS2_PLACEMENT_3D('',#5146,#5147,#5148);
#5146 = CARTESIAN_POINT('',(52.5,11.39375,10.84375));
#5147 = DIRECTION('',(0.,0.358979079309,-0.933345606203));
#5148 = DIRECTION('',(0.,-0.933345606203,-0.358979079309));
#5149 = PCURVE('',#894,#5150);
#5150 = DEFINITIONAL_REPRESENTATION('',(#5151),#5158);
#5151 = B_SPLINE_CURVE_WITH_KNOTS('',5,(#5152,#5153,#5154,#5155,#5156,
    #5157),.UNSPECIFIED.,.F.,.F.,(6,6),(1.375878650834,1.672425634341),
  .PIECEWISE_BEZIER_KNOTS.);
#5152 = CARTESIAN_POINT('',(1.375878650834,25.264925291795));
#5153 = CARTESIAN_POINT('',(1.435188047536,24.96381123431));
#5154 = CARTESIAN_POINT('',(1.494497444237,24.658289959881));
#5155 = CARTESIAN_POINT('',(1.553806840938,24.350568085366));
#5156 = CARTESIAN_POINT('',(1.61311623764,24.042917090422));
#5157 = CARTESIAN_POINT('',(1.672425634341,23.737574644432));
#5158 = ( GEOMETRIC_REPRESENTATION_CONTEXT(2) 
PARAMETRIC_REPRESENTATION_CONTEXT() REPRESENTATION_CONTEXT('2D SPACE',''
  ) );
#5159 = PCURVE('',#5160,#5165);
#5160 = PLANE('',#5161);
#5161 = AXIS2_PLACEMENT_3D('',#5162,#5163,#5164);
#5162 = CARTESIAN_POINT('',(0.,11.8,11.));
#5163 = DIRECTION('',(0.,0.358979079309,-0.933345606203));
#5164 = DIRECTION('',(0.,-0.933345606203,-0.358979079309));
#5165 = DEFINITIONAL_REPRESENTATION('',(#5166),#5170);
#5166 = ELLIPSE('',#5167,5.663093236033,2.3);
#5167 = AXIS2_PLACEMENT_2D('',#5168,#5169);
#5168 = CARTESIAN_POINT('',(0.435262133662,-52.5));
#5169 = DIRECTION('',(1.,0.));
#5170 = ( GEOMETRIC_REPRESENTATION_CONTEXT(2) 
PARAMETRIC_REPRESENTATION_CONTEXT() REPRESENTATION_CONTEXT('2D SPACE',''
  ) );
#5171 = ORIENTED_EDGE('',*,*,#5172,.T.);
#5172 = EDGE_CURVE('',#5141,#5173,#5175,.T.);
#5173 = VERTEX_POINT('',#5174);
#5174 = CARTESIAN_POINT('',(52.031344606709,14.734450383454,11.));
#5175 = SURFACE_CURVE('',#5176,(#5181,#5201),.PCURVE_S1.);
#5176 = ELLIPSE('',#5177,3.252691193458,2.3);
#5177 = AXIS2_PLACEMENT_3D('',#5178,#5179,#5180);
#5178 = CARTESIAN_POINT('',(52.5,11.55,11.));
#5179 = DIRECTION('',(0.,0.,-1.));
#5180 = DIRECTION('',(0.,-1.,-0.));
#5181 = PCURVE('',#894,#5182);
#5182 = DEFINITIONAL_REPRESENTATION('',(#5183),#5200);
#5183 = B_SPLINE_CURVE_WITH_KNOTS('',8,(#5184,#5185,#5186,#5187,#5188,
    #5189,#5190,#5191,#5192,#5193,#5194,#5195,#5196,#5197,#5198,#5199),
  .UNSPECIFIED.,.F.,.F.,(9,7,9),(1.557439285616,3.14159265359,
    4.725746021564),.UNSPECIFIED.);
#5184 = CARTESIAN_POINT('',(1.557439285616,24.072350841566));
#5185 = CARTESIAN_POINT('',(1.755458456612,23.616947375684));
#5186 = CARTESIAN_POINT('',(1.953477627609,23.1601671178));
#5187 = CARTESIAN_POINT('',(2.151496798609,22.729221948));
#5188 = CARTESIAN_POINT('',(2.349515969592,22.351433134245));
#5189 = CARTESIAN_POINT('',(2.547535140604,22.05084135216));
#5190 = CARTESIAN_POINT('',(2.745554311595,21.844701136008));
#5191 = CARTESIAN_POINT('',(2.943573482593,21.741630560343));
#5192 = CARTESIAN_POINT('',(3.339611824587,21.741630560343));
#5193 = CARTESIAN_POINT('',(3.53763099558,21.844701136029));
#5194 = CARTESIAN_POINT('',(3.735650166584,22.050841352044));
#5195 = CARTESIAN_POINT('',(3.93366933757,22.351433134419));
#5196 = CARTESIAN_POINT('',(4.131688508574,22.729221947884));
#5197 = CARTESIAN_POINT('',(4.329707679565,23.160167117807));
#5198 = CARTESIAN_POINT('',(4.527726850567,23.616947375684));
#5199 = CARTESIAN_POINT('',(4.725746021564,24.072350841566));
#5200 = ( GEOMETRIC_REPRESENTATION_CONTEXT(2) 
PARAMETRIC_REPRESENTATION_CONTEXT() REPRESENTATION_CONTEXT('2D SPACE',''
  ) );
#5201 = PCURVE('',#5202,#5207);
#5202 = PLANE('',#5203);
#5203 = AXIS2_PLACEMENT_3D('',#5204,#5205,#5206);
#5204 = CARTESIAN_POINT('',(0.,15.,11.));
#5205 = DIRECTION('',(0.,0.,-1.));
#5206 = DIRECTION('',(0.,-1.,0.));
#5207 = DEFINITIONAL_REPRESENTATION('',(#5208),#5212);
#5208 = ELLIPSE('',#5209,3.252691193458,2.3);
#5209 = AXIS2_PLACEMENT_2D('',#5210,#5211);
#5210 = CARTESIAN_POINT('',(3.45,-52.5));
#5211 = DIRECTION('',(1.,0.));
#5212 = ( GEOMETRIC_REPRESENTATION_CONTEXT(2) 
PARAMETRIC_REPRESENTATION_CONTEXT() REPRESENTATION_CONTEXT('2D SPACE',''
  ) );
#5213 = ORIENTED_EDGE('',*,*,#5214,.T.);
#5214 = EDGE_CURVE('',#5173,#2119,#5215,.T.);
#5215 = SURFACE_CURVE('',#5216,(#5221,#5231),.PCURVE_S1.);
#5216 = ELLIPSE('',#5217,188.26224463898,2.3);
#5217 = AXIS2_PLACEMENT_3D('',#5218,#5219,#5220);
#5218 = CARTESIAN_POINT('',(52.5,143.4611459228,142.9111459228));
#5219 = DIRECTION('',(0.,0.715692733704,-0.698415285431));
#5220 = DIRECTION('',(0.,-0.698415285431,-0.715692733704));
#5221 = PCURVE('',#894,#5222);
#5222 = DEFINITIONAL_REPRESENTATION('',(#5223),#5230);
#5223 = B_SPLINE_CURVE_WITH_KNOTS('',5,(#5224,#5225,#5226,#5227,#5228,
    #5229),.UNSPECIFIED.,.F.,.F.,(6,6),(0.204713184367,0.210484662545),
  .PIECEWISE_BEZIER_KNOTS.);
#5224 = CARTESIAN_POINT('',(2.936879469223,21.808545195747));
#5225 = CARTESIAN_POINT('',(2.935725173587,21.764372279339));
#5226 = CARTESIAN_POINT('',(2.934570877951,21.71989238259));
#5227 = CARTESIAN_POINT('',(2.933416582316,21.675105628116));
#5228 = CARTESIAN_POINT('',(2.93226228668,21.630012140237));
#5229 = CARTESIAN_POINT('',(2.931107991044,21.584612044978));
#5230 = ( GEOMETRIC_REPRESENTATION_CONTEXT(2) 
PARAMETRIC_REPRESENTATION_CONTEXT() REPRESENTATION_CONTEXT('2D SPACE',''
  ) );
#5231 = PCURVE('',#2164,#5232);
#5232 = DEFINITIONAL_REPRESENTATION('',(#5233),#5237);
#5233 = ELLIPSE('',#5234,188.26224463898,2.3);
#5234 = AXIS2_PLACEMENT_2D('',#5235,#5236);
#5235 = CARTESIAN_POINT('',(-184.1259155523,-52.5));
#5236 = DIRECTION('',(1.,0.));
#5237 = ( GEOMETRIC_REPRESENTATION_CONTEXT(2) 
PARAMETRIC_REPRESENTATION_CONTEXT() REPRESENTATION_CONTEXT('2D SPACE',''
  ) );
#5238 = ORIENTED_EDGE('',*,*,#2118,.T.);
#5239 = ORIENTED_EDGE('',*,*,#5240,.T.);
#5240 = EDGE_CURVE('',#2091,#5241,#5243,.T.);
#5241 = VERTEX_POINT('',#5242);
#5242 = CARTESIAN_POINT('',(52.968655393291,14.734450383454,11.));
#5243 = SURFACE_CURVE('',#5244,(#5249,#5259),.PCURVE_S1.);
#5244 = ELLIPSE('',#5245,188.26224463898,2.3);
#5245 = AXIS2_PLACEMENT_3D('',#5246,#5247,#5248);
#5246 = CARTESIAN_POINT('',(52.5,143.4611459228,142.9111459228));
#5247 = DIRECTION('',(0.,0.715692733704,-0.698415285431));
#5248 = DIRECTION('',(0.,-0.698415285431,-0.715692733704));
#5249 = PCURVE('',#894,#5250);
#5250 = DEFINITIONAL_REPRESENTATION('',(#5251),#5258);
#5251 = B_SPLINE_CURVE_WITH_KNOTS('',5,(#5252,#5253,#5254,#5255,#5256,
    #5257),.UNSPECIFIED.,.F.,.F.,(6,6),(6.072700644634,6.078472122813),
  .PIECEWISE_BEZIER_KNOTS.);
#5252 = CARTESIAN_POINT('',(3.352077316135,21.584612044978));
#5253 = CARTESIAN_POINT('',(3.350923020499,21.630012140237));
#5254 = CARTESIAN_POINT('',(3.349768724864,21.675105628116));
#5255 = CARTESIAN_POINT('',(3.348614429228,21.71989238259));
#5256 = CARTESIAN_POINT('',(3.347460133592,21.764372279339));
#5257 = CARTESIAN_POINT('',(3.346305837957,21.808545195747));
#5258 = ( GEOMETRIC_REPRESENTATION_CONTEXT(2) 
PARAMETRIC_REPRESENTATION_CONTEXT() REPRESENTATION_CONTEXT('2D SPACE',''
  ) );
#5259 = PCURVE('',#2106,#5260);
#5260 = DEFINITIONAL_REPRESENTATION('',(#5261),#5265);
#5261 = ELLIPSE('',#5262,188.26224463898,2.3);
#5262 = AXIS2_PLACEMENT_2D('',#5263,#5264);
#5263 = CARTESIAN_POINT('',(-184.1259155523,-52.5));
#5264 = DIRECTION('',(1.,0.));
#5265 = ( GEOMETRIC_REPRESENTATION_CONTEXT(2) 
PARAMETRIC_REPRESENTATION_CONTEXT() REPRESENTATION_CONTEXT('2D SPACE',''
  ) );
#5266 = ORIENTED_EDGE('',*,*,#5267,.T.);
#5267 = EDGE_CURVE('',#5241,#5268,#5270,.T.);
#5268 = VERTEX_POINT('',#5269);
#5269 = CARTESIAN_POINT('',(54.793196459094,11.8,11.));
#5270 = SURFACE_CURVE('',#5271,(#5276,#5296),.PCURVE_S1.);
#5271 = ELLIPSE('',#5272,3.252691193458,2.3);
#5272 = AXIS2_PLACEMENT_3D('',#5273,#5274,#5275);
#5273 = CARTESIAN_POINT('',(52.5,11.55,11.));
#5274 = DIRECTION('',(0.,0.,-1.));
#5275 = DIRECTION('',(0.,-1.,-0.));
#5276 = PCURVE('',#894,#5277);
#5277 = DEFINITIONAL_REPRESENTATION('',(#5278),#5295);
#5278 = B_SPLINE_CURVE_WITH_KNOTS('',8,(#5279,#5280,#5281,#5282,#5283,
    #5284,#5285,#5286,#5287,#5288,#5289,#5290,#5291,#5292,#5293,#5294),
  .UNSPECIFIED.,.F.,.F.,(9,7,9),(1.557439285616,3.14159265359,
    4.725746021564),.UNSPECIFIED.);
#5279 = CARTESIAN_POINT('',(1.557439285616,24.072350841566));
#5280 = CARTESIAN_POINT('',(1.755458456612,23.616947375684));
#5281 = CARTESIAN_POINT('',(1.953477627609,23.1601671178));
#5282 = CARTESIAN_POINT('',(2.151496798609,22.729221948));
#5283 = CARTESIAN_POINT('',(2.349515969592,22.351433134245));
#5284 = CARTESIAN_POINT('',(2.547535140604,22.05084135216));
#5285 = CARTESIAN_POINT('',(2.745554311595,21.844701136008));
#5286 = CARTESIAN_POINT('',(2.943573482593,21.741630560343));
#5287 = CARTESIAN_POINT('',(3.339611824587,21.741630560343));
#5288 = CARTESIAN_POINT('',(3.53763099558,21.844701136029));
#5289 = CARTESIAN_POINT('',(3.735650166584,22.050841352044));
#5290 = CARTESIAN_POINT('',(3.93366933757,22.351433134419));
#5291 = CARTESIAN_POINT('',(4.131688508574,22.729221947884));
#5292 = CARTESIAN_POINT('',(4.329707679565,23.160167117807));
#5293 = CARTESIAN_POINT('',(4.527726850567,23.616947375684));
#5294 = CARTESIAN_POINT('',(4.725746021564,24.072350841566));
#5295 = ( GEOMETRIC_REPRESENTATION_CONTEXT(2) 
PARAMETRIC_REPRESENTATION_CONTEXT() REPRESENTATION_CONTEXT('2D SPACE',''
  ) );
#5296 = PCURVE('',#4876,#5297);
#5297 = DEFINITIONAL_REPRESENTATION('',(#5298),#5302);
#5298 = ELLIPSE('',#5299,3.252691193458,2.3);
#5299 = AXIS2_PLACEMENT_2D('',#5300,#5301);
#5300 = CARTESIAN_POINT('',(3.45,-52.5));
#5301 = DIRECTION('',(1.,0.));
#5302 = ( GEOMETRIC_REPRESENTATION_CONTEXT(2) 
PARAMETRIC_REPRESENTATION_CONTEXT() REPRESENTATION_CONTEXT('2D SPACE',''
  ) );
#5303 = ORIENTED_EDGE('',*,*,#5304,.T.);
#5304 = EDGE_CURVE('',#5268,#5009,#5305,.T.);
#5305 = SURFACE_CURVE('',#5306,(#5311,#5321),.PCURVE_S1.);
#5306 = ELLIPSE('',#5307,5.663093236033,2.3);
#5307 = AXIS2_PLACEMENT_3D('',#5308,#5309,#5310);
#5308 = CARTESIAN_POINT('',(52.5,11.39375,10.84375));
#5309 = DIRECTION('',(0.,0.358979079309,-0.933345606203));
#5310 = DIRECTION('',(0.,-0.933345606203,-0.358979079309));
#5311 = PCURVE('',#894,#5312);
#5312 = DEFINITIONAL_REPRESENTATION('',(#5313),#5320);
#5313 = B_SPLINE_CURVE_WITH_KNOTS('',5,(#5314,#5315,#5316,#5317,#5318,
    #5319),.UNSPECIFIED.,.F.,.F.,(6,6),(4.610759672838,4.907306656345),
  .PIECEWISE_BEZIER_KNOTS.);
#5314 = CARTESIAN_POINT('',(4.610759672838,23.737574644432));
#5315 = CARTESIAN_POINT('',(4.67006906954,24.042917090422));
#5316 = CARTESIAN_POINT('',(4.729378466241,24.350568085366));
#5317 = CARTESIAN_POINT('',(4.788687862943,24.658289959881));
#5318 = CARTESIAN_POINT('',(4.847997259644,24.96381123431));
#5319 = CARTESIAN_POINT('',(4.907306656345,25.264925291795));
#5320 = ( GEOMETRIC_REPRESENTATION_CONTEXT(2) 
PARAMETRIC_REPRESENTATION_CONTEXT() REPRESENTATION_CONTEXT('2D SPACE',''
  ) );
#5321 = PCURVE('',#4834,#5322);
#5322 = DEFINITIONAL_REPRESENTATION('',(#5323),#5327);
#5323 = ELLIPSE('',#5324,5.663093236033,2.3);
#5324 = AXIS2_PLACEMENT_2D('',#5325,#5326);
#5325 = CARTESIAN_POINT('',(0.435262133662,-52.5));
#5326 = DIRECTION('',(1.,0.));
#5327 = ( GEOMETRIC_REPRESENTATION_CONTEXT(2) 
PARAMETRIC_REPRESENTATION_CONTEXT() REPRESENTATION_CONTEXT('2D SPACE',''
  ) );
#5328 = ORIENTED_EDGE('',*,*,#5008,.T.);
#5329 = ORIENTED_EDGE('',*,*,#911,.T.);
#5330 = ADVANCED_FACE('',(#5331),#865,.F.);
#5331 = FACE_BOUND('',#5332,.F.);
#5332 = EDGE_LOOP('',(#5333,#5360,#5381,#5382));
#5333 = ORIENTED_EDGE('',*,*,#5334,.F.);
#5334 = EDGE_CURVE('',#5335,#821,#5337,.T.);
#5335 = VERTEX_POINT('',#5336);
#5336 = CARTESIAN_POINT('',(32.266881117306,10.5,10.5));
#5337 = SURFACE_CURVE('',#5338,(#5343,#5350),.PCURVE_S1.);
#5338 = ELLIPSE('',#5339,5.663093236033,2.3);
#5339 = AXIS2_PLACEMENT_3D('',#5340,#5341,#5342);
#5340 = CARTESIAN_POINT('',(30.,10.15625,9.60625));
#5341 = DIRECTION('',(0.,-0.933345606203,0.358979079309));
#5342 = DIRECTION('',(0.,-0.358979079309,-0.933345606203));
#5343 = PCURVE('',#865,#5344);
#5344 = DEFINITIONAL_REPRESENTATION('',(#5345),#5349);
#5345 = ELLIPSE('',#5346,5.663093236033,2.3);
#5346 = AXIS2_PLACEMENT_2D('',#5347,#5348);
#5347 = CARTESIAN_POINT('',(-0.957576694056,-30.));
#5348 = DIRECTION('',(-1.,-0.));
#5349 = ( GEOMETRIC_REPRESENTATION_CONTEXT(2) 
PARAMETRIC_REPRESENTATION_CONTEXT() REPRESENTATION_CONTEXT('2D SPACE',''
  ) );
#5350 = PCURVE('',#803,#5351);
#5351 = DEFINITIONAL_REPRESENTATION('',(#5352),#5359);
#5352 = B_SPLINE_CURVE_WITH_KNOTS('',5,(#5353,#5354,#5355,#5356,#5357,
    #5358),.UNSPECIFIED.,.F.,.F.,(6,6),(1.71579966567,2.025989644395),
  .PIECEWISE_BEZIER_KNOTS.);
#5353 = CARTESIAN_POINT('',(4.85739231926,25.264925291795));
#5354 = CARTESIAN_POINT('',(4.919430315005,24.947247912237));
#5355 = CARTESIAN_POINT('',(4.98146831075,24.633167911677));
#5356 = CARTESIAN_POINT('',(5.043506306495,24.325232724433));
#5357 = CARTESIAN_POINT('',(5.10554430224,24.025931038413));
#5358 = CARTESIAN_POINT('',(5.167582297985,23.737574644432));
#5359 = ( GEOMETRIC_REPRESENTATION_CONTEXT(2) 
PARAMETRIC_REPRESENTATION_CONTEXT() REPRESENTATION_CONTEXT('2D SPACE',''
  ) );
#5360 = ORIENTED_EDGE('',*,*,#5361,.T.);
#5361 = EDGE_CURVE('',#5335,#5114,#5362,.T.);
#5362 = SURFACE_CURVE('',#5363,(#5367,#5374),.PCURVE_S1.);
#5363 = LINE('',#5364,#5365);
#5364 = CARTESIAN_POINT('',(0.,10.5,10.5));
#5365 = VECTOR('',#5366,1.);
#5366 = DIRECTION('',(1.,0.,0.));
#5367 = PCURVE('',#865,#5368);
#5368 = DEFINITIONAL_REPRESENTATION('',(#5369),#5373);
#5369 = LINE('',#5370,#5371);
#5370 = CARTESIAN_POINT('',(0.,0.));
#5371 = VECTOR('',#5372,1.);
#5372 = DIRECTION('',(0.,-1.));
#5373 = ( GEOMETRIC_REPRESENTATION_CONTEXT(2) 
PARAMETRIC_REPRESENTATION_CONTEXT() REPRESENTATION_CONTEXT('2D SPACE',''
  ) );
#5374 = PCURVE('',#5160,#5375);
#5375 = DEFINITIONAL_REPRESENTATION('',(#5376),#5380);
#5376 = LINE('',#5377,#5378);
#5377 = CARTESIAN_POINT('',(1.392838827718,0.));
#5378 = VECTOR('',#5379,1.);
#5379 = DIRECTION('',(0.,-1.));
#5380 = ( GEOMETRIC_REPRESENTATION_CONTEXT(2) 
PARAMETRIC_REPRESENTATION_CONTEXT() REPRESENTATION_CONTEXT('2D SPACE',''
  ) );
#5381 = ORIENTED_EDGE('',*,*,#5113,.F.);
#5382 = ORIENTED_EDGE('',*,*,#849,.F.);
#5383 = ADVANCED_FACE('',(#5384),#803,.F.);
#5384 = FACE_BOUND('',#5385,.F.);
#5385 = EDGE_LOOP('',(#5386,#5409,#5436,#5437,#5438,#5465,#5497,#5539,
    #5564,#5565,#5592,#5629,#5654,#5655));
#5386 = ORIENTED_EDGE('',*,*,#5387,.T.);
#5387 = EDGE_CURVE('',#787,#5388,#5390,.T.);
#5388 = VERTEX_POINT('',#5389);
#5389 = CARTESIAN_POINT('',(30.,1.909188309204,4.611879502662));
#5390 = SEAM_CURVE('',#5391,(#5395,#5402),.PCURVE_S1.);
#5391 = LINE('',#5392,#5393);
#5392 = CARTESIAN_POINT('',(30.,26.923654403271,29.626345596729));
#5393 = VECTOR('',#5394,1.);
#5394 = DIRECTION('',(0.,-0.707106781187,-0.707106781187));
#5395 = PCURVE('',#803,#5396);
#5396 = DEFINITIONAL_REPRESENTATION('',(#5397),#5401);
#5397 = LINE('',#5398,#5399);
#5398 = CARTESIAN_POINT('',(6.28318530718,-0.));
#5399 = VECTOR('',#5400,1.);
#5400 = DIRECTION('',(0.,1.));
#5401 = ( GEOMETRIC_REPRESENTATION_CONTEXT(2) 
PARAMETRIC_REPRESENTATION_CONTEXT() REPRESENTATION_CONTEXT('2D SPACE',''
  ) );
#5402 = PCURVE('',#803,#5403);
#5403 = DEFINITIONAL_REPRESENTATION('',(#5404),#5408);
#5404 = LINE('',#5405,#5406);
#5405 = CARTESIAN_POINT('',(0.,-0.));
#5406 = VECTOR('',#5407,1.);
#5407 = DIRECTION('',(0.,1.));
#5408 = ( GEOMETRIC_REPRESENTATION_CONTEXT(2) 
PARAMETRIC_REPRESENTATION_CONTEXT() REPRESENTATION_CONTEXT('2D SPACE',''
  ) );
#5409 = ORIENTED_EDGE('',*,*,#5410,.F.);
#5410 = EDGE_CURVE('',#5388,#5388,#5411,.T.);
#5411 = SURFACE_CURVE('',#5412,(#5417,#5424),.PCURVE_S1.);
#5412 = CIRCLE('',#5413,2.3);
#5413 = AXIS2_PLACEMENT_3D('',#5414,#5415,#5416);
#5414 = CARTESIAN_POINT('',(30.,3.535533905933,2.985533905933));
#5415 = DIRECTION('',(-0.,-0.707106781187,-0.707106781187));
#5416 = DIRECTION('',(0.,-0.707106781187,0.707106781187));
#5417 = PCURVE('',#803,#5418);
#5418 = DEFINITIONAL_REPRESENTATION('',(#5419),#5423);
#5419 = LINE('',#5420,#5421);
#5420 = CARTESIAN_POINT('',(0.,35.375797205752));
#5421 = VECTOR('',#5422,1.);
#5422 = DIRECTION('',(1.,0.));
#5423 = ( GEOMETRIC_REPRESENTATION_CONTEXT(2) 
PARAMETRIC_REPRESENTATION_CONTEXT() REPRESENTATION_CONTEXT('2D SPACE',''
  ) );
#5424 = PCURVE('',#5425,#5430);
#5425 = PLANE('',#5426);
#5426 = AXIS2_PLACEMENT_3D('',#5427,#5428,#5429);
#5427 = CARTESIAN_POINT('',(30.,3.535533905933,2.985533905933));
#5428 = DIRECTION('',(-0.,-0.707106781187,-0.707106781187));
#5429 = DIRECTION('',(0.,-0.707106781187,0.707106781187));
#5430 = DEFINITIONAL_REPRESENTATION('',(#5431),#5435);
#5431 = CIRCLE('',#5432,2.3);
#5432 = AXIS2_PLACEMENT_2D('',#5433,#5434);
#5433 = CARTESIAN_POINT('',(0.,0.));
#5434 = DIRECTION('',(1.,0.));
#5435 = ( GEOMETRIC_REPRESENTATION_CONTEXT(2) 
PARAMETRIC_REPRESENTATION_CONTEXT() REPRESENTATION_CONTEXT('2D SPACE',''
  ) );
#5436 = ORIENTED_EDGE('',*,*,#5387,.F.);
#5437 = ORIENTED_EDGE('',*,*,#786,.T.);
#5438 = ORIENTED_EDGE('',*,*,#5439,.T.);
#5439 = EDGE_CURVE('',#759,#5440,#5442,.T.);
#5440 = VERTEX_POINT('',#5441);
#5441 = CARTESIAN_POINT('',(27.733118882694,10.5,10.5));
#5442 = SURFACE_CURVE('',#5443,(#5448,#5458),.PCURVE_S1.);
#5443 = ELLIPSE('',#5444,5.663093236033,2.3);
#5444 = AXIS2_PLACEMENT_3D('',#5445,#5446,#5447);
#5445 = CARTESIAN_POINT('',(30.,10.15625,9.60625));
#5446 = DIRECTION('',(0.,-0.933345606203,0.358979079309));
#5447 = DIRECTION('',(0.,-0.358979079309,-0.933345606203));
#5448 = PCURVE('',#803,#5449);
#5449 = DEFINITIONAL_REPRESENTATION('',(#5450),#5457);
#5450 = B_SPLINE_CURVE_WITH_KNOTS('',5,(#5451,#5452,#5453,#5454,#5455,
    #5456),.UNSPECIFIED.,.F.,.F.,(6,6),(4.257195662784,4.567385641509),
  .PIECEWISE_BEZIER_KNOTS.);
#5451 = CARTESIAN_POINT('',(1.115603009195,23.737574644432));
#5452 = CARTESIAN_POINT('',(1.17764100494,24.025931038413));
#5453 = CARTESIAN_POINT('',(1.239679000684,24.325232724433));
#5454 = CARTESIAN_POINT('',(1.301716996429,24.633167911677));
#5455 = CARTESIAN_POINT('',(1.363754992174,24.947247912237));
#5456 = CARTESIAN_POINT('',(1.425792987919,25.264925291795));
#5457 = ( GEOMETRIC_REPRESENTATION_CONTEXT(2) 
PARAMETRIC_REPRESENTATION_CONTEXT() REPRESENTATION_CONTEXT('2D SPACE',''
  ) );
#5458 = PCURVE('',#774,#5459);
#5459 = DEFINITIONAL_REPRESENTATION('',(#5460),#5464);
#5460 = ELLIPSE('',#5461,5.663093236033,2.3);
#5461 = AXIS2_PLACEMENT_2D('',#5462,#5463);
#5462 = CARTESIAN_POINT('',(-0.957576694056,-30.));
#5463 = DIRECTION('',(-1.,-0.));
#5464 = ( GEOMETRIC_REPRESENTATION_CONTEXT(2) 
PARAMETRIC_REPRESENTATION_CONTEXT() REPRESENTATION_CONTEXT('2D SPACE',''
  ) );
#5465 = ORIENTED_EDGE('',*,*,#5466,.T.);
#5466 = EDGE_CURVE('',#5440,#5467,#5469,.T.);
#5467 = VERTEX_POINT('',#5468);
#5468 = CARTESIAN_POINT('',(27.706803540906,11.8,11.));
#5469 = SURFACE_CURVE('',#5470,(#5475,#5485),.PCURVE_S1.);
#5470 = ELLIPSE('',#5471,5.663093236033,2.3);
#5471 = AXIS2_PLACEMENT_3D('',#5472,#5473,#5474);
#5472 = CARTESIAN_POINT('',(30.,11.39375,10.84375));
#5473 = DIRECTION('',(0.,0.358979079309,-0.933345606203));
#5474 = DIRECTION('',(0.,-0.933345606203,-0.358979079309));
#5475 = PCURVE('',#803,#5476);
#5476 = DEFINITIONAL_REPRESENTATION('',(#5477),#5484);
#5477 = B_SPLINE_CURVE_WITH_KNOTS('',5,(#5478,#5479,#5480,#5481,#5482,
    #5483),.UNSPECIFIED.,.F.,.F.,(6,6),(1.375878650834,1.672425634341),
  .PIECEWISE_BEZIER_KNOTS.);
#5478 = CARTESIAN_POINT('',(1.375878650834,25.264925291795));
#5479 = CARTESIAN_POINT('',(1.435188047536,24.96381123431));
#5480 = CARTESIAN_POINT('',(1.494497444237,24.658289959881));
#5481 = CARTESIAN_POINT('',(1.553806840938,24.350568085366));
#5482 = CARTESIAN_POINT('',(1.61311623764,24.042917090422));
#5483 = CARTESIAN_POINT('',(1.672425634341,23.737574644432));
#5484 = ( GEOMETRIC_REPRESENTATION_CONTEXT(2) 
PARAMETRIC_REPRESENTATION_CONTEXT() REPRESENTATION_CONTEXT('2D SPACE',''
  ) );
#5485 = PCURVE('',#5486,#5491);
#5486 = PLANE('',#5487);
#5487 = AXIS2_PLACEMENT_3D('',#5488,#5489,#5490);
#5488 = CARTESIAN_POINT('',(0.,11.8,11.));
#5489 = DIRECTION('',(0.,0.358979079309,-0.933345606203));
#5490 = DIRECTION('',(0.,-0.933345606203,-0.358979079309));
#5491 = DEFINITIONAL_REPRESENTATION('',(#5492),#5496);
#5492 = ELLIPSE('',#5493,5.663093236033,2.3);
#5493 = AXIS2_PLACEMENT_2D('',#5494,#5495);
#5494 = CARTESIAN_POINT('',(0.435262133662,-30.));
#5495 = DIRECTION('',(1.,0.));
#5496 = ( GEOMETRIC_REPRESENTATION_CONTEXT(2) 
PARAMETRIC_REPRESENTATION_CONTEXT() REPRESENTATION_CONTEXT('2D SPACE',''
  ) );
#5497 = ORIENTED_EDGE('',*,*,#5498,.T.);
#5498 = EDGE_CURVE('',#5467,#5499,#5501,.T.);
#5499 = VERTEX_POINT('',#5500);
#5500 = CARTESIAN_POINT('',(29.531344606709,14.734450383454,11.));
#5501 = SURFACE_CURVE('',#5502,(#5507,#5527),.PCURVE_S1.);
#5502 = ELLIPSE('',#5503,3.252691193458,2.3);
#5503 = AXIS2_PLACEMENT_3D('',#5504,#5505,#5506);
#5504 = CARTESIAN_POINT('',(30.,11.55,11.));
#5505 = DIRECTION('',(0.,0.,-1.));
#5506 = DIRECTION('',(0.,-1.,-0.));
#5507 = PCURVE('',#803,#5508);
#5508 = DEFINITIONAL_REPRESENTATION('',(#5509),#5526);
#5509 = B_SPLINE_CURVE_WITH_KNOTS('',8,(#5510,#5511,#5512,#5513,#5514,
    #5515,#5516,#5517,#5518,#5519,#5520,#5521,#5522,#5523,#5524,#5525),
  .UNSPECIFIED.,.F.,.F.,(9,7,9),(1.557439285616,3.14159265359,
    4.725746021564),.UNSPECIFIED.);
#5510 = CARTESIAN_POINT('',(1.557439285616,24.072350841566));
#5511 = CARTESIAN_POINT('',(1.755458456612,23.616947375684));
#5512 = CARTESIAN_POINT('',(1.953477627608,23.1601671178));
#5513 = CARTESIAN_POINT('',(2.151496798607,22.729221948));
#5514 = CARTESIAN_POINT('',(2.34951596959,22.351433134245));
#5515 = CARTESIAN_POINT('',(2.547535140606,22.05084135216));
#5516 = CARTESIAN_POINT('',(2.745554311594,21.844701136008));
#5517 = CARTESIAN_POINT('',(2.943573482593,21.741630560343));
#5518 = CARTESIAN_POINT('',(3.339611824587,21.741630560343));
#5519 = CARTESIAN_POINT('',(3.537630995583,21.844701136029));
#5520 = CARTESIAN_POINT('',(3.735650166571,22.050841352044));
#5521 = CARTESIAN_POINT('',(3.933669337581,22.351433134419));
#5522 = CARTESIAN_POINT('',(4.131688508562,22.729221947884));
#5523 = CARTESIAN_POINT('',(4.329707679568,23.160167117807));
#5524 = CARTESIAN_POINT('',(4.527726850567,23.616947375684));
#5525 = CARTESIAN_POINT('',(4.725746021564,24.072350841566));
#5526 = ( GEOMETRIC_REPRESENTATION_CONTEXT(2) 
PARAMETRIC_REPRESENTATION_CONTEXT() REPRESENTATION_CONTEXT('2D SPACE',''
  ) );
#5527 = PCURVE('',#5528,#5533);
#5528 = PLANE('',#5529);
#5529 = AXIS2_PLACEMENT_3D('',#5530,#5531,#5532);
#5530 = CARTESIAN_POINT('',(0.,15.,11.));
#5531 = DIRECTION('',(0.,0.,-1.));
#5532 = DIRECTION('',(0.,-1.,0.));
#5533 = DEFINITIONAL_REPRESENTATION('',(#5534),#5538);
#5534 = ELLIPSE('',#5535,3.252691193458,2.3);
#5535 = AXIS2_PLACEMENT_2D('',#5536,#5537);
#5536 = CARTESIAN_POINT('',(3.45,-30.));
#5537 = DIRECTION('',(1.,0.));
#5538 = ( GEOMETRIC_REPRESENTATION_CONTEXT(2) 
PARAMETRIC_REPRESENTATION_CONTEXT() REPRESENTATION_CONTEXT('2D SPACE',''
  ) );
#5539 = ORIENTED_EDGE('',*,*,#5540,.T.);
#5540 = EDGE_CURVE('',#5499,#2177,#5541,.T.);
#5541 = SURFACE_CURVE('',#5542,(#5547,#5557),.PCURVE_S1.);
#5542 = ELLIPSE('',#5543,188.26224463898,2.3);
#5543 = AXIS2_PLACEMENT_3D('',#5544,#5545,#5546);
#5544 = CARTESIAN_POINT('',(30.,143.4611459228,142.9111459228));
#5545 = DIRECTION('',(0.,0.715692733704,-0.698415285431));
#5546 = DIRECTION('',(0.,-0.698415285431,-0.715692733704));
#5547 = PCURVE('',#803,#5548);
#5548 = DEFINITIONAL_REPRESENTATION('',(#5549),#5556);
#5549 = B_SPLINE_CURVE_WITH_KNOTS('',5,(#5550,#5551,#5552,#5553,#5554,
    #5555),.UNSPECIFIED.,.F.,.F.,(6,6),(0.204713184367,0.210484662545),
  .PIECEWISE_BEZIER_KNOTS.);
#5550 = CARTESIAN_POINT('',(2.936879469223,21.808545195751));
#5551 = CARTESIAN_POINT('',(2.935725173587,21.764372279342));
#5552 = CARTESIAN_POINT('',(2.934570877952,21.719892382591));
#5553 = CARTESIAN_POINT('',(2.933416582316,21.675105628115));
#5554 = CARTESIAN_POINT('',(2.93226228668,21.630012140235));
#5555 = CARTESIAN_POINT('',(2.931107991044,21.584612044974));
#5556 = ( GEOMETRIC_REPRESENTATION_CONTEXT(2) 
PARAMETRIC_REPRESENTATION_CONTEXT() REPRESENTATION_CONTEXT('2D SPACE',''
  ) );
#5557 = PCURVE('',#2222,#5558);
#5558 = DEFINITIONAL_REPRESENTATION('',(#5559),#5563);
#5559 = ELLIPSE('',#5560,188.26224463898,2.3);
#5560 = AXIS2_PLACEMENT_2D('',#5561,#5562);
#5561 = CARTESIAN_POINT('',(-184.1259155523,-30.));
#5562 = DIRECTION('',(1.,0.));
#5563 = ( GEOMETRIC_REPRESENTATION_CONTEXT(2) 
PARAMETRIC_REPRESENTATION_CONTEXT() REPRESENTATION_CONTEXT('2D SPACE',''
  ) );
#5564 = ORIENTED_EDGE('',*,*,#2176,.T.);
#5565 = ORIENTED_EDGE('',*,*,#5566,.T.);
#5566 = EDGE_CURVE('',#2149,#5567,#5569,.T.);
#5567 = VERTEX_POINT('',#5568);
#5568 = CARTESIAN_POINT('',(30.468655393291,14.734450383454,11.));
#5569 = SURFACE_CURVE('',#5570,(#5575,#5585),.PCURVE_S1.);
#5570 = ELLIPSE('',#5571,188.26224463898,2.3);
#5571 = AXIS2_PLACEMENT_3D('',#5572,#5573,#5574);
#5572 = CARTESIAN_POINT('',(30.,143.4611459228,142.9111459228));
#5573 = DIRECTION('',(0.,0.715692733704,-0.698415285431));
#5574 = DIRECTION('',(0.,-0.698415285431,-0.715692733704));
#5575 = PCURVE('',#803,#5576);
#5576 = DEFINITIONAL_REPRESENTATION('',(#5577),#5584);
#5577 = B_SPLINE_CURVE_WITH_KNOTS('',5,(#5578,#5579,#5580,#5581,#5582,
    #5583),.UNSPECIFIED.,.F.,.F.,(6,6),(6.072700644634,6.078472122813),
  .PIECEWISE_BEZIER_KNOTS.);
#5578 = CARTESIAN_POINT('',(3.352077316135,21.584612044974));
#5579 = CARTESIAN_POINT('',(3.350923020499,21.630012140235));
#5580 = CARTESIAN_POINT('',(3.349768724864,21.675105628115));
#5581 = CARTESIAN_POINT('',(3.348614429228,21.719892382591));
#5582 = CARTESIAN_POINT('',(3.347460133592,21.764372279342));
#5583 = CARTESIAN_POINT('',(3.346305837957,21.808545195751));
#5584 = ( GEOMETRIC_REPRESENTATION_CONTEXT(2) 
PARAMETRIC_REPRESENTATION_CONTEXT() REPRESENTATION_CONTEXT('2D SPACE',''
  ) );
#5585 = PCURVE('',#2164,#5586);
#5586 = DEFINITIONAL_REPRESENTATION('',(#5587),#5591);
#5587 = ELLIPSE('',#5588,188.26224463898,2.3);
#5588 = AXIS2_PLACEMENT_2D('',#5589,#5590);
#5589 = CARTESIAN_POINT('',(-184.1259155523,-30.));
#5590 = DIRECTION('',(1.,0.));
#5591 = ( GEOMETRIC_REPRESENTATION_CONTEXT(2) 
PARAMETRIC_REPRESENTATION_CONTEXT() REPRESENTATION_CONTEXT('2D SPACE',''
  ) );
#5592 = ORIENTED_EDGE('',*,*,#5593,.T.);
#5593 = EDGE_CURVE('',#5567,#5594,#5596,.T.);
#5594 = VERTEX_POINT('',#5595);
#5595 = CARTESIAN_POINT('',(32.293196459094,11.8,11.));
#5596 = SURFACE_CURVE('',#5597,(#5602,#5622),.PCURVE_S1.);
#5597 = ELLIPSE('',#5598,3.252691193458,2.3);
#5598 = AXIS2_PLACEMENT_3D('',#5599,#5600,#5601);
#5599 = CARTESIAN_POINT('',(30.,11.55,11.));
#5600 = DIRECTION('',(0.,0.,-1.));
#5601 = DIRECTION('',(0.,-1.,-0.));
#5602 = PCURVE('',#803,#5603);
#5603 = DEFINITIONAL_REPRESENTATION('',(#5604),#5621);
#5604 = B_SPLINE_CURVE_WITH_KNOTS('',8,(#5605,#5606,#5607,#5608,#5609,
    #5610,#5611,#5612,#5613,#5614,#5615,#5616,#5617,#5618,#5619,#5620),
  .UNSPECIFIED.,.F.,.F.,(9,7,9),(1.557439285616,3.14159265359,
    4.725746021564),.UNSPECIFIED.);
#5605 = CARTESIAN_POINT('',(1.557439285616,24.072350841566));
#5606 = CARTESIAN_POINT('',(1.755458456612,23.616947375684));
#5607 = CARTESIAN_POINT('',(1.953477627608,23.1601671178));
#5608 = CARTESIAN_POINT('',(2.151496798607,22.729221948));
#5609 = CARTESIAN_POINT('',(2.34951596959,22.351433134245));
#5610 = CARTESIAN_POINT('',(2.547535140606,22.05084135216));
#5611 = CARTESIAN_POINT('',(2.745554311594,21.844701136008));
#5612 = CARTESIAN_POINT('',(2.943573482593,21.741630560343));
#5613 = CARTESIAN_POINT('',(3.339611824587,21.741630560343));
#5614 = CARTESIAN_POINT('',(3.537630995583,21.844701136029));
#5615 = CARTESIAN_POINT('',(3.735650166571,22.050841352044));
#5616 = CARTESIAN_POINT('',(3.933669337581,22.351433134419));
#5617 = CARTESIAN_POINT('',(4.131688508562,22.729221947884));
#5618 = CARTESIAN_POINT('',(4.329707679568,23.160167117807));
#5619 = CARTESIAN_POINT('',(4.527726850567,23.616947375684));
#5620 = CARTESIAN_POINT('',(4.725746021564,24.072350841566));
#5621 = ( GEOMETRIC_REPRESENTATION_CONTEXT(2) 
PARAMETRIC_REPRESENTATION_CONTEXT() REPRESENTATION_CONTEXT('2D SPACE',''
  ) );
#5622 = PCURVE('',#5202,#5623);
#5623 = DEFINITIONAL_REPRESENTATION('',(#5624),#5628);
#5624 = ELLIPSE('',#5625,3.252691193458,2.3);
#5625 = AXIS2_PLACEMENT_2D('',#5626,#5627);
#5626 = CARTESIAN_POINT('',(3.45,-30.));
#5627 = DIRECTION('',(1.,0.));
#5628 = ( GEOMETRIC_REPRESENTATION_CONTEXT(2) 
PARAMETRIC_REPRESENTATION_CONTEXT() REPRESENTATION_CONTEXT('2D SPACE',''
  ) );
#5629 = ORIENTED_EDGE('',*,*,#5630,.T.);
#5630 = EDGE_CURVE('',#5594,#5335,#5631,.T.);
#5631 = SURFACE_CURVE('',#5632,(#5637,#5647),.PCURVE_S1.);
#5632 = ELLIPSE('',#5633,5.663093236033,2.3);
#5633 = AXIS2_PLACEMENT_3D('',#5634,#5635,#5636);
#5634 = CARTESIAN_POINT('',(30.,11.39375,10.84375));
#5635 = DIRECTION('',(0.,0.358979079309,-0.933345606203));
#5636 = DIRECTION('',(0.,-0.933345606203,-0.358979079309));
#5637 = PCURVE('',#803,#5638);
#5638 = DEFINITIONAL_REPRESENTATION('',(#5639),#5646);
#5639 = B_SPLINE_CURVE_WITH_KNOTS('',5,(#5640,#5641,#5642,#5643,#5644,
    #5645),.UNSPECIFIED.,.F.,.F.,(6,6),(4.610759672838,4.907306656345),
  .PIECEWISE_BEZIER_KNOTS.);
#5640 = CARTESIAN_POINT('',(4.610759672838,23.737574644432));
#5641 = CARTESIAN_POINT('',(4.67006906954,24.042917090422));
#5642 = CARTESIAN_POINT('',(4.729378466241,24.350568085366));
#5643 = CARTESIAN_POINT('',(4.788687862943,24.658289959881));
#5644 = CARTESIAN_POINT('',(4.847997259644,24.96381123431));
#5645 = CARTESIAN_POINT('',(4.907306656345,25.264925291795));
#5646 = ( GEOMETRIC_REPRESENTATION_CONTEXT(2) 
PARAMETRIC_REPRESENTATION_CONTEXT() REPRESENTATION_CONTEXT('2D SPACE',''
  ) );
#5647 = PCURVE('',#5160,#5648);
#5648 = DEFINITIONAL_REPRESENTATION('',(#5649),#5653);
#5649 = ELLIPSE('',#5650,5.663093236033,2.3);
#5650 = AXIS2_PLACEMENT_2D('',#5651,#5652);
#5651 = CARTESIAN_POINT('',(0.435262133662,-30.));
#5652 = DIRECTION('',(1.,0.));
#5653 = ( GEOMETRIC_REPRESENTATION_CONTEXT(2) 
PARAMETRIC_REPRESENTATION_CONTEXT() REPRESENTATION_CONTEXT('2D SPACE',''
  ) );
#5654 = ORIENTED_EDGE('',*,*,#5334,.T.);
#5655 = ORIENTED_EDGE('',*,*,#820,.T.);
#5656 = ADVANCED_FACE('',(#5657),#774,.F.);
#5657 = FACE_BOUND('',#5658,.F.);
#5658 = EDGE_LOOP('',(#5659,#5686,#5707,#5708));
#5659 = ORIENTED_EDGE('',*,*,#5660,.F.);
#5660 = EDGE_CURVE('',#5661,#730,#5663,.T.);
#5661 = VERTEX_POINT('',#5662);
#5662 = CARTESIAN_POINT('',(19.766881117306,10.5,10.5));
#5663 = SURFACE_CURVE('',#5664,(#5669,#5676),.PCURVE_S1.);
#5664 = ELLIPSE('',#5665,5.663093236033,2.3);
#5665 = AXIS2_PLACEMENT_3D('',#5666,#5667,#5668);
#5666 = CARTESIAN_POINT('',(17.5,10.15625,9.60625));
#5667 = DIRECTION('',(0.,-0.933345606203,0.358979079309));
#5668 = DIRECTION('',(0.,-0.358979079309,-0.933345606203));
#5669 = PCURVE('',#774,#5670);
#5670 = DEFINITIONAL_REPRESENTATION('',(#5671),#5675);
#5671 = ELLIPSE('',#5672,5.663093236033,2.3);
#5672 = AXIS2_PLACEMENT_2D('',#5673,#5674);
#5673 = CARTESIAN_POINT('',(-0.957576694056,-17.5));
#5674 = DIRECTION('',(-1.,-0.));
#5675 = ( GEOMETRIC_REPRESENTATION_CONTEXT(2) 
PARAMETRIC_REPRESENTATION_CONTEXT() REPRESENTATION_CONTEXT('2D SPACE',''
  ) );
#5676 = PCURVE('',#712,#5677);
#5677 = DEFINITIONAL_REPRESENTATION('',(#5678),#5685);
#5678 = B_SPLINE_CURVE_WITH_KNOTS('',5,(#5679,#5680,#5681,#5682,#5683,
    #5684),.UNSPECIFIED.,.F.,.F.,(6,6),(1.71579966567,2.025989644395),
  .PIECEWISE_BEZIER_KNOTS.);
#5679 = CARTESIAN_POINT('',(4.85739231926,25.264925291795));
#5680 = CARTESIAN_POINT('',(4.919430315005,24.947247912237));
#5681 = CARTESIAN_POINT('',(4.98146831075,24.633167911677));
#5682 = CARTESIAN_POINT('',(5.043506306495,24.325232724433));
#5683 = CARTESIAN_POINT('',(5.10554430224,24.025931038413));
#5684 = CARTESIAN_POINT('',(5.167582297985,23.737574644432));
#5685 = ( GEOMETRIC_REPRESENTATION_CONTEXT(2) 
PARAMETRIC_REPRESENTATION_CONTEXT() REPRESENTATION_CONTEXT('2D SPACE',''
  ) );
#5686 = ORIENTED_EDGE('',*,*,#5687,.T.);
#5687 = EDGE_CURVE('',#5661,#5440,#5688,.T.);
#5688 = SURFACE_CURVE('',#5689,(#5693,#5700),.PCURVE_S1.);
#5689 = LINE('',#5690,#5691);
#5690 = CARTESIAN_POINT('',(0.,10.5,10.5));
#5691 = VECTOR('',#5692,1.);
#5692 = DIRECTION('',(1.,0.,0.));
#5693 = PCURVE('',#774,#5694);
#5694 = DEFINITIONAL_REPRESENTATION('',(#5695),#5699);
#5695 = LINE('',#5696,#5697);
#5696 = CARTESIAN_POINT('',(0.,0.));
#5697 = VECTOR('',#5698,1.);
#5698 = DIRECTION('',(0.,-1.));
#5699 = ( GEOMETRIC_REPRESENTATION_CONTEXT(2) 
PARAMETRIC_REPRESENTATION_CONTEXT() REPRESENTATION_CONTEXT('2D SPACE',''
  ) );
#5700 = PCURVE('',#5486,#5701);
#5701 = DEFINITIONAL_REPRESENTATION('',(#5702),#5706);
#5702 = LINE('',#5703,#5704);
#5703 = CARTESIAN_POINT('',(1.392838827718,0.));
#5704 = VECTOR('',#5705,1.);
#5705 = DIRECTION('',(0.,-1.));
#5706 = ( GEOMETRIC_REPRESENTATION_CONTEXT(2) 
PARAMETRIC_REPRESENTATION_CONTEXT() REPRESENTATION_CONTEXT('2D SPACE',''
  ) );
#5707 = ORIENTED_EDGE('',*,*,#5439,.F.);
#5708 = ORIENTED_EDGE('',*,*,#758,.F.);
#5709 = ADVANCED_FACE('',(#5710),#712,.F.);
#5710 = FACE_BOUND('',#5711,.F.);
#5711 = EDGE_LOOP('',(#5712,#5735,#5762,#5763,#5764,#5765,#5766,#5767,
    #5768,#5769,#5796,#5833,#5858,#5859));
#5712 = ORIENTED_EDGE('',*,*,#5713,.T.);
#5713 = EDGE_CURVE('',#696,#5714,#5716,.T.);
#5714 = VERTEX_POINT('',#5715);
#5715 = CARTESIAN_POINT('',(17.5,1.909188309204,4.611879502662));
#5716 = SEAM_CURVE('',#5717,(#5721,#5728),.PCURVE_S1.);
#5717 = LINE('',#5718,#5719);
#5718 = CARTESIAN_POINT('',(17.5,26.923654403271,29.626345596729));
#5719 = VECTOR('',#5720,1.);
#5720 = DIRECTION('',(0.,-0.707106781187,-0.707106781187));
#5721 = PCURVE('',#712,#5722);
#5722 = DEFINITIONAL_REPRESENTATION('',(#5723),#5727);
#5723 = LINE('',#5724,#5725);
#5724 = CARTESIAN_POINT('',(6.28318530718,-0.));
#5725 = VECTOR('',#5726,1.);
#5726 = DIRECTION('',(0.,1.));
#5727 = ( GEOMETRIC_REPRESENTATION_CONTEXT(2) 
PARAMETRIC_REPRESENTATION_CONTEXT() REPRESENTATION_CONTEXT('2D SPACE',''
  ) );
#5728 = PCURVE('',#712,#5729);
#5729 = DEFINITIONAL_REPRESENTATION('',(#5730),#5734);
#5730 = LINE('',#5731,#5732);
#5731 = CARTESIAN_POINT('',(0.,-0.));
#5732 = VECTOR('',#5733,1.);
#5733 = DIRECTION('',(0.,1.));
#5734 = ( GEOMETRIC_REPRESENTATION_CONTEXT(2) 
PARAMETRIC_REPRESENTATION_CONTEXT() REPRESENTATION_CONTEXT('2D SPACE',''
  ) );
#5735 = ORIENTED_EDGE('',*,*,#5736,.F.);
#5736 = EDGE_CURVE('',#5714,#5714,#5737,.T.);
#5737 = SURFACE_CURVE('',#5738,(#5743,#5750),.PCURVE_S1.);
#5738 = CIRCLE('',#5739,2.3);
#5739 = AXIS2_PLACEMENT_3D('',#5740,#5741,#5742);
#5740 = CARTESIAN_POINT('',(17.5,3.535533905933,2.985533905933));
#5741 = DIRECTION('',(-0.,-0.707106781187,-0.707106781187));
#5742 = DIRECTION('',(0.,-0.707106781187,0.707106781187));
#5743 = PCURVE('',#712,#5744);
#5744 = DEFINITIONAL_REPRESENTATION('',(#5745),#5749);
#5745 = LINE('',#5746,#5747);
#5746 = CARTESIAN_POINT('',(0.,35.375797205752));
#5747 = VECTOR('',#5748,1.);
#5748 = DIRECTION('',(1.,0.));
#5749 = ( GEOMETRIC_REPRESENTATION_CONTEXT(2) 
PARAMETRIC_REPRESENTATION_CONTEXT() REPRESENTATION_CONTEXT('2D SPACE',''
  ) );
#5750 = PCURVE('',#5751,#5756);
#5751 = PLANE('',#5752);
#5752 = AXIS2_PLACEMENT_3D('',#5753,#5754,#5755);
#5753 = CARTESIAN_POINT('',(17.5,3.535533905933,2.985533905933));
#5754 = DIRECTION('',(-0.,-0.707106781187,-0.707106781187));
#5755 = DIRECTION('',(0.,-0.707106781187,0.707106781187));
#5756 = DEFINITIONAL_REPRESENTATION('',(#5757),#5761);
#5757 = CIRCLE('',#5758,2.3);
#5758 = AXIS2_PLACEMENT_2D('',#5759,#5760);
#5759 = CARTESIAN_POINT('',(0.,0.));
#5760 = DIRECTION('',(1.,0.));
#5761 = ( GEOMETRIC_REPRESENTATION_CONTEXT(2) 
PARAMETRIC_REPRESENTATION_CONTEXT() REPRESENTATION_CONTEXT('2D SPACE',''
  ) );
#5762 = ORIENTED_EDGE('',*,*,#5713,.F.);
#5763 = ORIENTED_EDGE('',*,*,#695,.T.);
#5764 = ORIENTED_EDGE('',*,*,#1580,.T.);
#5765 = ORIENTED_EDGE('',*,*,#1611,.T.);
#5766 = ORIENTED_EDGE('',*,*,#1495,.T.);
#5767 = ORIENTED_EDGE('',*,*,#1719,.T.);
#5768 = ORIENTED_EDGE('',*,*,#2234,.T.);
#5769 = ORIENTED_EDGE('',*,*,#5770,.T.);
#5770 = EDGE_CURVE('',#2207,#5771,#5773,.T.);
#5771 = VERTEX_POINT('',#5772);
#5772 = CARTESIAN_POINT('',(17.968655393291,14.734450383454,11.));
#5773 = SURFACE_CURVE('',#5774,(#5779,#5789),.PCURVE_S1.);
#5774 = ELLIPSE('',#5775,188.26224463898,2.3);
#5775 = AXIS2_PLACEMENT_3D('',#5776,#5777,#5778);
#5776 = CARTESIAN_POINT('',(17.5,143.4611459228,142.9111459228));
#5777 = DIRECTION('',(0.,0.715692733704,-0.698415285431));
#5778 = DIRECTION('',(0.,-0.698415285431,-0.715692733704));
#5779 = PCURVE('',#712,#5780);
#5780 = DEFINITIONAL_REPRESENTATION('',(#5781),#5788);
#5781 = B_SPLINE_CURVE_WITH_KNOTS('',5,(#5782,#5783,#5784,#5785,#5786,
    #5787),.UNSPECIFIED.,.F.,.F.,(6,6),(6.072700644634,6.078472122813),
  .PIECEWISE_BEZIER_KNOTS.);
#5782 = CARTESIAN_POINT('',(3.352077316135,21.584612044973));
#5783 = CARTESIAN_POINT('',(3.3509230205,21.630012140234));
#5784 = CARTESIAN_POINT('',(3.349768724864,21.675105628114));
#5785 = CARTESIAN_POINT('',(3.348614429228,21.719892382589));
#5786 = CARTESIAN_POINT('',(3.347460133592,21.76437227934));
#5787 = CARTESIAN_POINT('',(3.346305837957,21.808545195749));
#5788 = ( GEOMETRIC_REPRESENTATION_CONTEXT(2) 
PARAMETRIC_REPRESENTATION_CONTEXT() REPRESENTATION_CONTEXT('2D SPACE',''
  ) );
#5789 = PCURVE('',#2222,#5790);
#5790 = DEFINITIONAL_REPRESENTATION('',(#5791),#5795);
#5791 = ELLIPSE('',#5792,188.26224463898,2.3);
#5792 = AXIS2_PLACEMENT_2D('',#5793,#5794);
#5793 = CARTESIAN_POINT('',(-184.1259155523,-17.5));
#5794 = DIRECTION('',(1.,0.));
#5795 = ( GEOMETRIC_REPRESENTATION_CONTEXT(2) 
PARAMETRIC_REPRESENTATION_CONTEXT() REPRESENTATION_CONTEXT('2D SPACE',''
  ) );
#5796 = ORIENTED_EDGE('',*,*,#5797,.T.);
#5797 = EDGE_CURVE('',#5771,#5798,#5800,.T.);
#5798 = VERTEX_POINT('',#5799);
#5799 = CARTESIAN_POINT('',(19.793196459094,11.8,11.));
#5800 = SURFACE_CURVE('',#5801,(#5806,#5826),.PCURVE_S1.);
#5801 = ELLIPSE('',#5802,3.252691193458,2.3);
#5802 = AXIS2_PLACEMENT_3D('',#5803,#5804,#5805);
#5803 = CARTESIAN_POINT('',(17.5,11.55,11.));
#5804 = DIRECTION('',(0.,0.,-1.));
#5805 = DIRECTION('',(0.,-1.,-0.));
#5806 = PCURVE('',#712,#5807);
#5807 = DEFINITIONAL_REPRESENTATION('',(#5808),#5825);
#5808 = B_SPLINE_CURVE_WITH_KNOTS('',8,(#5809,#5810,#5811,#5812,#5813,
    #5814,#5815,#5816,#5817,#5818,#5819,#5820,#5821,#5822,#5823,#5824),
  .UNSPECIFIED.,.F.,.F.,(9,7,9),(1.557439285616,3.14159265359,
    4.725746021564),.UNSPECIFIED.);
#5809 = CARTESIAN_POINT('',(1.557439285616,24.072350841566));
#5810 = CARTESIAN_POINT('',(1.755458456612,23.616947375684));
#5811 = CARTESIAN_POINT('',(1.953477627606,23.160167117796));
#5812 = CARTESIAN_POINT('',(2.151496798614,22.729221947957));
#5813 = CARTESIAN_POINT('',(2.349515969587,22.351433134289));
#5814 = CARTESIAN_POINT('',(2.547535140608,22.050841352117));
#5815 = CARTESIAN_POINT('',(2.745554311593,21.844701136004));
#5816 = CARTESIAN_POINT('',(2.943573482593,21.741630560343));
#5817 = CARTESIAN_POINT('',(3.339611824587,21.741630560343));
#5818 = CARTESIAN_POINT('',(3.537630995591,21.84470113604));
#5819 = CARTESIAN_POINT('',(3.735650166538,22.050841352));
#5820 = CARTESIAN_POINT('',(3.933669337628,22.351433134449));
#5821 = CARTESIAN_POINT('',(4.131688508536,22.72922194784));
#5822 = CARTESIAN_POINT('',(4.329707679577,23.160167117818));
#5823 = CARTESIAN_POINT('',(4.527726850567,23.616947375684));
#5824 = CARTESIAN_POINT('',(4.725746021564,24.072350841566));
#5825 = ( GEOMETRIC_REPRESENTATION_CONTEXT(2) 
PARAMETRIC_REPRESENTATION_CONTEXT() REPRESENTATION_CONTEXT('2D SPACE',''
  ) );
#5826 = PCURVE('',#5528,#5827);
#5827 = DEFINITIONAL_REPRESENTATION('',(#5828),#5832);
#5828 = ELLIPSE('',#5829,3.252691193458,2.3);
#5829 = AXIS2_PLACEMENT_2D('',#5830,#5831);
#5830 = CARTESIAN_POINT('',(3.45,-17.5));
#5831 = DIRECTION('',(1.,0.));
#5832 = ( GEOMETRIC_REPRESENTATION_CONTEXT(2) 
PARAMETRIC_REPRESENTATION_CONTEXT() REPRESENTATION_CONTEXT('2D SPACE',''
  ) );
#5833 = ORIENTED_EDGE('',*,*,#5834,.T.);
#5834 = EDGE_CURVE('',#5798,#5661,#5835,.T.);
#5835 = SURFACE_CURVE('',#5836,(#5841,#5851),.PCURVE_S1.);
#5836 = ELLIPSE('',#5837,5.663093236033,2.3);
#5837 = AXIS2_PLACEMENT_3D('',#5838,#5839,#5840);
#5838 = CARTESIAN_POINT('',(17.5,11.39375,10.84375));
#5839 = DIRECTION('',(0.,0.358979079309,-0.933345606203));
#5840 = DIRECTION('',(0.,-0.933345606203,-0.358979079309));
#5841 = PCURVE('',#712,#5842);
#5842 = DEFINITIONAL_REPRESENTATION('',(#5843),#5850);
#5843 = B_SPLINE_CURVE_WITH_KNOTS('',5,(#5844,#5845,#5846,#5847,#5848,
    #5849),.UNSPECIFIED.,.F.,.F.,(6,6),(4.610759672838,4.907306656345),
  .PIECEWISE_BEZIER_KNOTS.);
#5844 = CARTESIAN_POINT('',(4.610759672838,23.737574644432));
#5845 = CARTESIAN_POINT('',(4.67006906954,24.042917090422));
#5846 = CARTESIAN_POINT('',(4.729378466241,24.350568085366));
#5847 = CARTESIAN_POINT('',(4.788687862943,24.658289959881));
#5848 = CARTESIAN_POINT('',(4.847997259644,24.96381123431));
#5849 = CARTESIAN_POINT('',(4.907306656345,25.264925291795));
#5850 = ( GEOMETRIC_REPRESENTATION_CONTEXT(2) 
PARAMETRIC_REPRESENTATION_CONTEXT() REPRESENTATION_CONTEXT('2D SPACE',''
  ) );
#5851 = PCURVE('',#5486,#5852);
#5852 = DEFINITIONAL_REPRESENTATION('',(#5853),#5857);
#5853 = ELLIPSE('',#5854,5.663093236033,2.3);
#5854 = AXIS2_PLACEMENT_2D('',#5855,#5856);
#5855 = CARTESIAN_POINT('',(0.435262133662,-17.5));
#5856 = DIRECTION('',(1.,0.));
#5857 = ( GEOMETRIC_REPRESENTATION_CONTEXT(2) 
PARAMETRIC_REPRESENTATION_CONTEXT() REPRESENTATION_CONTEXT('2D SPACE',''
  ) );
#5858 = ORIENTED_EDGE('',*,*,#5660,.T.);
#5859 = ORIENTED_EDGE('',*,*,#729,.T.);
#5860 = ADVANCED_FACE('',(#5861),#1657,.F.);
#5861 = FACE_BOUND('',#5862,.F.);
#5862 = EDGE_LOOP('',(#5863));
#5863 = ORIENTED_EDGE('',*,*,#1640,.T.);
#5864 = ADVANCED_FACE('',(#5865),#2222,.F.);
#5865 = FACE_BOUND('',#5866,.F.);
#5866 = EDGE_LOOP('',(#5867,#5868,#5869,#5870));
#5867 = ORIENTED_EDGE('',*,*,#5770,.F.);
#5868 = ORIENTED_EDGE('',*,*,#2206,.T.);
#5869 = ORIENTED_EDGE('',*,*,#5540,.F.);
#5870 = ORIENTED_EDGE('',*,*,#5871,.F.);
#5871 = EDGE_CURVE('',#5771,#5499,#5872,.T.);
#5872 = SURFACE_CURVE('',#5873,(#5877,#5883),.PCURVE_S1.);
#5873 = LINE('',#5874,#5875);
#5874 = CARTESIAN_POINT('',(0.,14.734450383454,11.));
#5875 = VECTOR('',#5876,1.);
#5876 = DIRECTION('',(1.,0.,0.));
#5877 = PCURVE('',#2222,#5878);
#5878 = DEFINITIONAL_REPRESENTATION('',(#5879),#5882);
#5879 = B_SPLINE_CURVE_WITH_KNOTS('',1,(#5880,#5881),.UNSPECIFIED.,.F.,
  .F.,(2,2),(0.,240.),.PIECEWISE_BEZIER_KNOTS.);
#5880 = CARTESIAN_POINT('',(0.186624886858,0.));
#5881 = CARTESIAN_POINT('',(0.186624886858,-240.));
#5882 = ( GEOMETRIC_REPRESENTATION_CONTEXT(2) 
PARAMETRIC_REPRESENTATION_CONTEXT() REPRESENTATION_CONTEXT('2D SPACE',''
  ) );
#5883 = PCURVE('',#5528,#5884);
#5884 = DEFINITIONAL_REPRESENTATION('',(#5885),#5888);
#5885 = B_SPLINE_CURVE_WITH_KNOTS('',1,(#5886,#5887),.UNSPECIFIED.,.F.,
  .F.,(2,2),(0.,240.),.PIECEWISE_BEZIER_KNOTS.);
#5886 = CARTESIAN_POINT('',(0.265549616546,0.));
#5887 = CARTESIAN_POINT('',(0.265549616546,-240.));
#5888 = ( GEOMETRIC_REPRESENTATION_CONTEXT(2) 
PARAMETRIC_REPRESENTATION_CONTEXT() REPRESENTATION_CONTEXT('2D SPACE',''
  ) );
#5889 = ADVANCED_FACE('',(#5890),#2164,.F.);
#5890 = FACE_BOUND('',#5891,.F.);
#5891 = EDGE_LOOP('',(#5892,#5893,#5894,#5895));
#5892 = ORIENTED_EDGE('',*,*,#5566,.F.);
#5893 = ORIENTED_EDGE('',*,*,#2148,.T.);
#5894 = ORIENTED_EDGE('',*,*,#5214,.F.);
#5895 = ORIENTED_EDGE('',*,*,#5896,.F.);
#5896 = EDGE_CURVE('',#5567,#5173,#5897,.T.);
#5897 = SURFACE_CURVE('',#5898,(#5902,#5908),.PCURVE_S1.);
#5898 = LINE('',#5899,#5900);
#5899 = CARTESIAN_POINT('',(0.,14.734450383454,11.));
#5900 = VECTOR('',#5901,1.);
#5901 = DIRECTION('',(1.,0.,0.));
#5902 = PCURVE('',#2164,#5903);
#5903 = DEFINITIONAL_REPRESENTATION('',(#5904),#5907);
#5904 = B_SPLINE_CURVE_WITH_KNOTS('',1,(#5905,#5906),.UNSPECIFIED.,.F.,
  .F.,(2,2),(0.,240.),.PIECEWISE_BEZIER_KNOTS.);
#5905 = CARTESIAN_POINT('',(0.186624886858,0.));
#5906 = CARTESIAN_POINT('',(0.186624886858,-240.));
#5907 = ( GEOMETRIC_REPRESENTATION_CONTEXT(2) 
PARAMETRIC_REPRESENTATION_CONTEXT() REPRESENTATION_CONTEXT('2D SPACE',''
  ) );
#5908 = PCURVE('',#5202,#5909);
#5909 = DEFINITIONAL_REPRESENTATION('',(#5910),#5913);
#5910 = B_SPLINE_CURVE_WITH_KNOTS('',1,(#5911,#5912),.UNSPECIFIED.,.F.,
  .F.,(2,2),(0.,240.),.PIECEWISE_BEZIER_KNOTS.);
#5911 = CARTESIAN_POINT('',(0.265549616546,0.));
#5912 = CARTESIAN_POINT('',(0.265549616546,-240.));
#5913 = ( GEOMETRIC_REPRESENTATION_CONTEXT(2) 
PARAMETRIC_REPRESENTATION_CONTEXT() REPRESENTATION_CONTEXT('2D SPACE',''
  ) );
#5914 = ADVANCED_FACE('',(#5915),#2106,.F.);
#5915 = FACE_BOUND('',#5916,.F.);
#5916 = EDGE_LOOP('',(#5917,#5918,#5919,#5920));
#5917 = ORIENTED_EDGE('',*,*,#5240,.F.);
#5918 = ORIENTED_EDGE('',*,*,#2090,.T.);
#5919 = ORIENTED_EDGE('',*,*,#4888,.F.);
#5920 = ORIENTED_EDGE('',*,*,#5921,.F.);
#5921 = EDGE_CURVE('',#5241,#4847,#5922,.T.);
#5922 = SURFACE_CURVE('',#5923,(#5927,#5933),.PCURVE_S1.);
#5923 = LINE('',#5924,#5925);
#5924 = CARTESIAN_POINT('',(0.,14.734450383454,11.));
#5925 = VECTOR('',#5926,1.);
#5926 = DIRECTION('',(1.,0.,0.));
#5927 = PCURVE('',#2106,#5928);
#5928 = DEFINITIONAL_REPRESENTATION('',(#5929),#5932);
#5929 = B_SPLINE_CURVE_WITH_KNOTS('',1,(#5930,#5931),.UNSPECIFIED.,.F.,
  .F.,(2,2),(0.,240.),.PIECEWISE_BEZIER_KNOTS.);
#5930 = CARTESIAN_POINT('',(0.186624886858,0.));
#5931 = CARTESIAN_POINT('',(0.186624886858,-240.));
#5932 = ( GEOMETRIC_REPRESENTATION_CONTEXT(2) 
PARAMETRIC_REPRESENTATION_CONTEXT() REPRESENTATION_CONTEXT('2D SPACE',''
  ) );
#5933 = PCURVE('',#4876,#5934);
#5934 = DEFINITIONAL_REPRESENTATION('',(#5935),#5938);
#5935 = B_SPLINE_CURVE_WITH_KNOTS('',1,(#5936,#5937),.UNSPECIFIED.,.F.,
  .F.,(2,2),(0.,240.),.PIECEWISE_BEZIER_KNOTS.);
#5936 = CARTESIAN_POINT('',(0.265549616546,0.));
#5937 = CARTESIAN_POINT('',(0.265549616546,-240.));
#5938 = ( GEOMETRIC_REPRESENTATION_CONTEXT(2) 
PARAMETRIC_REPRESENTATION_CONTEXT() REPRESENTATION_CONTEXT('2D SPACE',''
  ) );
#5939 = ADVANCED_FACE('',(#5940),#2048,.F.);
#5940 = FACE_BOUND('',#5941,.F.);
#5941 = EDGE_LOOP('',(#5942,#5943,#5944,#5945));
#5942 = ORIENTED_EDGE('',*,*,#4914,.F.);
#5943 = ORIENTED_EDGE('',*,*,#2032,.T.);
#5944 = ORIENTED_EDGE('',*,*,#4562,.F.);
#5945 = ORIENTED_EDGE('',*,*,#5946,.F.);
#5946 = EDGE_CURVE('',#4915,#4521,#5947,.T.);
#5947 = SURFACE_CURVE('',#5948,(#5952,#5958),.PCURVE_S1.);
#5948 = LINE('',#5949,#5950);
#5949 = CARTESIAN_POINT('',(0.,14.734450383454,11.));
#5950 = VECTOR('',#5951,1.);
#5951 = DIRECTION('',(1.,0.,0.));
#5952 = PCURVE('',#2048,#5953);
#5953 = DEFINITIONAL_REPRESENTATION('',(#5954),#5957);
#5954 = B_SPLINE_CURVE_WITH_KNOTS('',1,(#5955,#5956),.UNSPECIFIED.,.F.,
  .F.,(2,2),(0.,240.),.PIECEWISE_BEZIER_KNOTS.);
#5955 = CARTESIAN_POINT('',(0.186624886858,0.));
#5956 = CARTESIAN_POINT('',(0.186624886858,-240.));
#5957 = ( GEOMETRIC_REPRESENTATION_CONTEXT(2) 
PARAMETRIC_REPRESENTATION_CONTEXT() REPRESENTATION_CONTEXT('2D SPACE',''
  ) );
#5958 = PCURVE('',#4550,#5959);
#5959 = DEFINITIONAL_REPRESENTATION('',(#5960),#5963);
#5960 = B_SPLINE_CURVE_WITH_KNOTS('',1,(#5961,#5962),.UNSPECIFIED.,.F.,
  .F.,(2,2),(0.,240.),.PIECEWISE_BEZIER_KNOTS.);
#5961 = CARTESIAN_POINT('',(0.265549616546,0.));
#5962 = CARTESIAN_POINT('',(0.265549616546,-240.));
#5963 = ( GEOMETRIC_REPRESENTATION_CONTEXT(2) 
PARAMETRIC_REPRESENTATION_CONTEXT() REPRESENTATION_CONTEXT('2D SPACE',''
  ) );
#5964 = ADVANCED_FACE('',(#5965),#1990,.F.);
#5965 = FACE_BOUND('',#5966,.F.);
#5966 = EDGE_LOOP('',(#5967,#5968,#5969,#5970));
#5967 = ORIENTED_EDGE('',*,*,#4588,.F.);
#5968 = ORIENTED_EDGE('',*,*,#1974,.T.);
#5969 = ORIENTED_EDGE('',*,*,#4236,.F.);
#5970 = ORIENTED_EDGE('',*,*,#5971,.F.);
#5971 = EDGE_CURVE('',#4589,#4195,#5972,.T.);
#5972 = SURFACE_CURVE('',#5973,(#5977,#5983),.PCURVE_S1.);
#5973 = LINE('',#5974,#5975);
#5974 = CARTESIAN_POINT('',(0.,14.734450383454,11.));
#5975 = VECTOR('',#5976,1.);
#5976 = DIRECTION('',(1.,0.,0.));
#5977 = PCURVE('',#1990,#5978);
#5978 = DEFINITIONAL_REPRESENTATION('',(#5979),#5982);
#5979 = B_SPLINE_CURVE_WITH_KNOTS('',1,(#5980,#5981),.UNSPECIFIED.,.F.,
  .F.,(2,2),(0.,240.),.PIECEWISE_BEZIER_KNOTS.);
#5980 = CARTESIAN_POINT('',(0.186624886858,0.));
#5981 = CARTESIAN_POINT('',(0.186624886858,-240.));
#5982 = ( GEOMETRIC_REPRESENTATION_CONTEXT(2) 
PARAMETRIC_REPRESENTATION_CONTEXT() REPRESENTATION_CONTEXT('2D SPACE',''
  ) );
#5983 = PCURVE('',#4224,#5984);
#5984 = DEFINITIONAL_REPRESENTATION('',(#5985),#5988);
#5985 = B_SPLINE_CURVE_WITH_KNOTS('',1,(#5986,#5987),.UNSPECIFIED.,.F.,
  .F.,(2,2),(0.,240.),.PIECEWISE_BEZIER_KNOTS.);
#5986 = CARTESIAN_POINT('',(0.265549616546,0.));
#5987 = CARTESIAN_POINT('',(0.265549616546,-240.));
#5988 = ( GEOMETRIC_REPRESENTATION_CONTEXT(2) 
PARAMETRIC_REPRESENTATION_CONTEXT() REPRESENTATION_CONTEXT('2D SPACE',''
  ) );
#5989 = ADVANCED_FACE('',(#5990),#1932,.F.);
#5990 = FACE_BOUND('',#5991,.F.);
#5991 = EDGE_LOOP('',(#5992,#5993,#5994,#5995));
#5992 = ORIENTED_EDGE('',*,*,#4262,.F.);
#5993 = ORIENTED_EDGE('',*,*,#1916,.T.);
#5994 = ORIENTED_EDGE('',*,*,#3910,.F.);
#5995 = ORIENTED_EDGE('',*,*,#5996,.F.);
#5996 = EDGE_CURVE('',#4263,#3869,#5997,.T.);
#5997 = SURFACE_CURVE('',#5998,(#6002,#6008),.PCURVE_S1.);
#5998 = LINE('',#5999,#6000);
#5999 = CARTESIAN_POINT('',(0.,14.734450383454,11.));
#6000 = VECTOR('',#6001,1.);
#6001 = DIRECTION('',(1.,0.,0.));
#6002 = PCURVE('',#1932,#6003);
#6003 = DEFINITIONAL_REPRESENTATION('',(#6004),#6007);
#6004 = B_SPLINE_CURVE_WITH_KNOTS('',1,(#6005,#6006),.UNSPECIFIED.,.F.,
  .F.,(2,2),(0.,240.),.PIECEWISE_BEZIER_KNOTS.);
#6005 = CARTESIAN_POINT('',(0.186624886858,0.));
#6006 = CARTESIAN_POINT('',(0.186624886858,-240.));
#6007 = ( GEOMETRIC_REPRESENTATION_CONTEXT(2) 
PARAMETRIC_REPRESENTATION_CONTEXT() REPRESENTATION_CONTEXT('2D SPACE',''
  ) );
#6008 = PCURVE('',#3898,#6009);
#6009 = DEFINITIONAL_REPRESENTATION('',(#6010),#6013);
#6010 = B_SPLINE_CURVE_WITH_KNOTS('',1,(#6011,#6012),.UNSPECIFIED.,.F.,
  .F.,(2,2),(0.,240.),.PIECEWISE_BEZIER_KNOTS.);
#6011 = CARTESIAN_POINT('',(0.265549616546,0.));
#6012 = CARTESIAN_POINT('',(0.265549616546,-240.));
#6013 = ( GEOMETRIC_REPRESENTATION_CONTEXT(2) 
PARAMETRIC_REPRESENTATION_CONTEXT() REPRESENTATION_CONTEXT('2D SPACE',''
  ) );
#6014 = ADVANCED_FACE('',(#6015),#1874,.F.);
#6015 = FACE_BOUND('',#6016,.F.);
#6016 = EDGE_LOOP('',(#6017,#6018,#6019,#6020));
#6017 = ORIENTED_EDGE('',*,*,#3936,.F.);
#6018 = ORIENTED_EDGE('',*,*,#1858,.T.);
#6019 = ORIENTED_EDGE('',*,*,#3584,.F.);
#6020 = ORIENTED_EDGE('',*,*,#6021,.F.);
#6021 = EDGE_CURVE('',#3937,#3543,#6022,.T.);
#6022 = SURFACE_CURVE('',#6023,(#6027,#6033),.PCURVE_S1.);
#6023 = LINE('',#6024,#6025);
#6024 = CARTESIAN_POINT('',(0.,14.734450383454,11.));
#6025 = VECTOR('',#6026,1.);
#6026 = DIRECTION('',(1.,0.,0.));
#6027 = PCURVE('',#1874,#6028);
#6028 = DEFINITIONAL_REPRESENTATION('',(#6029),#6032);
#6029 = B_SPLINE_CURVE_WITH_KNOTS('',1,(#6030,#6031),.UNSPECIFIED.,.F.,
  .F.,(2,2),(0.,240.),.PIECEWISE_BEZIER_KNOTS.);
#6030 = CARTESIAN_POINT('',(0.186624886858,0.));
#6031 = CARTESIAN_POINT('',(0.186624886858,-240.));
#6032 = ( GEOMETRIC_REPRESENTATION_CONTEXT(2) 
PARAMETRIC_REPRESENTATION_CONTEXT() REPRESENTATION_CONTEXT('2D SPACE',''
  ) );
#6033 = PCURVE('',#3572,#6034);
#6034 = DEFINITIONAL_REPRESENTATION('',(#6035),#6038);
#6035 = B_SPLINE_CURVE_WITH_KNOTS('',1,(#6036,#6037),.UNSPECIFIED.,.F.,
  .F.,(2,2),(0.,240.),.PIECEWISE_BEZIER_KNOTS.);
#6036 = CARTESIAN_POINT('',(0.265549616546,0.));
#6037 = CARTESIAN_POINT('',(0.265549616546,-240.));
#6038 = ( GEOMETRIC_REPRESENTATION_CONTEXT(2) 
PARAMETRIC_REPRESENTATION_CONTEXT() REPRESENTATION_CONTEXT('2D SPACE',''
  ) );
#6039 = ADVANCED_FACE('',(#6040),#1816,.F.);
#6040 = FACE_BOUND('',#6041,.F.);
#6041 = EDGE_LOOP('',(#6042,#6043,#6044,#6065));
#6042 = ORIENTED_EDGE('',*,*,#3610,.F.);
#6043 = ORIENTED_EDGE('',*,*,#1800,.T.);
#6044 = ORIENTED_EDGE('',*,*,#6045,.T.);
#6045 = EDGE_CURVE('',#1773,#2969,#6046,.T.);
#6046 = SURFACE_CURVE('',#6047,(#6051,#6058),.PCURVE_S1.);
#6047 = LINE('',#6048,#6049);
#6048 = CARTESIAN_POINT('',(240.,14.864792057077,11.133566075453));
#6049 = VECTOR('',#6050,1.);
#6050 = DIRECTION('',(0.,-0.698415285431,-0.715692733704));
#6051 = PCURVE('',#1816,#6052);
#6052 = DEFINITIONAL_REPRESENTATION('',(#6053),#6057);
#6053 = LINE('',#6054,#6055);
#6054 = CARTESIAN_POINT('',(0.,-240.));
#6055 = VECTOR('',#6056,1.);
#6056 = DIRECTION('',(1.,0.));
#6057 = ( GEOMETRIC_REPRESENTATION_CONTEXT(2) 
PARAMETRIC_REPRESENTATION_CONTEXT() REPRESENTATION_CONTEXT('2D SPACE',''
  ) );
#6058 = PCURVE('',#1788,#6059);
#6059 = DEFINITIONAL_REPRESENTATION('',(#6060),#6064);
#6060 = LINE('',#6061,#6062);
#6061 = CARTESIAN_POINT('',(6.421372120932,3.958268726422));
#6062 = VECTOR('',#6063,1.);
#6063 = DIRECTION('',(-0.707106781187,0.707106781187));
#6064 = ( GEOMETRIC_REPRESENTATION_CONTEXT(2) 
PARAMETRIC_REPRESENTATION_CONTEXT() REPRESENTATION_CONTEXT('2D SPACE',''
  ) );
#6065 = ORIENTED_EDGE('',*,*,#6066,.F.);
#6066 = EDGE_CURVE('',#3611,#2969,#6067,.T.);
#6067 = SURFACE_CURVE('',#6068,(#6072,#6078),.PCURVE_S1.);
#6068 = LINE('',#6069,#6070);
#6069 = CARTESIAN_POINT('',(0.,14.734450383454,11.));
#6070 = VECTOR('',#6071,1.);
#6071 = DIRECTION('',(1.,0.,0.));
#6072 = PCURVE('',#1816,#6073);
#6073 = DEFINITIONAL_REPRESENTATION('',(#6074),#6077);
#6074 = B_SPLINE_CURVE_WITH_KNOTS('',1,(#6075,#6076),.UNSPECIFIED.,.F.,
  .F.,(2,2),(0.,240.),.PIECEWISE_BEZIER_KNOTS.);
#6075 = CARTESIAN_POINT('',(0.186624886858,0.));
#6076 = CARTESIAN_POINT('',(0.186624886858,-240.));
#6077 = ( GEOMETRIC_REPRESENTATION_CONTEXT(2) 
PARAMETRIC_REPRESENTATION_CONTEXT() REPRESENTATION_CONTEXT('2D SPACE',''
  ) );
#6078 = PCURVE('',#3012,#6079);
#6079 = DEFINITIONAL_REPRESENTATION('',(#6080),#6083);
#6080 = B_SPLINE_CURVE_WITH_KNOTS('',1,(#6081,#6082),.UNSPECIFIED.,.F.,
  .F.,(2,2),(0.,240.),.PIECEWISE_BEZIER_KNOTS.);
#6081 = CARTESIAN_POINT('',(0.265549616546,0.));
#6082 = CARTESIAN_POINT('',(0.265549616546,-240.));
#6083 = ( GEOMETRIC_REPRESENTATION_CONTEXT(2) 
PARAMETRIC_REPRESENTATION_CONTEXT() REPRESENTATION_CONTEXT('2D SPACE',''
  ) );
#6084 = ADVANCED_FACE('',(#6085),#1788,.T.);
#6085 = FACE_BOUND('',#6086,.T.);
#6086 = EDGE_LOOP('',(#6087,#6110,#6111,#6112,#6113,#6114,#6115,#6116,
    #6117,#6118));
#6087 = ORIENTED_EDGE('',*,*,#6088,.F.);
#6088 = EDGE_CURVE('',#566,#6089,#6091,.T.);
#6089 = VERTEX_POINT('',#6090);
#6090 = CARTESIAN_POINT('',(240.,15.,11.));
#6091 = SURFACE_CURVE('',#6092,(#6096,#6103),.PCURVE_S1.);
#6092 = LINE('',#6093,#6094);
#6093 = CARTESIAN_POINT('',(240.,4.,0.));
#6094 = VECTOR('',#6095,1.);
#6095 = DIRECTION('',(0.,0.707106781187,0.707106781187));
#6096 = PCURVE('',#1788,#6097);
#6097 = DEFINITIONAL_REPRESENTATION('',(#6098),#6102);
#6098 = LINE('',#6099,#6100);
#6099 = CARTESIAN_POINT('',(-4.578627879068,14.958268726422));
#6100 = VECTOR('',#6101,1.);
#6101 = DIRECTION('',(0.698415285431,-0.715692733704));
#6102 = ( GEOMETRIC_REPRESENTATION_CONTEXT(2) 
PARAMETRIC_REPRESENTATION_CONTEXT() REPRESENTATION_CONTEXT('2D SPACE',''
  ) );
#6103 = PCURVE('',#2984,#6104);
#6104 = DEFINITIONAL_REPRESENTATION('',(#6105),#6109);
#6105 = LINE('',#6106,#6107);
#6106 = CARTESIAN_POINT('',(-7.686657524885,3.686657524885));
#6107 = VECTOR('',#6108,1.);
#6108 = DIRECTION('',(0.707106781187,-0.707106781187));
#6109 = ( GEOMETRIC_REPRESENTATION_CONTEXT(2) 
PARAMETRIC_REPRESENTATION_CONTEXT() REPRESENTATION_CONTEXT('2D SPACE',''
  ) );
#6110 = ORIENTED_EDGE('',*,*,#2688,.T.);
#6111 = ORIENTED_EDGE('',*,*,#2661,.T.);
#6112 = ORIENTED_EDGE('',*,*,#2524,.T.);
#6113 = ORIENTED_EDGE('',*,*,#2451,.F.);
#6114 = ORIENTED_EDGE('',*,*,#2337,.T.);
#6115 = ORIENTED_EDGE('',*,*,#2289,.T.);
#6116 = ORIENTED_EDGE('',*,*,#1772,.T.);
#6117 = ORIENTED_EDGE('',*,*,#6045,.T.);
#6118 = ORIENTED_EDGE('',*,*,#6119,.F.);
#6119 = EDGE_CURVE('',#6089,#2969,#6120,.T.);
#6120 = SURFACE_CURVE('',#6121,(#6125,#6132),.PCURVE_S1.);
#6121 = LINE('',#6122,#6123);
#6122 = CARTESIAN_POINT('',(240.,15.,11.));
#6123 = VECTOR('',#6124,1.);
#6124 = DIRECTION('',(0.,-1.,0.));
#6125 = PCURVE('',#1788,#6126);
#6126 = DEFINITIONAL_REPRESENTATION('',(#6127),#6131);
#6127 = LINE('',#6128,#6129);
#6128 = CARTESIAN_POINT('',(6.28616417801,3.824702650969));
#6129 = VECTOR('',#6130,1.);
#6130 = DIRECTION('',(1.221700083525E-02,0.99992536966));
#6131 = ( GEOMETRIC_REPRESENTATION_CONTEXT(2) 
PARAMETRIC_REPRESENTATION_CONTEXT() REPRESENTATION_CONTEXT('2D SPACE',''
  ) );
#6132 = PCURVE('',#2984,#6133);
#6133 = DEFINITIONAL_REPRESENTATION('',(#6134),#6138);
#6134 = LINE('',#6135,#6136);
#6135 = CARTESIAN_POINT('',(3.313342475115,-7.313342475115));
#6136 = VECTOR('',#6137,1.);
#6137 = DIRECTION('',(0.,1.));
#6138 = ( GEOMETRIC_REPRESENTATION_CONTEXT(2) 
PARAMETRIC_REPRESENTATION_CONTEXT() REPRESENTATION_CONTEXT('2D SPACE',''
  ) );
#6139 = ADVANCED_FACE('',(#6140),#2379,.F.);
#6140 = FACE_BOUND('',#6141,.F.);
#6141 = EDGE_LOOP('',(#6142,#6165,#6192,#6193));
#6142 = ORIENTED_EDGE('',*,*,#6143,.T.);
#6143 = EDGE_CURVE('',#2363,#6144,#6146,.T.);
#6144 = VERTEX_POINT('',#6145);
#6145 = CARTESIAN_POINT('',(229.35,23.55,11.));
#6146 = SEAM_CURVE('',#6147,(#6151,#6158),.PCURVE_S1.);
#6147 = LINE('',#6148,#6149);
#6148 = CARTESIAN_POINT('',(229.35,23.55,3.5));
#6149 = VECTOR('',#6150,1.);
#6150 = DIRECTION('',(0.,0.,1.));
#6151 = PCURVE('',#2379,#6152);
#6152 = DEFINITIONAL_REPRESENTATION('',(#6153),#6157);
#6153 = LINE('',#6154,#6155);
#6154 = CARTESIAN_POINT('',(6.28318530718,-0.));
#6155 = VECTOR('',#6156,1.);
#6156 = DIRECTION('',(0.,1.));
#6157 = ( GEOMETRIC_REPRESENTATION_CONTEXT(2) 
PARAMETRIC_REPRESENTATION_CONTEXT() REPRESENTATION_CONTEXT('2D SPACE',''
  ) );
#6158 = PCURVE('',#2379,#6159);
#6159 = DEFINITIONAL_REPRESENTATION('',(#6160),#6164);
#6160 = LINE('',#6161,#6162);
#6161 = CARTESIAN_POINT('',(0.,-0.));
#6162 = VECTOR('',#6163,1.);
#6163 = DIRECTION('',(0.,1.));
#6164 = ( GEOMETRIC_REPRESENTATION_CONTEXT(2) 
PARAMETRIC_REPRESENTATION_CONTEXT() REPRESENTATION_CONTEXT('2D SPACE',''
  ) );
#6165 = ORIENTED_EDGE('',*,*,#6166,.F.);
#6166 = EDGE_CURVE('',#6144,#6144,#6167,.T.);
#6167 = SURFACE_CURVE('',#6168,(#6173,#6180),.PCURVE_S1.);
#6168 = CIRCLE('',#6169,1.35);
#6169 = AXIS2_PLACEMENT_3D('',#6170,#6171,#6172);
#6170 = CARTESIAN_POINT('',(228.,23.55,11.));
#6171 = DIRECTION('',(0.,0.,1.));
#6172 = DIRECTION('',(1.,0.,-0.));
#6173 = PCURVE('',#2379,#6174);
#6174 = DEFINITIONAL_REPRESENTATION('',(#6175),#6179);
#6175 = LINE('',#6176,#6177);
#6176 = CARTESIAN_POINT('',(0.,7.5));
#6177 = VECTOR('',#6178,1.);
#6178 = DIRECTION('',(1.,0.));
#6179 = ( GEOMETRIC_REPRESENTATION_CONTEXT(2) 
PARAMETRIC_REPRESENTATION_CONTEXT() REPRESENTATION_CONTEXT('2D SPACE',''
  ) );
#6180 = PCURVE('',#6181,#6186);
#6181 = PLANE('',#6182);
#6182 = AXIS2_PLACEMENT_3D('',#6183,#6184,#6185);
#6183 = CARTESIAN_POINT('',(228.,23.55,11.));
#6184 = DIRECTION('',(0.,0.,1.));
#6185 = DIRECTION('',(1.,0.,-0.));
#6186 = DEFINITIONAL_REPRESENTATION('',(#6187),#6191);
#6187 = CIRCLE('',#6188,1.35);
#6188 = AXIS2_PLACEMENT_2D('',#6189,#6190);
#6189 = CARTESIAN_POINT('',(0.,0.));
#6190 = DIRECTION('',(1.,0.));
#6191 = ( GEOMETRIC_REPRESENTATION_CONTEXT(2) 
PARAMETRIC_REPRESENTATION_CONTEXT() REPRESENTATION_CONTEXT('2D SPACE',''
  ) );
#6192 = ORIENTED_EDGE('',*,*,#6143,.F.);
#6193 = ORIENTED_EDGE('',*,*,#2362,.T.);
#6194 = ADVANCED_FACE('',(#6195),#2423,.F.);
#6195 = FACE_BOUND('',#6196,.F.);
#6196 = EDGE_LOOP('',(#6197,#6220,#6247,#6248));
#6197 = ORIENTED_EDGE('',*,*,#6198,.T.);
#6198 = EDGE_CURVE('',#2407,#6199,#6201,.T.);
#6199 = VERTEX_POINT('',#6200);
#6200 = CARTESIAN_POINT('',(13.35,23.55,11.));
#6201 = SEAM_CURVE('',#6202,(#6206,#6213),.PCURVE_S1.);
#6202 = LINE('',#6203,#6204);
#6203 = CARTESIAN_POINT('',(13.35,23.55,3.5));
#6204 = VECTOR('',#6205,1.);
#6205 = DIRECTION('',(0.,0.,1.));
#6206 = PCURVE('',#2423,#6207);
#6207 = DEFINITIONAL_REPRESENTATION('',(#6208),#6212);
#6208 = LINE('',#6209,#6210);
#6209 = CARTESIAN_POINT('',(6.28318530718,-0.));
#6210 = VECTOR('',#6211,1.);
#6211 = DIRECTION('',(0.,1.));
#6212 = ( GEOMETRIC_REPRESENTATION_CONTEXT(2) 
PARAMETRIC_REPRESENTATION_CONTEXT() REPRESENTATION_CONTEXT('2D SPACE',''
  ) );
#6213 = PCURVE('',#2423,#6214);
#6214 = DEFINITIONAL_REPRESENTATION('',(#6215),#6219);
#6215 = LINE('',#6216,#6217);
#6216 = CARTESIAN_POINT('',(0.,-0.));
#6217 = VECTOR('',#6218,1.);
#6218 = DIRECTION('',(0.,1.));
#6219 = ( GEOMETRIC_REPRESENTATION_CONTEXT(2) 
PARAMETRIC_REPRESENTATION_CONTEXT() REPRESENTATION_CONTEXT('2D SPACE',''
  ) );
#6220 = ORIENTED_EDGE('',*,*,#6221,.F.);
#6221 = EDGE_CURVE('',#6199,#6199,#6222,.T.);
#6222 = SURFACE_CURVE('',#6223,(#6228,#6235),.PCURVE_S1.);
#6223 = CIRCLE('',#6224,1.35);
#6224 = AXIS2_PLACEMENT_3D('',#6225,#6226,#6227);
#6225 = CARTESIAN_POINT('',(12.,23.55,11.));
#6226 = DIRECTION('',(0.,0.,1.));
#6227 = DIRECTION('',(1.,0.,-0.));
#6228 = PCURVE('',#2423,#6229);
#6229 = DEFINITIONAL_REPRESENTATION('',(#6230),#6234);
#6230 = LINE('',#6231,#6232);
#6231 = CARTESIAN_POINT('',(0.,7.5));
#6232 = VECTOR('',#6233,1.);
#6233 = DIRECTION('',(1.,0.));
#6234 = ( GEOMETRIC_REPRESENTATION_CONTEXT(2) 
PARAMETRIC_REPRESENTATION_CONTEXT() REPRESENTATION_CONTEXT('2D SPACE',''
  ) );
#6235 = PCURVE('',#6236,#6241);
#6236 = PLANE('',#6237);
#6237 = AXIS2_PLACEMENT_3D('',#6238,#6239,#6240);
#6238 = CARTESIAN_POINT('',(12.,23.55,11.));
#6239 = DIRECTION('',(0.,0.,1.));
#6240 = DIRECTION('',(1.,0.,-0.));
#6241 = DEFINITIONAL_REPRESENTATION('',(#6242),#6246);
#6242 = CIRCLE('',#6243,1.35);
#6243 = AXIS2_PLACEMENT_2D('',#6244,#6245);
#6244 = CARTESIAN_POINT('',(0.,0.));
#6245 = DIRECTION('',(1.,0.));
#6246 = ( GEOMETRIC_REPRESENTATION_CONTEXT(2) 
PARAMETRIC_REPRESENTATION_CONTEXT() REPRESENTATION_CONTEXT('2D SPACE',''
  ) );
#6247 = ORIENTED_EDGE('',*,*,#6198,.F.);
#6248 = ORIENTED_EDGE('',*,*,#2406,.T.);
#6249 = ADVANCED_FACE('',(#6250),#2566,.F.);
#6250 = FACE_BOUND('',#6251,.F.);
#6251 = EDGE_LOOP('',(#6252,#6253,#6276,#6303));
#6252 = ORIENTED_EDGE('',*,*,#2549,.T.);
#6253 = ORIENTED_EDGE('',*,*,#6254,.F.);
#6254 = EDGE_CURVE('',#6255,#2550,#6257,.T.);
#6255 = VERTEX_POINT('',#6256);
#6256 = CARTESIAN_POINT('',(229.35,23.55,3.5));
#6257 = SEAM_CURVE('',#6258,(#6262,#6269),.PCURVE_S1.);
#6258 = LINE('',#6259,#6260);
#6259 = CARTESIAN_POINT('',(229.35,23.55,3.5));
#6260 = VECTOR('',#6261,1.);
#6261 = DIRECTION('',(0.,0.,1.));
#6262 = PCURVE('',#2566,#6263);
#6263 = DEFINITIONAL_REPRESENTATION('',(#6264),#6268);
#6264 = LINE('',#6265,#6266);
#6265 = CARTESIAN_POINT('',(6.28318530718,-0.));
#6266 = VECTOR('',#6267,1.);
#6267 = DIRECTION('',(0.,1.));
#6268 = ( GEOMETRIC_REPRESENTATION_CONTEXT(2) 
PARAMETRIC_REPRESENTATION_CONTEXT() REPRESENTATION_CONTEXT('2D SPACE',''
  ) );
#6269 = PCURVE('',#2566,#6270);
#6270 = DEFINITIONAL_REPRESENTATION('',(#6271),#6275);
#6271 = LINE('',#6272,#6273);
#6272 = CARTESIAN_POINT('',(0.,-0.));
#6273 = VECTOR('',#6274,1.);
#6274 = DIRECTION('',(0.,1.));
#6275 = ( GEOMETRIC_REPRESENTATION_CONTEXT(2) 
PARAMETRIC_REPRESENTATION_CONTEXT() REPRESENTATION_CONTEXT('2D SPACE',''
  ) );
#6276 = ORIENTED_EDGE('',*,*,#6277,.T.);
#6277 = EDGE_CURVE('',#6255,#6255,#6278,.T.);
#6278 = SURFACE_CURVE('',#6279,(#6284,#6291),.PCURVE_S1.);
#6279 = CIRCLE('',#6280,1.35);
#6280 = AXIS2_PLACEMENT_3D('',#6281,#6282,#6283);
#6281 = CARTESIAN_POINT('',(228.,23.55,3.5));
#6282 = DIRECTION('',(0.,0.,1.));
#6283 = DIRECTION('',(1.,0.,-0.));
#6284 = PCURVE('',#2566,#6285);
#6285 = DEFINITIONAL_REPRESENTATION('',(#6286),#6290);
#6286 = LINE('',#6287,#6288);
#6287 = CARTESIAN_POINT('',(0.,0.));
#6288 = VECTOR('',#6289,1.);
#6289 = DIRECTION('',(1.,0.));
#6290 = ( GEOMETRIC_REPRESENTATION_CONTEXT(2) 
PARAMETRIC_REPRESENTATION_CONTEXT() REPRESENTATION_CONTEXT('2D SPACE',''
  ) );
#6291 = PCURVE('',#6292,#6297);
#6292 = PLANE('',#6293);
#6293 = AXIS2_PLACEMENT_3D('',#6294,#6295,#6296);
#6294 = CARTESIAN_POINT('',(228.,23.55,3.5));
#6295 = DIRECTION('',(0.,0.,1.));
#6296 = DIRECTION('',(1.,0.,-0.));
#6297 = DEFINITIONAL_REPRESENTATION('',(#6298),#6302);
#6298 = CIRCLE('',#6299,1.35);
#6299 = AXIS2_PLACEMENT_2D('',#6300,#6301);
#6300 = CARTESIAN_POINT('',(0.,0.));
#6301 = DIRECTION('',(1.,0.));
#6302 = ( GEOMETRIC_REPRESENTATION_CONTEXT(2) 
PARAMETRIC_REPRESENTATION_CONTEXT() REPRESENTATION_CONTEXT('2D SPACE',''
  ) );
#6303 = ORIENTED_EDGE('',*,*,#6254,.T.);
#6304 = ADVANCED_FACE('',(#6305),#2610,.F.);
#6305 = FACE_BOUND('',#6306,.F.);
#6306 = EDGE_LOOP('',(#6307,#6308,#6331,#6358));
#6307 = ORIENTED_EDGE('',*,*,#2593,.T.);
#6308 = ORIENTED_EDGE('',*,*,#6309,.F.);
#6309 = EDGE_CURVE('',#6310,#2594,#6312,.T.);
#6310 = VERTEX_POINT('',#6311);
#6311 = CARTESIAN_POINT('',(13.35,23.55,3.5));
#6312 = SEAM_CURVE('',#6313,(#6317,#6324),.PCURVE_S1.);
#6313 = LINE('',#6314,#6315);
#6314 = CARTESIAN_POINT('',(13.35,23.55,3.5));
#6315 = VECTOR('',#6316,1.);
#6316 = DIRECTION('',(0.,0.,1.));
#6317 = PCURVE('',#2610,#6318);
#6318 = DEFINITIONAL_REPRESENTATION('',(#6319),#6323);
#6319 = LINE('',#6320,#6321);
#6320 = CARTESIAN_POINT('',(6.28318530718,-0.));
#6321 = VECTOR('',#6322,1.);
#6322 = DIRECTION('',(0.,1.));
#6323 = ( GEOMETRIC_REPRESENTATION_CONTEXT(2) 
PARAMETRIC_REPRESENTATION_CONTEXT() REPRESENTATION_CONTEXT('2D SPACE',''
  ) );
#6324 = PCURVE('',#2610,#6325);
#6325 = DEFINITIONAL_REPRESENTATION('',(#6326),#6330);
#6326 = LINE('',#6327,#6328);
#6327 = CARTESIAN_POINT('',(0.,-0.));
#6328 = VECTOR('',#6329,1.);
#6329 = DIRECTION('',(0.,1.));
#6330 = ( GEOMETRIC_REPRESENTATION_CONTEXT(2) 
PARAMETRIC_REPRESENTATION_CONTEXT() REPRESENTATION_CONTEXT('2D SPACE',''
  ) );
#6331 = ORIENTED_EDGE('',*,*,#6332,.T.);
#6332 = EDGE_CURVE('',#6310,#6310,#6333,.T.);
#6333 = SURFACE_CURVE('',#6334,(#6339,#6346),.PCURVE_S1.);
#6334 = CIRCLE('',#6335,1.35);
#6335 = AXIS2_PLACEMENT_3D('',#6336,#6337,#6338);
#6336 = CARTESIAN_POINT('',(12.,23.55,3.5));
#6337 = DIRECTION('',(0.,0.,1.));
#6338 = DIRECTION('',(1.,0.,-0.));
#6339 = PCURVE('',#2610,#6340);
#6340 = DEFINITIONAL_REPRESENTATION('',(#6341),#6345);
#6341 = LINE('',#6342,#6343);
#6342 = CARTESIAN_POINT('',(0.,0.));
#6343 = VECTOR('',#6344,1.);
#6344 = DIRECTION('',(1.,0.));
#6345 = ( GEOMETRIC_REPRESENTATION_CONTEXT(2) 
PARAMETRIC_REPRESENTATION_CONTEXT() REPRESENTATION_CONTEXT('2D SPACE',''
  ) );
#6346 = PCURVE('',#6347,#6352);
#6347 = PLANE('',#6348);
#6348 = AXIS2_PLACEMENT_3D('',#6349,#6350,#6351);
#6349 = CARTESIAN_POINT('',(12.,23.55,3.5));
#6350 = DIRECTION('',(0.,0.,1.));
#6351 = DIRECTION('',(1.,0.,-0.));
#6352 = DEFINITIONAL_REPRESENTATION('',(#6353),#6357);
#6353 = CIRCLE('',#6354,1.35);
#6354 = AXIS2_PLACEMENT_2D('',#6355,#6356);
#6355 = CARTESIAN_POINT('',(0.,0.));
#6356 = DIRECTION('',(1.,0.));
#6357 = ( GEOMETRIC_REPRESENTATION_CONTEXT(2) 
PARAMETRIC_REPRESENTATION_CONTEXT() REPRESENTATION_CONTEXT('2D SPACE',''
  ) );
#6358 = ORIENTED_EDGE('',*,*,#6309,.T.);
#6359 = ADVANCED_FACE('',(#6360),#2730,.F.);
#6360 = FACE_BOUND('',#6361,.F.);
#6361 = EDGE_LOOP('',(#6362,#6385,#6407,#6408));
#6362 = ORIENTED_EDGE('',*,*,#6363,.T.);
#6363 = EDGE_CURVE('',#2714,#6364,#6366,.T.);
#6364 = VERTEX_POINT('',#6365);
#6365 = CARTESIAN_POINT('',(229.6,23.55,3.5));
#6366 = SEAM_CURVE('',#6367,(#6371,#6378),.PCURVE_S1.);
#6367 = LINE('',#6368,#6369);
#6368 = CARTESIAN_POINT('',(229.6,23.55,-2.));
#6369 = VECTOR('',#6370,1.);
#6370 = DIRECTION('',(0.,0.,1.));
#6371 = PCURVE('',#2730,#6372);
#6372 = DEFINITIONAL_REPRESENTATION('',(#6373),#6377);
#6373 = LINE('',#6374,#6375);
#6374 = CARTESIAN_POINT('',(6.28318530718,-0.));
#6375 = VECTOR('',#6376,1.);
#6376 = DIRECTION('',(0.,1.));
#6377 = ( GEOMETRIC_REPRESENTATION_CONTEXT(2) 
PARAMETRIC_REPRESENTATION_CONTEXT() REPRESENTATION_CONTEXT('2D SPACE',''
  ) );
#6378 = PCURVE('',#2730,#6379);
#6379 = DEFINITIONAL_REPRESENTATION('',(#6380),#6384);
#6380 = LINE('',#6381,#6382);
#6381 = CARTESIAN_POINT('',(0.,-0.));
#6382 = VECTOR('',#6383,1.);
#6383 = DIRECTION('',(0.,1.));
#6384 = ( GEOMETRIC_REPRESENTATION_CONTEXT(2) 
PARAMETRIC_REPRESENTATION_CONTEXT() REPRESENTATION_CONTEXT('2D SPACE',''
  ) );
#6385 = ORIENTED_EDGE('',*,*,#6386,.F.);
#6386 = EDGE_CURVE('',#6364,#6364,#6387,.T.);
#6387 = SURFACE_CURVE('',#6388,(#6393,#6400),.PCURVE_S1.);
#6388 = CIRCLE('',#6389,1.6);
#6389 = AXIS2_PLACEMENT_3D('',#6390,#6391,#6392);
#6390 = CARTESIAN_POINT('',(228.,23.55,3.5));
#6391 = DIRECTION('',(0.,0.,1.));
#6392 = DIRECTION('',(1.,0.,-0.));
#6393 = PCURVE('',#2730,#6394);
#6394 = DEFINITIONAL_REPRESENTATION('',(#6395),#6399);
#6395 = LINE('',#6396,#6397);
#6396 = CARTESIAN_POINT('',(0.,5.5));
#6397 = VECTOR('',#6398,1.);
#6398 = DIRECTION('',(1.,0.));
#6399 = ( GEOMETRIC_REPRESENTATION_CONTEXT(2) 
PARAMETRIC_REPRESENTATION_CONTEXT() REPRESENTATION_CONTEXT('2D SPACE',''
  ) );
#6400 = PCURVE('',#6292,#6401);
#6401 = DEFINITIONAL_REPRESENTATION('',(#6402),#6406);
#6402 = CIRCLE('',#6403,1.6);
#6403 = AXIS2_PLACEMENT_2D('',#6404,#6405);
#6404 = CARTESIAN_POINT('',(0.,0.));
#6405 = DIRECTION('',(1.,0.));
#6406 = ( GEOMETRIC_REPRESENTATION_CONTEXT(2) 
PARAMETRIC_REPRESENTATION_CONTEXT() REPRESENTATION_CONTEXT('2D SPACE',''
  ) );
#6407 = ORIENTED_EDGE('',*,*,#6363,.F.);
#6408 = ORIENTED_EDGE('',*,*,#2713,.T.);
#6409 = ADVANCED_FACE('',(#6410),#2774,.F.);
#6410 = FACE_BOUND('',#6411,.F.);
#6411 = EDGE_LOOP('',(#6412,#6435,#6457,#6458));
#6412 = ORIENTED_EDGE('',*,*,#6413,.T.);
#6413 = EDGE_CURVE('',#2758,#6414,#6416,.T.);
#6414 = VERTEX_POINT('',#6415);
#6415 = CARTESIAN_POINT('',(13.6,23.55,3.5));
#6416 = SEAM_CURVE('',#6417,(#6421,#6428),.PCURVE_S1.);
#6417 = LINE('',#6418,#6419);
#6418 = CARTESIAN_POINT('',(13.6,23.55,-2.));
#6419 = VECTOR('',#6420,1.);
#6420 = DIRECTION('',(0.,0.,1.));
#6421 = PCURVE('',#2774,#6422);
#6422 = DEFINITIONAL_REPRESENTATION('',(#6423),#6427);
#6423 = LINE('',#6424,#6425);
#6424 = CARTESIAN_POINT('',(6.28318530718,-0.));
#6425 = VECTOR('',#6426,1.);
#6426 = DIRECTION('',(0.,1.));
#6427 = ( GEOMETRIC_REPRESENTATION_CONTEXT(2) 
PARAMETRIC_REPRESENTATION_CONTEXT() REPRESENTATION_CONTEXT('2D SPACE',''
  ) );
#6428 = PCURVE('',#2774,#6429);
#6429 = DEFINITIONAL_REPRESENTATION('',(#6430),#6434);
#6430 = LINE('',#6431,#6432);
#6431 = CARTESIAN_POINT('',(0.,-0.));
#6432 = VECTOR('',#6433,1.);
#6433 = DIRECTION('',(0.,1.));
#6434 = ( GEOMETRIC_REPRESENTATION_CONTEXT(2) 
PARAMETRIC_REPRESENTATION_CONTEXT() REPRESENTATION_CONTEXT('2D SPACE',''
  ) );
#6435 = ORIENTED_EDGE('',*,*,#6436,.F.);
#6436 = EDGE_CURVE('',#6414,#6414,#6437,.T.);
#6437 = SURFACE_CURVE('',#6438,(#6443,#6450),.PCURVE_S1.);
#6438 = CIRCLE('',#6439,1.6);
#6439 = AXIS2_PLACEMENT_3D('',#6440,#6441,#6442);
#6440 = CARTESIAN_POINT('',(12.,23.55,3.5));
#6441 = DIRECTION('',(0.,0.,1.));
#6442 = DIRECTION('',(1.,0.,-0.));
#6443 = PCURVE('',#2774,#6444);
#6444 = DEFINITIONAL_REPRESENTATION('',(#6445),#6449);
#6445 = LINE('',#6446,#6447);
#6446 = CARTESIAN_POINT('',(0.,5.5));
#6447 = VECTOR('',#6448,1.);
#6448 = DIRECTION('',(1.,0.));
#6449 = ( GEOMETRIC_REPRESENTATION_CONTEXT(2) 
PARAMETRIC_REPRESENTATION_CONTEXT() REPRESENTATION_CONTEXT('2D SPACE',''
  ) );
#6450 = PCURVE('',#6347,#6451);
#6451 = DEFINITIONAL_REPRESENTATION('',(#6452),#6456);
#6452 = CIRCLE('',#6453,1.6);
#6453 = AXIS2_PLACEMENT_2D('',#6454,#6455);
#6454 = CARTESIAN_POINT('',(0.,0.));
#6455 = DIRECTION('',(1.,0.));
#6456 = ( GEOMETRIC_REPRESENTATION_CONTEXT(2) 
PARAMETRIC_REPRESENTATION_CONTEXT() REPRESENTATION_CONTEXT('2D SPACE',''
  ) );
#6457 = ORIENTED_EDGE('',*,*,#6413,.F.);
#6458 = ORIENTED_EDGE('',*,*,#2757,.T.);
#6459 = ADVANCED_FACE('',(#6460),#2819,.F.);
#6460 = FACE_BOUND('',#6461,.F.);
#6461 = EDGE_LOOP('',(#6462,#6485,#6506,#6507,#6530,#6553,#6581,#6604,
    #6627,#6648));
#6462 = ORIENTED_EDGE('',*,*,#6463,.T.);
#6463 = EDGE_CURVE('',#1424,#6464,#6466,.T.);
#6464 = VERTEX_POINT('',#6465);
#6465 = CARTESIAN_POINT('',(240.,11.,15.));
#6466 = SURFACE_CURVE('',#6467,(#6471,#6478),.PCURVE_S1.);
#6467 = LINE('',#6468,#6469);
#6468 = CARTESIAN_POINT('',(240.,11.,11.8));
#6469 = VECTOR('',#6470,1.);
#6470 = DIRECTION('',(0.,0.,1.));
#6471 = PCURVE('',#2819,#6472);
#6472 = DEFINITIONAL_REPRESENTATION('',(#6473),#6477);
#6473 = LINE('',#6474,#6475);
#6474 = CARTESIAN_POINT('',(6.763581152755,-6.403212074301));
#6475 = VECTOR('',#6476,1.);
#6476 = DIRECTION('',(-0.99992536966,1.221700083525E-02));
#6477 = ( GEOMETRIC_REPRESENTATION_CONTEXT(2) 
PARAMETRIC_REPRESENTATION_CONTEXT() REPRESENTATION_CONTEXT('2D SPACE',''
  ) );
#6478 = PCURVE('',#3088,#6479);
#6479 = DEFINITIONAL_REPRESENTATION('',(#6480),#6484);
#6480 = LINE('',#6481,#6482);
#6481 = CARTESIAN_POINT('',(4.113342475115,-3.313342475115));
#6482 = VECTOR('',#6483,1.);
#6483 = DIRECTION('',(1.,0.));
#6484 = ( GEOMETRIC_REPRESENTATION_CONTEXT(2) 
PARAMETRIC_REPRESENTATION_CONTEXT() REPRESENTATION_CONTEXT('2D SPACE',''
  ) );
#6485 = ORIENTED_EDGE('',*,*,#6486,.T.);
#6486 = EDGE_CURVE('',#6464,#538,#6487,.T.);
#6487 = SURFACE_CURVE('',#6488,(#6492,#6499),.PCURVE_S1.);
#6488 = LINE('',#6489,#6490);
#6489 = CARTESIAN_POINT('',(240.,11.,15.));
#6490 = VECTOR('',#6491,1.);
#6491 = DIRECTION('',(0.,-0.707106781187,-0.707106781187));
#6492 = PCURVE('',#2819,#6493);
#6493 = DEFINITIONAL_REPRESENTATION('',(#6494),#6498);
#6494 = LINE('',#6495,#6496);
#6495 = CARTESIAN_POINT('',(3.563819969841,-6.364117671628));
#6496 = VECTOR('',#6497,1.);
#6497 = DIRECTION('',(0.715692733704,0.698415285431));
#6498 = ( GEOMETRIC_REPRESENTATION_CONTEXT(2) 
PARAMETRIC_REPRESENTATION_CONTEXT() REPRESENTATION_CONTEXT('2D SPACE',''
  ) );
#6499 = PCURVE('',#3088,#6500);
#6500 = DEFINITIONAL_REPRESENTATION('',(#6501),#6505);
#6501 = LINE('',#6502,#6503);
#6502 = CARTESIAN_POINT('',(7.313342475115,-3.313342475115));
#6503 = VECTOR('',#6504,1.);
#6504 = DIRECTION('',(-0.707106781187,0.707106781187));
#6505 = ( GEOMETRIC_REPRESENTATION_CONTEXT(2) 
PARAMETRIC_REPRESENTATION_CONTEXT() REPRESENTATION_CONTEXT('2D SPACE',''
  ) );
#6506 = ORIENTED_EDGE('',*,*,#2803,.T.);
#6507 = ORIENTED_EDGE('',*,*,#6508,.T.);
#6508 = EDGE_CURVE('',#2804,#6509,#6511,.T.);
#6509 = VERTEX_POINT('',#6510);
#6510 = CARTESIAN_POINT('',(240.,3.792946813858,27.955449368927));
#6511 = SURFACE_CURVE('',#6512,(#6516,#6523),.PCURVE_S1.);
#6512 = LINE('',#6513,#6514);
#6513 = CARTESIAN_POINT('',(240.,0.293208020046,27.998208871851));
#6514 = VECTOR('',#6515,1.);
#6515 = DIRECTION('',(0.,0.99992536966,-1.221700083525E-02));
#6516 = PCURVE('',#2819,#6517);
#6517 = DEFINITIONAL_REPRESENTATION('',(#6518),#6522);
#6518 = LINE('',#6519,#6520);
#6519 = CARTESIAN_POINT('',(-9.302613954706,4.500674385449));
#6520 = VECTOR('',#6521,1.);
#6521 = DIRECTION('',(0.,-1.));
#6522 = ( GEOMETRIC_REPRESENTATION_CONTEXT(2) 
PARAMETRIC_REPRESENTATION_CONTEXT() REPRESENTATION_CONTEXT('2D SPACE',''
  ) );
#6523 = PCURVE('',#2847,#6524);
#6524 = DEFINITIONAL_REPRESENTATION('',(#6525),#6529);
#6525 = LINE('',#6526,#6527);
#6526 = CARTESIAN_POINT('',(0.,-240.));
#6527 = VECTOR('',#6528,1.);
#6528 = DIRECTION('',(1.,0.));
#6529 = ( GEOMETRIC_REPRESENTATION_CONTEXT(2) 
PARAMETRIC_REPRESENTATION_CONTEXT() REPRESENTATION_CONTEXT('2D SPACE',''
  ) );
#6530 = ORIENTED_EDGE('',*,*,#6531,.T.);
#6531 = EDGE_CURVE('',#6509,#6532,#6534,.T.);
#6532 = VERTEX_POINT('',#6533);
#6533 = CARTESIAN_POINT('',(240.,3.670776805505,17.956195672323));
#6534 = SURFACE_CURVE('',#6535,(#6539,#6546),.PCURVE_S1.);
#6535 = LINE('',#6536,#6537);
#6536 = CARTESIAN_POINT('',(240.,3.792946813858,27.955449368927));
#6537 = VECTOR('',#6538,1.);
#6538 = DIRECTION('',(0.,-1.221700083525E-02,-0.99992536966));
#6539 = PCURVE('',#2819,#6540);
#6540 = DEFINITIONAL_REPRESENTATION('',(#6541),#6545);
#6541 = LINE('',#6542,#6543);
#6542 = CARTESIAN_POINT('',(-9.302613954706,1.000674385449));
#6543 = VECTOR('',#6544,1.);
#6544 = DIRECTION('',(1.,0.));
#6545 = ( GEOMETRIC_REPRESENTATION_CONTEXT(2) 
PARAMETRIC_REPRESENTATION_CONTEXT() REPRESENTATION_CONTEXT('2D SPACE',''
  ) );
#6546 = PCURVE('',#3176,#6547);
#6547 = DEFINITIONAL_REPRESENTATION('',(#6548),#6552);
#6548 = LINE('',#6549,#6550);
#6549 = CARTESIAN_POINT('',(0.,-240.));
#6550 = VECTOR('',#6551,1.);
#6551 = DIRECTION('',(1.,0.));
#6552 = ( GEOMETRIC_REPRESENTATION_CONTEXT(2) 
PARAMETRIC_REPRESENTATION_CONTEXT() REPRESENTATION_CONTEXT('2D SPACE',''
  ) );
#6553 = ORIENTED_EDGE('',*,*,#6554,.T.);
#6554 = EDGE_CURVE('',#6532,#6555,#6557,.T.);
#6555 = VERTEX_POINT('',#6556);
#6556 = CARTESIAN_POINT('',(240.,5.370649933928,17.935426770903));
#6557 = SURFACE_CURVE('',#6558,(#6563,#6574),.PCURVE_S1.);
#6558 = CIRCLE('',#6559,0.85);
#6559 = AXIS2_PLACEMENT_3D('',#6560,#6561,#6562);
#6560 = CARTESIAN_POINT('',(240.,4.520713369716,17.945811221613));
#6561 = DIRECTION('',(1.,0.,-0.));
#6562 = DIRECTION('',(0.,1.221700083525E-02,0.99992536966));
#6563 = PCURVE('',#2819,#6564);
#6564 = DEFINITIONAL_REPRESENTATION('',(#6565),#6573);
#6565 = ( BOUNDED_CURVE() B_SPLINE_CURVE(2,(#6566,#6567,#6568,#6569,
#6570,#6571,#6572),.UNSPECIFIED.,.T.,.F.) B_SPLINE_CURVE_WITH_KNOTS((1,2
    ,2,2,2,1),(-2.094395102393,0.,2.094395102393,4.188790204786,
6.28318530718,8.377580409573),.UNSPECIFIED.) CURVE() 
GEOMETRIC_REPRESENTATION_ITEM() RATIONAL_B_SPLINE_CURVE((1.,0.5,1.,0.5,
1.,0.5,1.)) REPRESENTATION_ITEM('') );
#6566 = CARTESIAN_POINT('',(-0.152613954706,0.150674385449));
#6567 = CARTESIAN_POINT('',(-0.152613954706,1.622917571883));
#6568 = CARTESIAN_POINT('',(1.122386045294,0.886795978666));
#6569 = CARTESIAN_POINT('',(2.397386045294,0.150674385449));
#6570 = CARTESIAN_POINT('',(1.122386045294,-0.585447207767));
#6571 = CARTESIAN_POINT('',(-0.152613954706,-1.321568800984));
#6572 = CARTESIAN_POINT('',(-0.152613954706,0.150674385449));
#6573 = ( GEOMETRIC_REPRESENTATION_CONTEXT(2) 
PARAMETRIC_REPRESENTATION_CONTEXT() REPRESENTATION_CONTEXT('2D SPACE',''
  ) );
#6574 = PCURVE('',#3209,#6575);
#6575 = DEFINITIONAL_REPRESENTATION('',(#6576),#6580);
#6576 = LINE('',#6577,#6578);
#6577 = CARTESIAN_POINT('',(0.,240.));
#6578 = VECTOR('',#6579,1.);
#6579 = DIRECTION('',(1.,0.));
#6580 = ( GEOMETRIC_REPRESENTATION_CONTEXT(2) 
PARAMETRIC_REPRESENTATION_CONTEXT() REPRESENTATION_CONTEXT('2D SPACE',''
  ) );
#6581 = ORIENTED_EDGE('',*,*,#6582,.T.);
#6582 = EDGE_CURVE('',#6555,#6583,#6585,.T.);
#6583 = VERTEX_POINT('',#6584);
#6584 = CARTESIAN_POINT('',(240.,5.49281994228,27.934680467508));
#6585 = SURFACE_CURVE('',#6586,(#6590,#6597),.PCURVE_S1.);
#6586 = LINE('',#6587,#6588);
#6587 = CARTESIAN_POINT('',(240.,5.370649933928,17.935426770903));
#6588 = VECTOR('',#6589,1.);
#6589 = DIRECTION('',(0.,1.221700083525E-02,0.99992536966));
#6590 = PCURVE('',#2819,#6591);
#6591 = DEFINITIONAL_REPRESENTATION('',(#6592),#6596);
#6592 = LINE('',#6593,#6594);
#6593 = CARTESIAN_POINT('',(0.697386045294,-0.699325614551));
#6594 = VECTOR('',#6595,1.);
#6595 = DIRECTION('',(-1.,0.));
#6596 = ( GEOMETRIC_REPRESENTATION_CONTEXT(2) 
PARAMETRIC_REPRESENTATION_CONTEXT() REPRESENTATION_CONTEXT('2D SPACE',''
  ) );
#6597 = PCURVE('',#3237,#6598);
#6598 = DEFINITIONAL_REPRESENTATION('',(#6599),#6603);
#6599 = LINE('',#6600,#6601);
#6600 = CARTESIAN_POINT('',(0.,-240.));
#6601 = VECTOR('',#6602,1.);
#6602 = DIRECTION('',(1.,0.));
#6603 = ( GEOMETRIC_REPRESENTATION_CONTEXT(2) 
PARAMETRIC_REPRESENTATION_CONTEXT() REPRESENTATION_CONTEXT('2D SPACE',''
  ) );
#6604 = ORIENTED_EDGE('',*,*,#6605,.T.);
#6605 = EDGE_CURVE('',#6583,#6606,#6608,.T.);
#6606 = VERTEX_POINT('',#6607);
#6607 = CARTESIAN_POINT('',(240.,11.292387086311,27.863821862663));
#6608 = SURFACE_CURVE('',#6609,(#6613,#6620),.PCURVE_S1.);
#6609 = LINE('',#6610,#6611);
#6610 = CARTESIAN_POINT('',(240.,5.49281994228,27.934680467508));
#6611 = VECTOR('',#6612,1.);
#6612 = DIRECTION('',(0.,0.99992536966,-1.221700083525E-02));
#6613 = PCURVE('',#2819,#6614);
#6614 = DEFINITIONAL_REPRESENTATION('',(#6615),#6619);
#6615 = LINE('',#6616,#6617);
#6616 = CARTESIAN_POINT('',(-9.302613954706,-0.699325614551));
#6617 = VECTOR('',#6618,1.);
#6618 = DIRECTION('',(0.,-1.));
#6619 = ( GEOMETRIC_REPRESENTATION_CONTEXT(2) 
PARAMETRIC_REPRESENTATION_CONTEXT() REPRESENTATION_CONTEXT('2D SPACE',''
  ) );
#6620 = PCURVE('',#3265,#6621);
#6621 = DEFINITIONAL_REPRESENTATION('',(#6622),#6626);
#6622 = LINE('',#6623,#6624);
#6623 = CARTESIAN_POINT('',(0.,-240.));
#6624 = VECTOR('',#6625,1.);
#6625 = DIRECTION('',(1.,0.));
#6626 = ( GEOMETRIC_REPRESENTATION_CONTEXT(2) 
PARAMETRIC_REPRESENTATION_CONTEXT() REPRESENTATION_CONTEXT('2D SPACE',''
  ) );
#6627 = ORIENTED_EDGE('',*,*,#6628,.T.);
#6628 = EDGE_CURVE('',#6606,#3331,#6629,.T.);
#6629 = SURFACE_CURVE('',#6630,(#6634,#6641),.PCURVE_S1.);
#6630 = LINE('',#6631,#6632);
#6631 = CARTESIAN_POINT('',(240.,11.292387086311,27.863821862663));
#6632 = VECTOR('',#6633,1.);
#6633 = DIRECTION('',(0.,-1.221700083525E-02,-0.99992536966));
#6634 = PCURVE('',#2819,#6635);
#6635 = DEFINITIONAL_REPRESENTATION('',(#6636),#6640);
#6636 = LINE('',#6637,#6638);
#6637 = CARTESIAN_POINT('',(-9.302613954706,-6.499325614551));
#6638 = VECTOR('',#6639,1.);
#6639 = DIRECTION('',(1.,0.));
#6640 = ( GEOMETRIC_REPRESENTATION_CONTEXT(2) 
PARAMETRIC_REPRESENTATION_CONTEXT() REPRESENTATION_CONTEXT('2D SPACE',''
  ) );
#6641 = PCURVE('',#3293,#6642);
#6642 = DEFINITIONAL_REPRESENTATION('',(#6643),#6647);
#6643 = LINE('',#6644,#6645);
#6644 = CARTESIAN_POINT('',(0.,-240.));
#6645 = VECTOR('',#6646,1.);
#6646 = DIRECTION('',(1.,0.));
#6647 = ( GEOMETRIC_REPRESENTATION_CONTEXT(2) 
PARAMETRIC_REPRESENTATION_CONTEXT() REPRESENTATION_CONTEXT('2D SPACE',''
  ) );
#6648 = ORIENTED_EDGE('',*,*,#3353,.T.);
#6649 = ADVANCED_FACE('',(#6650),#2847,.T.);
#6650 = FACE_BOUND('',#6651,.T.);
#6651 = EDGE_LOOP('',(#6652,#6653,#6654,#6675));
#6652 = ORIENTED_EDGE('',*,*,#2831,.T.);
#6653 = ORIENTED_EDGE('',*,*,#6508,.T.);
#6654 = ORIENTED_EDGE('',*,*,#6655,.F.);
#6655 = EDGE_CURVE('',#3138,#6509,#6656,.T.);
#6656 = SURFACE_CURVE('',#6657,(#6661,#6668),.PCURVE_S1.);
#6657 = LINE('',#6658,#6659);
#6658 = CARTESIAN_POINT('',(0.,3.792946813858,27.955449368927));
#6659 = VECTOR('',#6660,1.);
#6660 = DIRECTION('',(1.,0.,0.));
#6661 = PCURVE('',#2847,#6662);
#6662 = DEFINITIONAL_REPRESENTATION('',(#6663),#6667);
#6663 = LINE('',#6664,#6665);
#6664 = CARTESIAN_POINT('',(3.5,0.));
#6665 = VECTOR('',#6666,1.);
#6666 = DIRECTION('',(0.,-1.));
#6667 = ( GEOMETRIC_REPRESENTATION_CONTEXT(2) 
PARAMETRIC_REPRESENTATION_CONTEXT() REPRESENTATION_CONTEXT('2D SPACE',''
  ) );
#6668 = PCURVE('',#3176,#6669);
#6669 = DEFINITIONAL_REPRESENTATION('',(#6670),#6674);
#6670 = LINE('',#6671,#6672);
#6671 = CARTESIAN_POINT('',(0.,0.));
#6672 = VECTOR('',#6673,1.);
#6673 = DIRECTION('',(0.,-1.));
#6674 = ( GEOMETRIC_REPRESENTATION_CONTEXT(2) 
PARAMETRIC_REPRESENTATION_CONTEXT() REPRESENTATION_CONTEXT('2D SPACE',''
  ) );
#6675 = ORIENTED_EDGE('',*,*,#3137,.F.);
#6676 = ADVANCED_FACE('',(#6677),#2899,.F.);
#6677 = FACE_BOUND('',#6678,.F.);
#6678 = EDGE_LOOP('',(#6679,#6702,#6729,#6730));
#6679 = ORIENTED_EDGE('',*,*,#6680,.T.);
#6680 = EDGE_CURVE('',#2883,#6681,#6683,.T.);
#6681 = VERTEX_POINT('',#6682);
#6682 = CARTESIAN_POINT('',(228.,3.5,24.6));
#6683 = SEAM_CURVE('',#6684,(#6688,#6695),.PCURVE_S1.);
#6684 = LINE('',#6685,#6686);
#6685 = CARTESIAN_POINT('',(228.,-2.,24.6));
#6686 = VECTOR('',#6687,1.);
#6687 = DIRECTION('',(0.,1.,0.));
#6688 = PCURVE('',#2899,#6689);
#6689 = DEFINITIONAL_REPRESENTATION('',(#6690),#6694);
#6690 = LINE('',#6691,#6692);
#6691 = CARTESIAN_POINT('',(6.28318530718,-0.));
#6692 = VECTOR('',#6693,1.);
#6693 = DIRECTION('',(0.,1.));
#6694 = ( GEOMETRIC_REPRESENTATION_CONTEXT(2) 
PARAMETRIC_REPRESENTATION_CONTEXT() REPRESENTATION_CONTEXT('2D SPACE',''
  ) );
#6695 = PCURVE('',#2899,#6696);
#6696 = DEFINITIONAL_REPRESENTATION('',(#6697),#6701);
#6697 = LINE('',#6698,#6699);
#6698 = CARTESIAN_POINT('',(0.,-0.));
#6699 = VECTOR('',#6700,1.);
#6700 = DIRECTION('',(0.,1.));
#6701 = ( GEOMETRIC_REPRESENTATION_CONTEXT(2) 
PARAMETRIC_REPRESENTATION_CONTEXT() REPRESENTATION_CONTEXT('2D SPACE',''
  ) );
#6702 = ORIENTED_EDGE('',*,*,#6703,.F.);
#6703 = EDGE_CURVE('',#6681,#6681,#6704,.T.);
#6704 = SURFACE_CURVE('',#6705,(#6710,#6717),.PCURVE_S1.);
#6705 = CIRCLE('',#6706,1.6);
#6706 = AXIS2_PLACEMENT_3D('',#6707,#6708,#6709);
#6707 = CARTESIAN_POINT('',(228.,3.5,23.));
#6708 = DIRECTION('',(0.,1.,0.));
#6709 = DIRECTION('',(0.,-0.,1.));
#6710 = PCURVE('',#2899,#6711);
#6711 = DEFINITIONAL_REPRESENTATION('',(#6712),#6716);
#6712 = LINE('',#6713,#6714);
#6713 = CARTESIAN_POINT('',(0.,5.5));
#6714 = VECTOR('',#6715,1.);
#6715 = DIRECTION('',(1.,0.));
#6716 = ( GEOMETRIC_REPRESENTATION_CONTEXT(2) 
PARAMETRIC_REPRESENTATION_CONTEXT() REPRESENTATION_CONTEXT('2D SPACE',''
  ) );
#6717 = PCURVE('',#6718,#6723);
#6718 = PLANE('',#6719);
#6719 = AXIS2_PLACEMENT_3D('',#6720,#6721,#6722);
#6720 = CARTESIAN_POINT('',(228.,3.5,23.));
#6721 = DIRECTION('',(0.,1.,0.));
#6722 = DIRECTION('',(0.,-0.,1.));
#6723 = DEFINITIONAL_REPRESENTATION('',(#6724),#6728);
#6724 = CIRCLE('',#6725,1.6);
#6725 = AXIS2_PLACEMENT_2D('',#6726,#6727);
#6726 = CARTESIAN_POINT('',(0.,0.));
#6727 = DIRECTION('',(1.,0.));
#6728 = ( GEOMETRIC_REPRESENTATION_CONTEXT(2) 
PARAMETRIC_REPRESENTATION_CONTEXT() REPRESENTATION_CONTEXT('2D SPACE',''
  ) );
#6729 = ORIENTED_EDGE('',*,*,#6680,.F.);
#6730 = ORIENTED_EDGE('',*,*,#2882,.F.);
#6731 = ADVANCED_FACE('',(#6732),#2941,.F.);
#6732 = FACE_BOUND('',#6733,.F.);
#6733 = EDGE_LOOP('',(#6734,#6757,#6784,#6785));
#6734 = ORIENTED_EDGE('',*,*,#6735,.T.);
#6735 = EDGE_CURVE('',#2925,#6736,#6738,.T.);
#6736 = VERTEX_POINT('',#6737);
#6737 = CARTESIAN_POINT('',(12.,3.5,24.6));
#6738 = SEAM_CURVE('',#6739,(#6743,#6750),.PCURVE_S1.);
#6739 = LINE('',#6740,#6741);
#6740 = CARTESIAN_POINT('',(12.,-2.,24.6));
#6741 = VECTOR('',#6742,1.);
#6742 = DIRECTION('',(0.,1.,0.));
#6743 = PCURVE('',#2941,#6744);
#6744 = DEFINITIONAL_REPRESENTATION('',(#6745),#6749);
#6745 = LINE('',#6746,#6747);
#6746 = CARTESIAN_POINT('',(6.28318530718,-0.));
#6747 = VECTOR('',#6748,1.);
#6748 = DIRECTION('',(0.,1.));
#6749 = ( GEOMETRIC_REPRESENTATION_CONTEXT(2) 
PARAMETRIC_REPRESENTATION_CONTEXT() REPRESENTATION_CONTEXT('2D SPACE',''
  ) );
#6750 = PCURVE('',#2941,#6751);
#6751 = DEFINITIONAL_REPRESENTATION('',(#6752),#6756);
#6752 = LINE('',#6753,#6754);
#6753 = CARTESIAN_POINT('',(0.,-0.));
#6754 = VECTOR('',#6755,1.);
#6755 = DIRECTION('',(0.,1.));
#6756 = ( GEOMETRIC_REPRESENTATION_CONTEXT(2) 
PARAMETRIC_REPRESENTATION_CONTEXT() REPRESENTATION_CONTEXT('2D SPACE',''
  ) );
#6757 = ORIENTED_EDGE('',*,*,#6758,.F.);
#6758 = EDGE_CURVE('',#6736,#6736,#6759,.T.);
#6759 = SURFACE_CURVE('',#6760,(#6765,#6772),.PCURVE_S1.);
#6760 = CIRCLE('',#6761,1.6);
#6761 = AXIS2_PLACEMENT_3D('',#6762,#6763,#6764);
#6762 = CARTESIAN_POINT('',(12.,3.5,23.));
#6763 = DIRECTION('',(0.,1.,0.));
#6764 = DIRECTION('',(0.,-0.,1.));
#6765 = PCURVE('',#2941,#6766);
#6766 = DEFINITIONAL_REPRESENTATION('',(#6767),#6771);
#6767 = LINE('',#6768,#6769);
#6768 = CARTESIAN_POINT('',(0.,5.5));
#6769 = VECTOR('',#6770,1.);
#6770 = DIRECTION('',(1.,0.));
#6771 = ( GEOMETRIC_REPRESENTATION_CONTEXT(2) 
PARAMETRIC_REPRESENTATION_CONTEXT() REPRESENTATION_CONTEXT('2D SPACE',''
  ) );
#6772 = PCURVE('',#6773,#6778);
#6773 = PLANE('',#6774);
#6774 = AXIS2_PLACEMENT_3D('',#6775,#6776,#6777);
#6775 = CARTESIAN_POINT('',(12.,3.5,23.));
#6776 = DIRECTION('',(0.,1.,0.));
#6777 = DIRECTION('',(0.,-0.,1.));
#6778 = DEFINITIONAL_REPRESENTATION('',(#6779),#6783);
#6779 = CIRCLE('',#6780,1.6);
#6780 = AXIS2_PLACEMENT_2D('',#6781,#6782);
#6781 = CARTESIAN_POINT('',(0.,0.));
#6782 = DIRECTION('',(1.,0.));
#6783 = ( GEOMETRIC_REPRESENTATION_CONTEXT(2) 
PARAMETRIC_REPRESENTATION_CONTEXT() REPRESENTATION_CONTEXT('2D SPACE',''
  ) );
#6784 = ORIENTED_EDGE('',*,*,#6735,.F.);
#6785 = ORIENTED_EDGE('',*,*,#2924,.F.);
#6786 = ADVANCED_FACE('',(#6787),#3088,.T.);
#6787 = FACE_BOUND('',#6788,.T.);
#6788 = EDGE_LOOP('',(#6789,#6790,#6791));
#6789 = ORIENTED_EDGE('',*,*,#6486,.T.);
#6790 = ORIENTED_EDGE('',*,*,#3074,.F.);
#6791 = ORIENTED_EDGE('',*,*,#6463,.T.);
#6792 = ADVANCED_FACE('',(#6793),#2984,.T.);
#6793 = FACE_BOUND('',#6794,.T.);
#6794 = EDGE_LOOP('',(#6795,#6796,#6797));
#6795 = ORIENTED_EDGE('',*,*,#2968,.T.);
#6796 = ORIENTED_EDGE('',*,*,#6088,.T.);
#6797 = ORIENTED_EDGE('',*,*,#6119,.T.);
#6798 = ADVANCED_FACE('',(#6799),#3012,.F.);
#6799 = FACE_BOUND('',#6800,.F.);
#6800 = EDGE_LOOP('',(#6801,#6802,#6803,#6804));
#6801 = ORIENTED_EDGE('',*,*,#3637,.F.);
#6802 = ORIENTED_EDGE('',*,*,#6066,.T.);
#6803 = ORIENTED_EDGE('',*,*,#2996,.T.);
#6804 = ORIENTED_EDGE('',*,*,#6805,.F.);
#6805 = EDGE_CURVE('',#3638,#2997,#6806,.T.);
#6806 = SURFACE_CURVE('',#6807,(#6811,#6818),.PCURVE_S1.);
#6807 = LINE('',#6808,#6809);
#6808 = CARTESIAN_POINT('',(0.,11.8,11.));
#6809 = VECTOR('',#6810,1.);
#6810 = DIRECTION('',(1.,0.,0.));
#6811 = PCURVE('',#3012,#6812);
#6812 = DEFINITIONAL_REPRESENTATION('',(#6813),#6817);
#6813 = LINE('',#6814,#6815);
#6814 = CARTESIAN_POINT('',(3.2,0.));
#6815 = VECTOR('',#6816,1.);
#6816 = DIRECTION('',(0.,-1.));
#6817 = ( GEOMETRIC_REPRESENTATION_CONTEXT(2) 
PARAMETRIC_REPRESENTATION_CONTEXT() REPRESENTATION_CONTEXT('2D SPACE',''
  ) );
#6818 = PCURVE('',#3040,#6819);
#6819 = DEFINITIONAL_REPRESENTATION('',(#6820),#6824);
#6820 = LINE('',#6821,#6822);
#6821 = CARTESIAN_POINT('',(0.,0.));
#6822 = VECTOR('',#6823,1.);
#6823 = DIRECTION('',(0.,-1.));
#6824 = ( GEOMETRIC_REPRESENTATION_CONTEXT(2) 
PARAMETRIC_REPRESENTATION_CONTEXT() REPRESENTATION_CONTEXT('2D SPACE',''
  ) );
#6825 = ADVANCED_FACE('',(#6826),#3040,.F.);
#6826 = FACE_BOUND('',#6827,.F.);
#6827 = EDGE_LOOP('',(#6828,#6829,#6830,#6831));
#6828 = ORIENTED_EDGE('',*,*,#3674,.F.);
#6829 = ORIENTED_EDGE('',*,*,#6805,.T.);
#6830 = ORIENTED_EDGE('',*,*,#3024,.T.);
#6831 = ORIENTED_EDGE('',*,*,#3405,.F.);
#6832 = ADVANCED_FACE('',(#6833),#3119,.F.);
#6833 = FACE_BOUND('',#6834,.F.);
#6834 = EDGE_LOOP('',(#6835,#6836,#6859,#6886));
#6835 = ORIENTED_EDGE('',*,*,#3102,.F.);
#6836 = ORIENTED_EDGE('',*,*,#6837,.F.);
#6837 = EDGE_CURVE('',#6838,#3103,#6840,.T.);
#6838 = VERTEX_POINT('',#6839);
#6839 = CARTESIAN_POINT('',(225.,6.,8.25));
#6840 = SEAM_CURVE('',#6841,(#6845,#6852),.PCURVE_S1.);
#6841 = LINE('',#6842,#6843);
#6842 = CARTESIAN_POINT('',(225.,6.,8.25));
#6843 = VECTOR('',#6844,1.);
#6844 = DIRECTION('',(1.,0.,0.));
#6845 = PCURVE('',#3119,#6846);
#6846 = DEFINITIONAL_REPRESENTATION('',(#6847),#6851);
#6847 = LINE('',#6848,#6849);
#6848 = CARTESIAN_POINT('',(6.28318530718,-0.));
#6849 = VECTOR('',#6850,1.);
#6850 = DIRECTION('',(0.,1.));
#6851 = ( GEOMETRIC_REPRESENTATION_CONTEXT(2) 
PARAMETRIC_REPRESENTATION_CONTEXT() REPRESENTATION_CONTEXT('2D SPACE',''
  ) );
#6852 = PCURVE('',#3119,#6853);
#6853 = DEFINITIONAL_REPRESENTATION('',(#6854),#6858);
#6854 = LINE('',#6855,#6856);
#6855 = CARTESIAN_POINT('',(0.,-0.));
#6856 = VECTOR('',#6857,1.);
#6857 = DIRECTION('',(0.,1.));
#6858 = ( GEOMETRIC_REPRESENTATION_CONTEXT(2) 
PARAMETRIC_REPRESENTATION_CONTEXT() REPRESENTATION_CONTEXT('2D SPACE',''
  ) );
#6859 = ORIENTED_EDGE('',*,*,#6860,.T.);
#6860 = EDGE_CURVE('',#6838,#6838,#6861,.T.);
#6861 = SURFACE_CURVE('',#6862,(#6867,#6874),.PCURVE_S1.);
#6862 = CIRCLE('',#6863,2.25);
#6863 = AXIS2_PLACEMENT_3D('',#6864,#6865,#6866);
#6864 = CARTESIAN_POINT('',(225.,6.,6.));
#6865 = DIRECTION('',(1.,0.,0.));
#6866 = DIRECTION('',(-0.,0.,1.));
#6867 = PCURVE('',#3119,#6868);
#6868 = DEFINITIONAL_REPRESENTATION('',(#6869),#6873);
#6869 = LINE('',#6870,#6871);
#6870 = CARTESIAN_POINT('',(0.,0.));
#6871 = VECTOR('',#6872,1.);
#6872 = DIRECTION('',(1.,0.));
#6873 = ( GEOMETRIC_REPRESENTATION_CONTEXT(2) 
PARAMETRIC_REPRESENTATION_CONTEXT() REPRESENTATION_CONTEXT('2D SPACE',''
  ) );
#6874 = PCURVE('',#6875,#6880);
#6875 = PLANE('',#6876);
#6876 = AXIS2_PLACEMENT_3D('',#6877,#6878,#6879);
#6877 = CARTESIAN_POINT('',(225.,6.,6.));
#6878 = DIRECTION('',(1.,0.,0.));
#6879 = DIRECTION('',(-0.,0.,1.));
#6880 = DEFINITIONAL_REPRESENTATION('',(#6881),#6885);
#6881 = CIRCLE('',#6882,2.25);
#6882 = AXIS2_PLACEMENT_2D('',#6883,#6884);
#6883 = CARTESIAN_POINT('',(0.,0.));
#6884 = DIRECTION('',(1.,0.));
#6885 = ( GEOMETRIC_REPRESENTATION_CONTEXT(2) 
PARAMETRIC_REPRESENTATION_CONTEXT() REPRESENTATION_CONTEXT('2D SPACE',''
  ) );
#6886 = ORIENTED_EDGE('',*,*,#6837,.T.);
#6887 = ADVANCED_FACE('',(#6888),#3293,.T.);
#6888 = FACE_BOUND('',#6889,.T.);
#6889 = EDGE_LOOP('',(#6890,#6911,#6912,#6913));
#6890 = ORIENTED_EDGE('',*,*,#6891,.T.);
#6891 = EDGE_CURVE('',#3250,#6606,#6892,.T.);
#6892 = SURFACE_CURVE('',#6893,(#6897,#6904),.PCURVE_S1.);
#6893 = LINE('',#6894,#6895);
#6894 = CARTESIAN_POINT('',(0.,11.292387086311,27.863821862663));
#6895 = VECTOR('',#6896,1.);
#6896 = DIRECTION('',(1.,0.,0.));
#6897 = PCURVE('',#3293,#6898);
#6898 = DEFINITIONAL_REPRESENTATION('',(#6899),#6903);
#6899 = LINE('',#6900,#6901);
#6900 = CARTESIAN_POINT('',(0.,0.));
#6901 = VECTOR('',#6902,1.);
#6902 = DIRECTION('',(0.,-1.));
#6903 = ( GEOMETRIC_REPRESENTATION_CONTEXT(2) 
PARAMETRIC_REPRESENTATION_CONTEXT() REPRESENTATION_CONTEXT('2D SPACE',''
  ) );
#6904 = PCURVE('',#3265,#6905);
#6905 = DEFINITIONAL_REPRESENTATION('',(#6906),#6910);
#6906 = LINE('',#6907,#6908);
#6907 = CARTESIAN_POINT('',(5.8,0.));
#6908 = VECTOR('',#6909,1.);
#6909 = DIRECTION('',(0.,-1.));
#6910 = ( GEOMETRIC_REPRESENTATION_CONTEXT(2) 
PARAMETRIC_REPRESENTATION_CONTEXT() REPRESENTATION_CONTEXT('2D SPACE',''
  ) );
#6911 = ORIENTED_EDGE('',*,*,#6628,.T.);
#6912 = ORIENTED_EDGE('',*,*,#3330,.F.);
#6913 = ORIENTED_EDGE('',*,*,#3277,.F.);
#6914 = ADVANCED_FACE('',(#6915),#3265,.T.);
#6915 = FACE_BOUND('',#6916,.T.);
#6916 = EDGE_LOOP('',(#6917,#6938,#6939,#6940));
#6917 = ORIENTED_EDGE('',*,*,#6918,.T.);
#6918 = EDGE_CURVE('',#3222,#6583,#6919,.T.);
#6919 = SURFACE_CURVE('',#6920,(#6924,#6931),.PCURVE_S1.);
#6920 = LINE('',#6921,#6922);
#6921 = CARTESIAN_POINT('',(0.,5.49281994228,27.934680467508));
#6922 = VECTOR('',#6923,1.);
#6923 = DIRECTION('',(1.,0.,0.));
#6924 = PCURVE('',#3265,#6925);
#6925 = DEFINITIONAL_REPRESENTATION('',(#6926),#6930);
#6926 = LINE('',#6927,#6928);
#6927 = CARTESIAN_POINT('',(0.,0.));
#6928 = VECTOR('',#6929,1.);
#6929 = DIRECTION('',(0.,-1.));
#6930 = ( GEOMETRIC_REPRESENTATION_CONTEXT(2) 
PARAMETRIC_REPRESENTATION_CONTEXT() REPRESENTATION_CONTEXT('2D SPACE',''
  ) );
#6931 = PCURVE('',#3237,#6932);
#6932 = DEFINITIONAL_REPRESENTATION('',(#6933),#6937);
#6933 = LINE('',#6934,#6935);
#6934 = CARTESIAN_POINT('',(10.,0.));
#6935 = VECTOR('',#6936,1.);
#6936 = DIRECTION('',(0.,-1.));
#6937 = ( GEOMETRIC_REPRESENTATION_CONTEXT(2) 
PARAMETRIC_REPRESENTATION_CONTEXT() REPRESENTATION_CONTEXT('2D SPACE',''
  ) );
#6938 = ORIENTED_EDGE('',*,*,#6605,.T.);
#6939 = ORIENTED_EDGE('',*,*,#6891,.F.);
#6940 = ORIENTED_EDGE('',*,*,#3249,.F.);
#6941 = ADVANCED_FACE('',(#6942,#6968,#7010),#3237,.T.);
#6942 = FACE_BOUND('',#6943,.T.);
#6943 = EDGE_LOOP('',(#6944,#6965,#6966,#6967));
#6944 = ORIENTED_EDGE('',*,*,#6945,.T.);
#6945 = EDGE_CURVE('',#3189,#6555,#6946,.T.);
#6946 = SURFACE_CURVE('',#6947,(#6951,#6958),.PCURVE_S1.);
#6947 = LINE('',#6948,#6949);
#6948 = CARTESIAN_POINT('',(0.,5.370649933928,17.935426770903));
#6949 = VECTOR('',#6950,1.);
#6950 = DIRECTION('',(1.,0.,0.));
#6951 = PCURVE('',#3237,#6952);
#6952 = DEFINITIONAL_REPRESENTATION('',(#6953),#6957);
#6953 = LINE('',#6954,#6955);
#6954 = CARTESIAN_POINT('',(0.,0.));
#6955 = VECTOR('',#6956,1.);
#6956 = DIRECTION('',(0.,-1.));
#6957 = ( GEOMETRIC_REPRESENTATION_CONTEXT(2) 
PARAMETRIC_REPRESENTATION_CONTEXT() REPRESENTATION_CONTEXT('2D SPACE',''
  ) );
#6958 = PCURVE('',#3209,#6959);
#6959 = DEFINITIONAL_REPRESENTATION('',(#6960),#6964);
#6960 = LINE('',#6961,#6962);
#6961 = CARTESIAN_POINT('',(4.712388980385,0.));
#6962 = VECTOR('',#6963,1.);
#6963 = DIRECTION('',(0.,1.));
#6964 = ( GEOMETRIC_REPRESENTATION_CONTEXT(2) 
PARAMETRIC_REPRESENTATION_CONTEXT() REPRESENTATION_CONTEXT('2D SPACE',''
  ) );
#6965 = ORIENTED_EDGE('',*,*,#6582,.T.);
#6966 = ORIENTED_EDGE('',*,*,#6918,.F.);
#6967 = ORIENTED_EDGE('',*,*,#3221,.F.);
#6968 = FACE_BOUND('',#6969,.T.);
#6969 = EDGE_LOOP('',(#6970));
#6970 = ORIENTED_EDGE('',*,*,#6971,.F.);
#6971 = EDGE_CURVE('',#6972,#6972,#6974,.T.);
#6972 = VERTEX_POINT('',#6973);
#6973 = CARTESIAN_POINT('',(228.,5.449022629406,24.35));
#6974 = SURFACE_CURVE('',#6975,(#6980,#6987),.PCURVE_S1.);
#6975 = ELLIPSE('',#6976,1.350100758478,1.35);
#6976 = AXIS2_PLACEMENT_3D('',#6977,#6978,#6979);
#6977 = CARTESIAN_POINT('',(228.,5.432528447312,23.));
#6978 = DIRECTION('',(0.,-0.99992536966,1.221700083525E-02));
#6979 = DIRECTION('',(0.,1.221700083525E-02,0.99992536966));
#6980 = PCURVE('',#3237,#6981);
#6981 = DEFINITIONAL_REPRESENTATION('',(#6982),#6986);
#6982 = ELLIPSE('',#6983,1.350100758478,1.35);
#6983 = AXIS2_PLACEMENT_2D('',#6984,#6985);
#6984 = CARTESIAN_POINT('',(5.064951228127,-228.));
#6985 = DIRECTION('',(1.,0.));
#6986 = ( GEOMETRIC_REPRESENTATION_CONTEXT(2) 
PARAMETRIC_REPRESENTATION_CONTEXT() REPRESENTATION_CONTEXT('2D SPACE',''
  ) );
#6987 = PCURVE('',#6988,#6993);
#6988 = CYLINDRICAL_SURFACE('',#6989,1.35);
#6989 = AXIS2_PLACEMENT_3D('',#6990,#6991,#6992);
#6990 = CARTESIAN_POINT('',(228.,3.5,23.));
#6991 = DIRECTION('',(0.,1.,0.));
#6992 = DIRECTION('',(0.,-0.,1.));
#6993 = DEFINITIONAL_REPRESENTATION('',(#6994),#7009);
#6994 = B_SPLINE_CURVE_WITH_KNOTS('',7,(#6995,#6996,#6997,#6998,#6999,
    #7000,#7001,#7002,#7003,#7004,#7005,#7006,#7007,#7008),
  .UNSPECIFIED.,.F.,.F.,(8,6,8),(0.,3.14159265359,6.28318530718),
  .UNSPECIFIED.);
#6995 = CARTESIAN_POINT('',(6.28318530718,1.949022629406));
#6996 = CARTESIAN_POINT('',(5.834386356667,1.949022629406));
#6997 = CARTESIAN_POINT('',(5.385587406154,1.945145999782));
#6998 = CARTESIAN_POINT('',(4.936788455642,1.937399848229));
#6999 = CARTESIAN_POINT('',(4.487989505128,1.927657046396));
#7000 = CARTESIAN_POINT('',(4.039190554616,1.919910894842));
#7001 = CARTESIAN_POINT('',(3.590391604103,1.916034265218));
#7002 = CARTESIAN_POINT('',(2.692793703077,1.916034265218));
#7003 = CARTESIAN_POINT('',(2.243994752564,1.919910894842));
#7004 = CARTESIAN_POINT('',(1.795195802052,1.927657046396));
#7005 = CARTESIAN_POINT('',(1.346396851539,1.937399848229));
#7006 = CARTESIAN_POINT('',(0.897597901026,1.945145999782));
#7007 = CARTESIAN_POINT('',(0.448798950513,1.949022629406));
#7008 = CARTESIAN_POINT('',(2.13162820728E-14,1.949022629406));
#7009 = ( GEOMETRIC_REPRESENTATION_CONTEXT(2) 
PARAMETRIC_REPRESENTATION_CONTEXT() REPRESENTATION_CONTEXT('2D SPACE',''
  ) );
#7010 = FACE_BOUND('',#7011,.T.);
#7011 = EDGE_LOOP('',(#7012));
#7012 = ORIENTED_EDGE('',*,*,#7013,.F.);
#7013 = EDGE_CURVE('',#7014,#7014,#7016,.T.);
#7014 = VERTEX_POINT('',#7015);
#7015 = CARTESIAN_POINT('',(12.,5.449022629406,24.35));
#7016 = SURFACE_CURVE('',#7017,(#7022,#7029),.PCURVE_S1.);
#7017 = ELLIPSE('',#7018,1.350100758478,1.35);
#7018 = AXIS2_PLACEMENT_3D('',#7019,#7020,#7021);
#7019 = CARTESIAN_POINT('',(12.,5.432528447312,23.));
#7020 = DIRECTION('',(0.,-0.99992536966,1.221700083525E-02));
#7021 = DIRECTION('',(0.,1.221700083525E-02,0.99992536966));
#7022 = PCURVE('',#3237,#7023);
#7023 = DEFINITIONAL_REPRESENTATION('',(#7024),#7028);
#7024 = ELLIPSE('',#7025,1.350100758478,1.35);
#7025 = AXIS2_PLACEMENT_2D('',#7026,#7027);
#7026 = CARTESIAN_POINT('',(5.064951228127,-12.));
#7027 = DIRECTION('',(1.,0.));
#7028 = ( GEOMETRIC_REPRESENTATION_CONTEXT(2) 
PARAMETRIC_REPRESENTATION_CONTEXT() REPRESENTATION_CONTEXT('2D SPACE',''
  ) );
#7029 = PCURVE('',#7030,#7035);
#7030 = CYLINDRICAL_SURFACE('',#7031,1.35);
#7031 = AXIS2_PLACEMENT_3D('',#7032,#7033,#7034);
#7032 = CARTESIAN_POINT('',(12.,3.5,23.));
#7033 = DIRECTION('',(0.,1.,0.));
#7034 = DIRECTION('',(0.,-0.,1.));
#7035 = DEFINITIONAL_REPRESENTATION('',(#7036),#7051);
#7036 = B_SPLINE_CURVE_WITH_KNOTS('',7,(#7037,#7038,#7039,#7040,#7041,
    #7042,#7043,#7044,#7045,#7046,#7047,#7048,#7049,#7050),
  .UNSPECIFIED.,.F.,.F.,(8,6,8),(0.,3.14159265359,6.28318530718),
  .UNSPECIFIED.);
#7037 = CARTESIAN_POINT('',(6.28318530718,1.949022629406));
#7038 = CARTESIAN_POINT('',(5.834386356667,1.949022629406));
#7039 = CARTESIAN_POINT('',(5.385587406154,1.945145999782));
#7040 = CARTESIAN_POINT('',(4.936788455642,1.937399848229));
#7041 = CARTESIAN_POINT('',(4.487989505127,1.927657046396));
#7042 = CARTESIAN_POINT('',(4.039190554616,1.919910894842));
#7043 = CARTESIAN_POINT('',(3.590391604103,1.916034265218));
#7044 = CARTESIAN_POINT('',(2.692793703077,1.916034265218));
#7045 = CARTESIAN_POINT('',(2.243994752564,1.919910894842));
#7046 = CARTESIAN_POINT('',(1.795195802051,1.927657046396));
#7047 = CARTESIAN_POINT('',(1.346396851538,1.937399848229));
#7048 = CARTESIAN_POINT('',(0.897597901026,1.945145999782));
#7049 = CARTESIAN_POINT('',(0.448798950513,1.949022629406));
#7050 = CARTESIAN_POINT('',(1.59872115546E-14,1.949022629406));
#7051 = ( GEOMETRIC_REPRESENTATION_CONTEXT(2) 
PARAMETRIC_REPRESENTATION_CONTEXT() REPRESENTATION_CONTEXT('2D SPACE',''
  ) );
#7052 = ADVANCED_FACE('',(#7053),#3209,.F.);
#7053 = FACE_BOUND('',#7054,.F.);
#7054 = EDGE_LOOP('',(#7055,#7056,#7077,#7078));
#7055 = ORIENTED_EDGE('',*,*,#6554,.F.);
#7056 = ORIENTED_EDGE('',*,*,#7057,.F.);
#7057 = EDGE_CURVE('',#3161,#6532,#7058,.T.);
#7058 = SURFACE_CURVE('',#7059,(#7063,#7070),.PCURVE_S1.);
#7059 = LINE('',#7060,#7061);
#7060 = CARTESIAN_POINT('',(0.,3.670776805505,17.956195672323));
#7061 = VECTOR('',#7062,1.);
#7062 = DIRECTION('',(1.,0.,0.));
#7063 = PCURVE('',#3209,#7064);
#7064 = DEFINITIONAL_REPRESENTATION('',(#7065),#7069);
#7065 = LINE('',#7066,#7067);
#7066 = CARTESIAN_POINT('',(1.570796326795,0.));
#7067 = VECTOR('',#7068,1.);
#7068 = DIRECTION('',(0.,1.));
#7069 = ( GEOMETRIC_REPRESENTATION_CONTEXT(2) 
PARAMETRIC_REPRESENTATION_CONTEXT() REPRESENTATION_CONTEXT('2D SPACE',''
  ) );
#7070 = PCURVE('',#3176,#7071);
#7071 = DEFINITIONAL_REPRESENTATION('',(#7072),#7076);
#7072 = LINE('',#7073,#7074);
#7073 = CARTESIAN_POINT('',(10.,0.));
#7074 = VECTOR('',#7075,1.);
#7075 = DIRECTION('',(0.,-1.));
#7076 = ( GEOMETRIC_REPRESENTATION_CONTEXT(2) 
PARAMETRIC_REPRESENTATION_CONTEXT() REPRESENTATION_CONTEXT('2D SPACE',''
  ) );
#7077 = ORIENTED_EDGE('',*,*,#3188,.T.);
#7078 = ORIENTED_EDGE('',*,*,#6945,.T.);
#7079 = ADVANCED_FACE('',(#7080,#7086,#7128),#3176,.T.);
#7080 = FACE_BOUND('',#7081,.T.);
#7081 = EDGE_LOOP('',(#7082,#7083,#7084,#7085));
#7082 = ORIENTED_EDGE('',*,*,#6655,.T.);
#7083 = ORIENTED_EDGE('',*,*,#6531,.T.);
#7084 = ORIENTED_EDGE('',*,*,#7057,.F.);
#7085 = ORIENTED_EDGE('',*,*,#3160,.F.);
#7086 = FACE_BOUND('',#7087,.T.);
#7087 = EDGE_LOOP('',(#7088));
#7088 = ORIENTED_EDGE('',*,*,#7089,.F.);
#7089 = EDGE_CURVE('',#7090,#7090,#7092,.T.);
#7090 = VERTEX_POINT('',#7091);
#7091 = CARTESIAN_POINT('',(228.,3.74889574836,24.35));
#7092 = SURFACE_CURVE('',#7093,(#7098,#7105),.PCURVE_S1.);
#7093 = ELLIPSE('',#7094,1.350100758478,1.35);
#7094 = AXIS2_PLACEMENT_3D('',#7095,#7096,#7097);
#7095 = CARTESIAN_POINT('',(228.,3.732401566266,23.));
#7096 = DIRECTION('',(0.,0.99992536966,-1.221700083525E-02));
#7097 = DIRECTION('',(0.,1.221700083525E-02,0.99992536966));
#7098 = PCURVE('',#3176,#7099);
#7099 = DEFINITIONAL_REPRESENTATION('',(#7100),#7104);
#7100 = ELLIPSE('',#7101,1.350100758478,1.35);
#7101 = AXIS2_PLACEMENT_2D('',#7102,#7103);
#7102 = CARTESIAN_POINT('',(4.955819223399,-228.));
#7103 = DIRECTION('',(-1.,0.));
#7104 = ( GEOMETRIC_REPRESENTATION_CONTEXT(2) 
PARAMETRIC_REPRESENTATION_CONTEXT() REPRESENTATION_CONTEXT('2D SPACE',''
  ) );
#7105 = PCURVE('',#7106,#7111);
#7106 = CYLINDRICAL_SURFACE('',#7107,1.35);
#7107 = AXIS2_PLACEMENT_3D('',#7108,#7109,#7110);
#7108 = CARTESIAN_POINT('',(228.,3.5,23.));
#7109 = DIRECTION('',(0.,1.,0.));
#7110 = DIRECTION('',(0.,-0.,1.));
#7111 = DEFINITIONAL_REPRESENTATION('',(#7112),#7127);
#7112 = B_SPLINE_CURVE_WITH_KNOTS('',7,(#7113,#7114,#7115,#7116,#7117,
    #7118,#7119,#7120,#7121,#7122,#7123,#7124,#7125,#7126),
  .UNSPECIFIED.,.F.,.F.,(8,6,8),(0.,3.14159265359,6.28318530718),
  .UNSPECIFIED.);
#7113 = CARTESIAN_POINT('',(0.,0.24889574836));
#7114 = CARTESIAN_POINT('',(0.448798950513,0.24889574836));
#7115 = CARTESIAN_POINT('',(0.897597901026,0.245019118736));
#7116 = CARTESIAN_POINT('',(1.346396851537,0.237272967182));
#7117 = CARTESIAN_POINT('',(1.795195802053,0.22753016535));
#7118 = CARTESIAN_POINT('',(2.243994752564,0.219784013796));
#7119 = CARTESIAN_POINT('',(2.692793703077,0.215907384172));
#7120 = CARTESIAN_POINT('',(3.590391604103,0.215907384172));
#7121 = CARTESIAN_POINT('',(4.039190554615,0.219784013796));
#7122 = CARTESIAN_POINT('',(4.487989505127,0.22753016535));
#7123 = CARTESIAN_POINT('',(4.936788455641,0.237272967182));
#7124 = CARTESIAN_POINT('',(5.385587406153,0.245019118736));
#7125 = CARTESIAN_POINT('',(5.834386356667,0.24889574836));
#7126 = CARTESIAN_POINT('',(6.28318530718,0.24889574836));
#7127 = ( GEOMETRIC_REPRESENTATION_CONTEXT(2) 
PARAMETRIC_REPRESENTATION_CONTEXT() REPRESENTATION_CONTEXT('2D SPACE',''
  ) );
#7128 = FACE_BOUND('',#7129,.T.);
#7129 = EDGE_LOOP('',(#7130));
#7130 = ORIENTED_EDGE('',*,*,#7131,.F.);
#7131 = EDGE_CURVE('',#7132,#7132,#7134,.T.);
#7132 = VERTEX_POINT('',#7133);
#7133 = CARTESIAN_POINT('',(12.,3.74889574836,24.35));
#7134 = SURFACE_CURVE('',#7135,(#7140,#7147),.PCURVE_S1.);
#7135 = ELLIPSE('',#7136,1.350100758478,1.35);
#7136 = AXIS2_PLACEMENT_3D('',#7137,#7138,#7139);
#7137 = CARTESIAN_POINT('',(12.,3.732401566266,23.));
#7138 = DIRECTION('',(0.,0.99992536966,-1.221700083525E-02));
#7139 = DIRECTION('',(0.,1.221700083525E-02,0.99992536966));
#7140 = PCURVE('',#3176,#7141);
#7141 = DEFINITIONAL_REPRESENTATION('',(#7142),#7146);
#7142 = ELLIPSE('',#7143,1.350100758478,1.35);
#7143 = AXIS2_PLACEMENT_2D('',#7144,#7145);
#7144 = CARTESIAN_POINT('',(4.955819223399,-12.));
#7145 = DIRECTION('',(-1.,0.));
#7146 = ( GEOMETRIC_REPRESENTATION_CONTEXT(2) 
PARAMETRIC_REPRESENTATION_CONTEXT() REPRESENTATION_CONTEXT('2D SPACE',''
  ) );
#7147 = PCURVE('',#7148,#7153);
#7148 = CYLINDRICAL_SURFACE('',#7149,1.35);
#7149 = AXIS2_PLACEMENT_3D('',#7150,#7151,#7152);
#7150 = CARTESIAN_POINT('',(12.,3.5,23.));
#7151 = DIRECTION('',(0.,1.,0.));
#7152 = DIRECTION('',(0.,-0.,1.));
#7153 = DEFINITIONAL_REPRESENTATION('',(#7154),#7169);
#7154 = B_SPLINE_CURVE_WITH_KNOTS('',7,(#7155,#7156,#7157,#7158,#7159,
    #7160,#7161,#7162,#7163,#7164,#7165,#7166,#7167,#7168),
  .UNSPECIFIED.,.F.,.F.,(8,6,8),(0.,3.14159265359,6.28318530718),
  .UNSPECIFIED.);
#7155 = CARTESIAN_POINT('',(0.,0.24889574836));
#7156 = CARTESIAN_POINT('',(0.448798950513,0.24889574836));
#7157 = CARTESIAN_POINT('',(0.897597901026,0.245019118736));
#7158 = CARTESIAN_POINT('',(1.346396851538,0.237272967182));
#7159 = CARTESIAN_POINT('',(1.795195802052,0.22753016535));
#7160 = CARTESIAN_POINT('',(2.243994752564,0.219784013796));
#7161 = CARTESIAN_POINT('',(2.692793703077,0.215907384172));
#7162 = CARTESIAN_POINT('',(3.590391604103,0.215907384172));
#7163 = CARTESIAN_POINT('',(4.039190554616,0.219784013796));
#7164 = CARTESIAN_POINT('',(4.487989505128,0.22753016535));
#7165 = CARTESIAN_POINT('',(4.936788455642,0.237272967182));
#7166 = CARTESIAN_POINT('',(5.385587406153,0.245019118736));
#7167 = CARTESIAN_POINT('',(5.834386356667,0.24889574836));
#7168 = CARTESIAN_POINT('',(6.28318530718,0.24889574836));
#7169 = ( GEOMETRIC_REPRESENTATION_CONTEXT(2) 
PARAMETRIC_REPRESENTATION_CONTEXT() REPRESENTATION_CONTEXT('2D SPACE',''
  ) );
#7170 = ADVANCED_FACE('',(#7171),#3572,.F.);
#7171 = FACE_BOUND('',#7172,.F.);
#7172 = EDGE_LOOP('',(#7173,#7174,#7175,#7176));
#7173 = ORIENTED_EDGE('',*,*,#3963,.F.);
#7174 = ORIENTED_EDGE('',*,*,#6021,.T.);
#7175 = ORIENTED_EDGE('',*,*,#3542,.F.);
#7176 = ORIENTED_EDGE('',*,*,#7177,.F.);
#7177 = EDGE_CURVE('',#3964,#3511,#7178,.T.);
#7178 = SURFACE_CURVE('',#7179,(#7183,#7190),.PCURVE_S1.);
#7179 = LINE('',#7180,#7181);
#7180 = CARTESIAN_POINT('',(0.,11.8,11.));
#7181 = VECTOR('',#7182,1.);
#7182 = DIRECTION('',(1.,0.,0.));
#7183 = PCURVE('',#3572,#7184);
#7184 = DEFINITIONAL_REPRESENTATION('',(#7185),#7189);
#7185 = LINE('',#7186,#7187);
#7186 = CARTESIAN_POINT('',(3.2,0.));
#7187 = VECTOR('',#7188,1.);
#7188 = DIRECTION('',(0.,-1.));
#7189 = ( GEOMETRIC_REPRESENTATION_CONTEXT(2) 
PARAMETRIC_REPRESENTATION_CONTEXT() REPRESENTATION_CONTEXT('2D SPACE',''
  ) );
#7190 = PCURVE('',#3530,#7191);
#7191 = DEFINITIONAL_REPRESENTATION('',(#7192),#7196);
#7192 = LINE('',#7193,#7194);
#7193 = CARTESIAN_POINT('',(0.,0.));
#7194 = VECTOR('',#7195,1.);
#7195 = DIRECTION('',(0.,-1.));
#7196 = ( GEOMETRIC_REPRESENTATION_CONTEXT(2) 
PARAMETRIC_REPRESENTATION_CONTEXT() REPRESENTATION_CONTEXT('2D SPACE',''
  ) );
#7197 = ADVANCED_FACE('',(#7198),#3530,.F.);
#7198 = FACE_BOUND('',#7199,.F.);
#7199 = EDGE_LOOP('',(#7200,#7201,#7202,#7203));
#7200 = ORIENTED_EDGE('',*,*,#4000,.F.);
#7201 = ORIENTED_EDGE('',*,*,#7177,.T.);
#7202 = ORIENTED_EDGE('',*,*,#3510,.F.);
#7203 = ORIENTED_EDGE('',*,*,#3731,.F.);
#7204 = ADVANCED_FACE('',(#7205),#3469,.F.);
#7205 = FACE_BOUND('',#7206,.F.);
#7206 = EDGE_LOOP('',(#7207));
#7207 = ORIENTED_EDGE('',*,*,#3454,.T.);
#7208 = ADVANCED_FACE('',(#7209),#3898,.F.);
#7209 = FACE_BOUND('',#7210,.F.);
#7210 = EDGE_LOOP('',(#7211,#7212,#7213,#7214));
#7211 = ORIENTED_EDGE('',*,*,#4289,.F.);
#7212 = ORIENTED_EDGE('',*,*,#5996,.T.);
#7213 = ORIENTED_EDGE('',*,*,#3868,.F.);
#7214 = ORIENTED_EDGE('',*,*,#7215,.F.);
#7215 = EDGE_CURVE('',#4290,#3837,#7216,.T.);
#7216 = SURFACE_CURVE('',#7217,(#7221,#7228),.PCURVE_S1.);
#7217 = LINE('',#7218,#7219);
#7218 = CARTESIAN_POINT('',(0.,11.8,11.));
#7219 = VECTOR('',#7220,1.);
#7220 = DIRECTION('',(1.,0.,0.));
#7221 = PCURVE('',#3898,#7222);
#7222 = DEFINITIONAL_REPRESENTATION('',(#7223),#7227);
#7223 = LINE('',#7224,#7225);
#7224 = CARTESIAN_POINT('',(3.2,0.));
#7225 = VECTOR('',#7226,1.);
#7226 = DIRECTION('',(0.,-1.));
#7227 = ( GEOMETRIC_REPRESENTATION_CONTEXT(2) 
PARAMETRIC_REPRESENTATION_CONTEXT() REPRESENTATION_CONTEXT('2D SPACE',''
  ) );
#7228 = PCURVE('',#3856,#7229);
#7229 = DEFINITIONAL_REPRESENTATION('',(#7230),#7234);
#7230 = LINE('',#7231,#7232);
#7231 = CARTESIAN_POINT('',(0.,0.));
#7232 = VECTOR('',#7233,1.);
#7233 = DIRECTION('',(0.,-1.));
#7234 = ( GEOMETRIC_REPRESENTATION_CONTEXT(2) 
PARAMETRIC_REPRESENTATION_CONTEXT() REPRESENTATION_CONTEXT('2D SPACE',''
  ) );
#7235 = ADVANCED_FACE('',(#7236),#3856,.F.);
#7236 = FACE_BOUND('',#7237,.F.);
#7237 = EDGE_LOOP('',(#7238,#7239,#7240,#7241));
#7238 = ORIENTED_EDGE('',*,*,#4326,.F.);
#7239 = ORIENTED_EDGE('',*,*,#7215,.T.);
#7240 = ORIENTED_EDGE('',*,*,#3836,.F.);
#7241 = ORIENTED_EDGE('',*,*,#4057,.F.);
#7242 = ADVANCED_FACE('',(#7243),#3795,.F.);
#7243 = FACE_BOUND('',#7244,.F.);
#7244 = EDGE_LOOP('',(#7245));
#7245 = ORIENTED_EDGE('',*,*,#3780,.T.);
#7246 = ADVANCED_FACE('',(#7247),#4224,.F.);
#7247 = FACE_BOUND('',#7248,.F.);
#7248 = EDGE_LOOP('',(#7249,#7250,#7251,#7252));
#7249 = ORIENTED_EDGE('',*,*,#4615,.F.);
#7250 = ORIENTED_EDGE('',*,*,#5971,.T.);
#7251 = ORIENTED_EDGE('',*,*,#4194,.F.);
#7252 = ORIENTED_EDGE('',*,*,#7253,.F.);
#7253 = EDGE_CURVE('',#4616,#4163,#7254,.T.);
#7254 = SURFACE_CURVE('',#7255,(#7259,#7266),.PCURVE_S1.);
#7255 = LINE('',#7256,#7257);
#7256 = CARTESIAN_POINT('',(0.,11.8,11.));
#7257 = VECTOR('',#7258,1.);
#7258 = DIRECTION('',(1.,0.,0.));
#7259 = PCURVE('',#4224,#7260);
#7260 = DEFINITIONAL_REPRESENTATION('',(#7261),#7265);
#7261 = LINE('',#7262,#7263);
#7262 = CARTESIAN_POINT('',(3.2,0.));
#7263 = VECTOR('',#7264,1.);
#7264 = DIRECTION('',(0.,-1.));
#7265 = ( GEOMETRIC_REPRESENTATION_CONTEXT(2) 
PARAMETRIC_REPRESENTATION_CONTEXT() REPRESENTATION_CONTEXT('2D SPACE',''
  ) );
#7266 = PCURVE('',#4182,#7267);
#7267 = DEFINITIONAL_REPRESENTATION('',(#7268),#7272);
#7268 = LINE('',#7269,#7270);
#7269 = CARTESIAN_POINT('',(0.,0.));
#7270 = VECTOR('',#7271,1.);
#7271 = DIRECTION('',(0.,-1.));
#7272 = ( GEOMETRIC_REPRESENTATION_CONTEXT(2) 
PARAMETRIC_REPRESENTATION_CONTEXT() REPRESENTATION_CONTEXT('2D SPACE',''
  ) );
#7273 = ADVANCED_FACE('',(#7274),#4182,.F.);
#7274 = FACE_BOUND('',#7275,.F.);
#7275 = EDGE_LOOP('',(#7276,#7277,#7278,#7279));
#7276 = ORIENTED_EDGE('',*,*,#4652,.F.);
#7277 = ORIENTED_EDGE('',*,*,#7253,.T.);
#7278 = ORIENTED_EDGE('',*,*,#4162,.F.);
#7279 = ORIENTED_EDGE('',*,*,#4383,.F.);
#7280 = ADVANCED_FACE('',(#7281),#4121,.F.);
#7281 = FACE_BOUND('',#7282,.F.);
#7282 = EDGE_LOOP('',(#7283));
#7283 = ORIENTED_EDGE('',*,*,#4106,.T.);
#7284 = ADVANCED_FACE('',(#7285),#4550,.F.);
#7285 = FACE_BOUND('',#7286,.F.);
#7286 = EDGE_LOOP('',(#7287,#7288,#7289,#7290));
#7287 = ORIENTED_EDGE('',*,*,#4941,.F.);
#7288 = ORIENTED_EDGE('',*,*,#5946,.T.);
#7289 = ORIENTED_EDGE('',*,*,#4520,.F.);
#7290 = ORIENTED_EDGE('',*,*,#7291,.F.);
#7291 = EDGE_CURVE('',#4942,#4489,#7292,.T.);
#7292 = SURFACE_CURVE('',#7293,(#7297,#7304),.PCURVE_S1.);
#7293 = LINE('',#7294,#7295);
#7294 = CARTESIAN_POINT('',(0.,11.8,11.));
#7295 = VECTOR('',#7296,1.);
#7296 = DIRECTION('',(1.,0.,0.));
#7297 = PCURVE('',#4550,#7298);
#7298 = DEFINITIONAL_REPRESENTATION('',(#7299),#7303);
#7299 = LINE('',#7300,#7301);
#7300 = CARTESIAN_POINT('',(3.2,0.));
#7301 = VECTOR('',#7302,1.);
#7302 = DIRECTION('',(0.,-1.));
#7303 = ( GEOMETRIC_REPRESENTATION_CONTEXT(2) 
PARAMETRIC_REPRESENTATION_CONTEXT() REPRESENTATION_CONTEXT('2D SPACE',''
  ) );
#7304 = PCURVE('',#4508,#7305);
#7305 = DEFINITIONAL_REPRESENTATION('',(#7306),#7310);
#7306 = LINE('',#7307,#7308);
#7307 = CARTESIAN_POINT('',(0.,0.));
#7308 = VECTOR('',#7309,1.);
#7309 = DIRECTION('',(0.,-1.));
#7310 = ( GEOMETRIC_REPRESENTATION_CONTEXT(2) 
PARAMETRIC_REPRESENTATION_CONTEXT() REPRESENTATION_CONTEXT('2D SPACE',''
  ) );
#7311 = ADVANCED_FACE('',(#7312),#4508,.F.);
#7312 = FACE_BOUND('',#7313,.F.);
#7313 = EDGE_LOOP('',(#7314,#7315,#7316,#7317));
#7314 = ORIENTED_EDGE('',*,*,#4978,.F.);
#7315 = ORIENTED_EDGE('',*,*,#7291,.T.);
#7316 = ORIENTED_EDGE('',*,*,#4488,.F.);
#7317 = ORIENTED_EDGE('',*,*,#4709,.F.);
#7318 = ADVANCED_FACE('',(#7319),#4447,.F.);
#7319 = FACE_BOUND('',#7320,.F.);
#7320 = EDGE_LOOP('',(#7321));
#7321 = ORIENTED_EDGE('',*,*,#4432,.T.);
#7322 = ADVANCED_FACE('',(#7323),#4876,.F.);
#7323 = FACE_BOUND('',#7324,.F.);
#7324 = EDGE_LOOP('',(#7325,#7326,#7327,#7328));
#7325 = ORIENTED_EDGE('',*,*,#5267,.F.);
#7326 = ORIENTED_EDGE('',*,*,#5921,.T.);
#7327 = ORIENTED_EDGE('',*,*,#4846,.F.);
#7328 = ORIENTED_EDGE('',*,*,#7329,.F.);
#7329 = EDGE_CURVE('',#5268,#4815,#7330,.T.);
#7330 = SURFACE_CURVE('',#7331,(#7335,#7342),.PCURVE_S1.);
#7331 = LINE('',#7332,#7333);
#7332 = CARTESIAN_POINT('',(0.,11.8,11.));
#7333 = VECTOR('',#7334,1.);
#7334 = DIRECTION('',(1.,0.,0.));
#7335 = PCURVE('',#4876,#7336);
#7336 = DEFINITIONAL_REPRESENTATION('',(#7337),#7341);
#7337 = LINE('',#7338,#7339);
#7338 = CARTESIAN_POINT('',(3.2,0.));
#7339 = VECTOR('',#7340,1.);
#7340 = DIRECTION('',(0.,-1.));
#7341 = ( GEOMETRIC_REPRESENTATION_CONTEXT(2) 
PARAMETRIC_REPRESENTATION_CONTEXT() REPRESENTATION_CONTEXT('2D SPACE',''
  ) );
#7342 = PCURVE('',#4834,#7343);
#7343 = DEFINITIONAL_REPRESENTATION('',(#7344),#7348);
#7344 = LINE('',#7345,#7346);
#7345 = CARTESIAN_POINT('',(0.,0.));
#7346 = VECTOR('',#7347,1.);
#7347 = DIRECTION('',(0.,-1.));
#7348 = ( GEOMETRIC_REPRESENTATION_CONTEXT(2) 
PARAMETRIC_REPRESENTATION_CONTEXT() REPRESENTATION_CONTEXT('2D SPACE',''
  ) );
#7349 = ADVANCED_FACE('',(#7350),#4834,.F.);
#7350 = FACE_BOUND('',#7351,.F.);
#7351 = EDGE_LOOP('',(#7352,#7353,#7354,#7355));
#7352 = ORIENTED_EDGE('',*,*,#5304,.F.);
#7353 = ORIENTED_EDGE('',*,*,#7329,.T.);
#7354 = ORIENTED_EDGE('',*,*,#4814,.F.);
#7355 = ORIENTED_EDGE('',*,*,#5035,.F.);
#7356 = ADVANCED_FACE('',(#7357),#4773,.F.);
#7357 = FACE_BOUND('',#7358,.F.);
#7358 = EDGE_LOOP('',(#7359));
#7359 = ORIENTED_EDGE('',*,*,#4758,.T.);
#7360 = ADVANCED_FACE('',(#7361),#5202,.F.);
#7361 = FACE_BOUND('',#7362,.F.);
#7362 = EDGE_LOOP('',(#7363,#7364,#7365,#7366));
#7363 = ORIENTED_EDGE('',*,*,#5593,.F.);
#7364 = ORIENTED_EDGE('',*,*,#5896,.T.);
#7365 = ORIENTED_EDGE('',*,*,#5172,.F.);
#7366 = ORIENTED_EDGE('',*,*,#7367,.F.);
#7367 = EDGE_CURVE('',#5594,#5141,#7368,.T.);
#7368 = SURFACE_CURVE('',#7369,(#7373,#7380),.PCURVE_S1.);
#7369 = LINE('',#7370,#7371);
#7370 = CARTESIAN_POINT('',(0.,11.8,11.));
#7371 = VECTOR('',#7372,1.);
#7372 = DIRECTION('',(1.,0.,0.));
#7373 = PCURVE('',#5202,#7374);
#7374 = DEFINITIONAL_REPRESENTATION('',(#7375),#7379);
#7375 = LINE('',#7376,#7377);
#7376 = CARTESIAN_POINT('',(3.2,0.));
#7377 = VECTOR('',#7378,1.);
#7378 = DIRECTION('',(0.,-1.));
#7379 = ( GEOMETRIC_REPRESENTATION_CONTEXT(2) 
PARAMETRIC_REPRESENTATION_CONTEXT() REPRESENTATION_CONTEXT('2D SPACE',''
  ) );
#7380 = PCURVE('',#5160,#7381);
#7381 = DEFINITIONAL_REPRESENTATION('',(#7382),#7386);
#7382 = LINE('',#7383,#7384);
#7383 = CARTESIAN_POINT('',(0.,0.));
#7384 = VECTOR('',#7385,1.);
#7385 = DIRECTION('',(0.,-1.));
#7386 = ( GEOMETRIC_REPRESENTATION_CONTEXT(2) 
PARAMETRIC_REPRESENTATION_CONTEXT() REPRESENTATION_CONTEXT('2D SPACE',''
  ) );
#7387 = ADVANCED_FACE('',(#7388),#5160,.F.);
#7388 = FACE_BOUND('',#7389,.F.);
#7389 = EDGE_LOOP('',(#7390,#7391,#7392,#7393));
#7390 = ORIENTED_EDGE('',*,*,#5630,.F.);
#7391 = ORIENTED_EDGE('',*,*,#7367,.T.);
#7392 = ORIENTED_EDGE('',*,*,#5140,.F.);
#7393 = ORIENTED_EDGE('',*,*,#5361,.F.);
#7394 = ADVANCED_FACE('',(#7395),#5099,.F.);
#7395 = FACE_BOUND('',#7396,.F.);
#7396 = EDGE_LOOP('',(#7397));
#7397 = ORIENTED_EDGE('',*,*,#5084,.T.);
#7398 = ADVANCED_FACE('',(#7399),#5528,.F.);
#7399 = FACE_BOUND('',#7400,.F.);
#7400 = EDGE_LOOP('',(#7401,#7402,#7403,#7404));
#7401 = ORIENTED_EDGE('',*,*,#5797,.F.);
#7402 = ORIENTED_EDGE('',*,*,#5871,.T.);
#7403 = ORIENTED_EDGE('',*,*,#5498,.F.);
#7404 = ORIENTED_EDGE('',*,*,#7405,.F.);
#7405 = EDGE_CURVE('',#5798,#5467,#7406,.T.);
#7406 = SURFACE_CURVE('',#7407,(#7411,#7418),.PCURVE_S1.);
#7407 = LINE('',#7408,#7409);
#7408 = CARTESIAN_POINT('',(0.,11.8,11.));
#7409 = VECTOR('',#7410,1.);
#7410 = DIRECTION('',(1.,0.,0.));
#7411 = PCURVE('',#5528,#7412);
#7412 = DEFINITIONAL_REPRESENTATION('',(#7413),#7417);
#7413 = LINE('',#7414,#7415);
#7414 = CARTESIAN_POINT('',(3.2,0.));
#7415 = VECTOR('',#7416,1.);
#7416 = DIRECTION('',(0.,-1.));
#7417 = ( GEOMETRIC_REPRESENTATION_CONTEXT(2) 
PARAMETRIC_REPRESENTATION_CONTEXT() REPRESENTATION_CONTEXT('2D SPACE',''
  ) );
#7418 = PCURVE('',#5486,#7419);
#7419 = DEFINITIONAL_REPRESENTATION('',(#7420),#7424);
#7420 = LINE('',#7421,#7422);
#7421 = CARTESIAN_POINT('',(0.,0.));
#7422 = VECTOR('',#7423,1.);
#7423 = DIRECTION('',(0.,-1.));
#7424 = ( GEOMETRIC_REPRESENTATION_CONTEXT(2) 
PARAMETRIC_REPRESENTATION_CONTEXT() REPRESENTATION_CONTEXT('2D SPACE',''
  ) );
#7425 = ADVANCED_FACE('',(#7426),#5486,.F.);
#7426 = FACE_BOUND('',#7427,.F.);
#7427 = EDGE_LOOP('',(#7428,#7429,#7430,#7431));
#7428 = ORIENTED_EDGE('',*,*,#5834,.F.);
#7429 = ORIENTED_EDGE('',*,*,#7405,.T.);
#7430 = ORIENTED_EDGE('',*,*,#5466,.F.);
#7431 = ORIENTED_EDGE('',*,*,#5687,.F.);
#7432 = ADVANCED_FACE('',(#7433),#5425,.F.);
#7433 = FACE_BOUND('',#7434,.F.);
#7434 = EDGE_LOOP('',(#7435));
#7435 = ORIENTED_EDGE('',*,*,#5410,.T.);
#7436 = ADVANCED_FACE('',(#7437),#5751,.F.);
#7437 = FACE_BOUND('',#7438,.F.);
#7438 = EDGE_LOOP('',(#7439));
#7439 = ORIENTED_EDGE('',*,*,#5736,.T.);
#7440 = ADVANCED_FACE('',(#7441),#6181,.F.);
#7441 = FACE_BOUND('',#7442,.F.);
#7442 = EDGE_LOOP('',(#7443));
#7443 = ORIENTED_EDGE('',*,*,#6166,.T.);
#7444 = ADVANCED_FACE('',(#7445),#6236,.F.);
#7445 = FACE_BOUND('',#7446,.F.);
#7446 = EDGE_LOOP('',(#7447));
#7447 = ORIENTED_EDGE('',*,*,#6221,.T.);
#7448 = ADVANCED_FACE('',(#7449,#7452),#6292,.F.);
#7449 = FACE_BOUND('',#7450,.F.);
#7450 = EDGE_LOOP('',(#7451));
#7451 = ORIENTED_EDGE('',*,*,#6386,.T.);
#7452 = FACE_BOUND('',#7453,.F.);
#7453 = EDGE_LOOP('',(#7454));
#7454 = ORIENTED_EDGE('',*,*,#6277,.F.);
#7455 = ADVANCED_FACE('',(#7456,#7459),#6347,.F.);
#7456 = FACE_BOUND('',#7457,.F.);
#7457 = EDGE_LOOP('',(#7458));
#7458 = ORIENTED_EDGE('',*,*,#6436,.T.);
#7459 = FACE_BOUND('',#7460,.F.);
#7460 = EDGE_LOOP('',(#7461));
#7461 = ORIENTED_EDGE('',*,*,#6332,.F.);
#7462 = ADVANCED_FACE('',(#7463,#7466),#6718,.F.);
#7463 = FACE_BOUND('',#7464,.F.);
#7464 = EDGE_LOOP('',(#7465));
#7465 = ORIENTED_EDGE('',*,*,#6703,.T.);
#7466 = FACE_BOUND('',#7467,.F.);
#7467 = EDGE_LOOP('',(#7468));
#7468 = ORIENTED_EDGE('',*,*,#7469,.F.);
#7469 = EDGE_CURVE('',#7470,#7470,#7472,.T.);
#7470 = VERTEX_POINT('',#7471);
#7471 = CARTESIAN_POINT('',(228.,3.5,24.35));
#7472 = SURFACE_CURVE('',#7473,(#7478,#7485),.PCURVE_S1.);
#7473 = CIRCLE('',#7474,1.35);
#7474 = AXIS2_PLACEMENT_3D('',#7475,#7476,#7477);
#7475 = CARTESIAN_POINT('',(228.,3.5,23.));
#7476 = DIRECTION('',(0.,1.,0.));
#7477 = DIRECTION('',(0.,-0.,1.));
#7478 = PCURVE('',#6718,#7479);
#7479 = DEFINITIONAL_REPRESENTATION('',(#7480),#7484);
#7480 = CIRCLE('',#7481,1.35);
#7481 = AXIS2_PLACEMENT_2D('',#7482,#7483);
#7482 = CARTESIAN_POINT('',(0.,0.));
#7483 = DIRECTION('',(1.,0.));
#7484 = ( GEOMETRIC_REPRESENTATION_CONTEXT(2) 
PARAMETRIC_REPRESENTATION_CONTEXT() REPRESENTATION_CONTEXT('2D SPACE',''
  ) );
#7485 = PCURVE('',#7106,#7486);
#7486 = DEFINITIONAL_REPRESENTATION('',(#7487),#7491);
#7487 = LINE('',#7488,#7489);
#7488 = CARTESIAN_POINT('',(0.,0.));
#7489 = VECTOR('',#7490,1.);
#7490 = DIRECTION('',(1.,0.));
#7491 = ( GEOMETRIC_REPRESENTATION_CONTEXT(2) 
PARAMETRIC_REPRESENTATION_CONTEXT() REPRESENTATION_CONTEXT('2D SPACE',''
  ) );
#7492 = ADVANCED_FACE('',(#7493,#7496),#6773,.F.);
#7493 = FACE_BOUND('',#7494,.F.);
#7494 = EDGE_LOOP('',(#7495));
#7495 = ORIENTED_EDGE('',*,*,#6758,.T.);
#7496 = FACE_BOUND('',#7497,.F.);
#7497 = EDGE_LOOP('',(#7498));
#7498 = ORIENTED_EDGE('',*,*,#7499,.F.);
#7499 = EDGE_CURVE('',#7500,#7500,#7502,.T.);
#7500 = VERTEX_POINT('',#7501);
#7501 = CARTESIAN_POINT('',(12.,3.5,24.35));
#7502 = SURFACE_CURVE('',#7503,(#7508,#7515),.PCURVE_S1.);
#7503 = CIRCLE('',#7504,1.35);
#7504 = AXIS2_PLACEMENT_3D('',#7505,#7506,#7507);
#7505 = CARTESIAN_POINT('',(12.,3.5,23.));
#7506 = DIRECTION('',(0.,1.,0.));
#7507 = DIRECTION('',(0.,-0.,1.));
#7508 = PCURVE('',#6773,#7509);
#7509 = DEFINITIONAL_REPRESENTATION('',(#7510),#7514);
#7510 = CIRCLE('',#7511,1.35);
#7511 = AXIS2_PLACEMENT_2D('',#7512,#7513);
#7512 = CARTESIAN_POINT('',(0.,0.));
#7513 = DIRECTION('',(1.,0.));
#7514 = ( GEOMETRIC_REPRESENTATION_CONTEXT(2) 
PARAMETRIC_REPRESENTATION_CONTEXT() REPRESENTATION_CONTEXT('2D SPACE',''
  ) );
#7515 = PCURVE('',#7148,#7516);
#7516 = DEFINITIONAL_REPRESENTATION('',(#7517),#7521);
#7517 = LINE('',#7518,#7519);
#7518 = CARTESIAN_POINT('',(0.,0.));
#7519 = VECTOR('',#7520,1.);
#7520 = DIRECTION('',(1.,0.));
#7521 = ( GEOMETRIC_REPRESENTATION_CONTEXT(2) 
PARAMETRIC_REPRESENTATION_CONTEXT() REPRESENTATION_CONTEXT('2D SPACE',''
  ) );
#7522 = ADVANCED_FACE('',(#7523),#6875,.T.);
#7523 = FACE_BOUND('',#7524,.F.);
#7524 = EDGE_LOOP('',(#7525));
#7525 = ORIENTED_EDGE('',*,*,#6860,.F.);
#7526 = ADVANCED_FACE('',(#7527),#6988,.F.);
#7527 = FACE_BOUND('',#7528,.F.);
#7528 = EDGE_LOOP('',(#7529,#7552,#7579,#7580));
#7529 = ORIENTED_EDGE('',*,*,#7530,.T.);
#7530 = EDGE_CURVE('',#6972,#7531,#7533,.T.);
#7531 = VERTEX_POINT('',#7532);
#7532 = CARTESIAN_POINT('',(228.,11.,24.35));
#7533 = SEAM_CURVE('',#7534,(#7538,#7545),.PCURVE_S1.);
#7534 = LINE('',#7535,#7536);
#7535 = CARTESIAN_POINT('',(228.,3.5,24.35));
#7536 = VECTOR('',#7537,1.);
#7537 = DIRECTION('',(0.,1.,0.));
#7538 = PCURVE('',#6988,#7539);
#7539 = DEFINITIONAL_REPRESENTATION('',(#7540),#7544);
#7540 = LINE('',#7541,#7542);
#7541 = CARTESIAN_POINT('',(6.28318530718,-0.));
#7542 = VECTOR('',#7543,1.);
#7543 = DIRECTION('',(0.,1.));
#7544 = ( GEOMETRIC_REPRESENTATION_CONTEXT(2) 
PARAMETRIC_REPRESENTATION_CONTEXT() REPRESENTATION_CONTEXT('2D SPACE',''
  ) );
#7545 = PCURVE('',#6988,#7546);
#7546 = DEFINITIONAL_REPRESENTATION('',(#7547),#7551);
#7547 = LINE('',#7548,#7549);
#7548 = CARTESIAN_POINT('',(0.,-0.));
#7549 = VECTOR('',#7550,1.);
#7550 = DIRECTION('',(0.,1.));
#7551 = ( GEOMETRIC_REPRESENTATION_CONTEXT(2) 
PARAMETRIC_REPRESENTATION_CONTEXT() REPRESENTATION_CONTEXT('2D SPACE',''
  ) );
#7552 = ORIENTED_EDGE('',*,*,#7553,.F.);
#7553 = EDGE_CURVE('',#7531,#7531,#7554,.T.);
#7554 = SURFACE_CURVE('',#7555,(#7560,#7567),.PCURVE_S1.);
#7555 = CIRCLE('',#7556,1.35);
#7556 = AXIS2_PLACEMENT_3D('',#7557,#7558,#7559);
#7557 = CARTESIAN_POINT('',(228.,11.,23.));
#7558 = DIRECTION('',(0.,1.,0.));
#7559 = DIRECTION('',(0.,-0.,1.));
#7560 = PCURVE('',#6988,#7561);
#7561 = DEFINITIONAL_REPRESENTATION('',(#7562),#7566);
#7562 = LINE('',#7563,#7564);
#7563 = CARTESIAN_POINT('',(0.,7.5));
#7564 = VECTOR('',#7565,1.);
#7565 = DIRECTION('',(1.,0.));
#7566 = ( GEOMETRIC_REPRESENTATION_CONTEXT(2) 
PARAMETRIC_REPRESENTATION_CONTEXT() REPRESENTATION_CONTEXT('2D SPACE',''
  ) );
#7567 = PCURVE('',#7568,#7573);
#7568 = PLANE('',#7569);
#7569 = AXIS2_PLACEMENT_3D('',#7570,#7571,#7572);
#7570 = CARTESIAN_POINT('',(228.,11.,23.));
#7571 = DIRECTION('',(0.,1.,0.));
#7572 = DIRECTION('',(0.,-0.,1.));
#7573 = DEFINITIONAL_REPRESENTATION('',(#7574),#7578);
#7574 = CIRCLE('',#7575,1.35);
#7575 = AXIS2_PLACEMENT_2D('',#7576,#7577);
#7576 = CARTESIAN_POINT('',(0.,0.));
#7577 = DIRECTION('',(1.,0.));
#7578 = ( GEOMETRIC_REPRESENTATION_CONTEXT(2) 
PARAMETRIC_REPRESENTATION_CONTEXT() REPRESENTATION_CONTEXT('2D SPACE',''
  ) );
#7579 = ORIENTED_EDGE('',*,*,#7530,.F.);
#7580 = ORIENTED_EDGE('',*,*,#6971,.F.);
#7581 = ADVANCED_FACE('',(#7582),#7030,.F.);
#7582 = FACE_BOUND('',#7583,.F.);
#7583 = EDGE_LOOP('',(#7584,#7607,#7634,#7635));
#7584 = ORIENTED_EDGE('',*,*,#7585,.T.);
#7585 = EDGE_CURVE('',#7014,#7586,#7588,.T.);
#7586 = VERTEX_POINT('',#7587);
#7587 = CARTESIAN_POINT('',(12.,11.,24.35));
#7588 = SEAM_CURVE('',#7589,(#7593,#7600),.PCURVE_S1.);
#7589 = LINE('',#7590,#7591);
#7590 = CARTESIAN_POINT('',(12.,3.5,24.35));
#7591 = VECTOR('',#7592,1.);
#7592 = DIRECTION('',(0.,1.,0.));
#7593 = PCURVE('',#7030,#7594);
#7594 = DEFINITIONAL_REPRESENTATION('',(#7595),#7599);
#7595 = LINE('',#7596,#7597);
#7596 = CARTESIAN_POINT('',(6.28318530718,-0.));
#7597 = VECTOR('',#7598,1.);
#7598 = DIRECTION('',(0.,1.));
#7599 = ( GEOMETRIC_REPRESENTATION_CONTEXT(2) 
PARAMETRIC_REPRESENTATION_CONTEXT() REPRESENTATION_CONTEXT('2D SPACE',''
  ) );
#7600 = PCURVE('',#7030,#7601);
#7601 = DEFINITIONAL_REPRESENTATION('',(#7602),#7606);
#7602 = LINE('',#7603,#7604);
#7603 = CARTESIAN_POINT('',(0.,-0.));
#7604 = VECTOR('',#7605,1.);
#7605 = DIRECTION('',(0.,1.));
#7606 = ( GEOMETRIC_REPRESENTATION_CONTEXT(2) 
PARAMETRIC_REPRESENTATION_CONTEXT() REPRESENTATION_CONTEXT('2D SPACE',''
  ) );
#7607 = ORIENTED_EDGE('',*,*,#7608,.F.);
#7608 = EDGE_CURVE('',#7586,#7586,#7609,.T.);
#7609 = SURFACE_CURVE('',#7610,(#7615,#7622),.PCURVE_S1.);
#7610 = CIRCLE('',#7611,1.35);
#7611 = AXIS2_PLACEMENT_3D('',#7612,#7613,#7614);
#7612 = CARTESIAN_POINT('',(12.,11.,23.));
#7613 = DIRECTION('',(0.,1.,0.));
#7614 = DIRECTION('',(0.,-0.,1.));
#7615 = PCURVE('',#7030,#7616);
#7616 = DEFINITIONAL_REPRESENTATION('',(#7617),#7621);
#7617 = LINE('',#7618,#7619);
#7618 = CARTESIAN_POINT('',(0.,7.5));
#7619 = VECTOR('',#7620,1.);
#7620 = DIRECTION('',(1.,0.));
#7621 = ( GEOMETRIC_REPRESENTATION_CONTEXT(2) 
PARAMETRIC_REPRESENTATION_CONTEXT() REPRESENTATION_CONTEXT('2D SPACE',''
  ) );
#7622 = PCURVE('',#7623,#7628);
#7623 = PLANE('',#7624);
#7624 = AXIS2_PLACEMENT_3D('',#7625,#7626,#7627);
#7625 = CARTESIAN_POINT('',(12.,11.,23.));
#7626 = DIRECTION('',(0.,1.,0.));
#7627 = DIRECTION('',(0.,-0.,1.));
#7628 = DEFINITIONAL_REPRESENTATION('',(#7629),#7633);
#7629 = CIRCLE('',#7630,1.35);
#7630 = AXIS2_PLACEMENT_2D('',#7631,#7632);
#7631 = CARTESIAN_POINT('',(0.,0.));
#7632 = DIRECTION('',(1.,0.));
#7633 = ( GEOMETRIC_REPRESENTATION_CONTEXT(2) 
PARAMETRIC_REPRESENTATION_CONTEXT() REPRESENTATION_CONTEXT('2D SPACE',''
  ) );
#7634 = ORIENTED_EDGE('',*,*,#7585,.F.);
#7635 = ORIENTED_EDGE('',*,*,#7013,.F.);
#7636 = ADVANCED_FACE('',(#7637),#7106,.F.);
#7637 = FACE_BOUND('',#7638,.F.);
#7638 = EDGE_LOOP('',(#7639,#7640,#7661,#7662));
#7639 = ORIENTED_EDGE('',*,*,#7089,.F.);
#7640 = ORIENTED_EDGE('',*,*,#7641,.F.);
#7641 = EDGE_CURVE('',#7470,#7090,#7642,.T.);
#7642 = SEAM_CURVE('',#7643,(#7647,#7654),.PCURVE_S1.);
#7643 = LINE('',#7644,#7645);
#7644 = CARTESIAN_POINT('',(228.,3.5,24.35));
#7645 = VECTOR('',#7646,1.);
#7646 = DIRECTION('',(0.,1.,0.));
#7647 = PCURVE('',#7106,#7648);
#7648 = DEFINITIONAL_REPRESENTATION('',(#7649),#7653);
#7649 = LINE('',#7650,#7651);
#7650 = CARTESIAN_POINT('',(6.28318530718,-0.));
#7651 = VECTOR('',#7652,1.);
#7652 = DIRECTION('',(0.,1.));
#7653 = ( GEOMETRIC_REPRESENTATION_CONTEXT(2) 
PARAMETRIC_REPRESENTATION_CONTEXT() REPRESENTATION_CONTEXT('2D SPACE',''
  ) );
#7654 = PCURVE('',#7106,#7655);
#7655 = DEFINITIONAL_REPRESENTATION('',(#7656),#7660);
#7656 = LINE('',#7657,#7658);
#7657 = CARTESIAN_POINT('',(0.,-0.));
#7658 = VECTOR('',#7659,1.);
#7659 = DIRECTION('',(0.,1.));
#7660 = ( GEOMETRIC_REPRESENTATION_CONTEXT(2) 
PARAMETRIC_REPRESENTATION_CONTEXT() REPRESENTATION_CONTEXT('2D SPACE',''
  ) );
#7661 = ORIENTED_EDGE('',*,*,#7469,.T.);
#7662 = ORIENTED_EDGE('',*,*,#7641,.T.);
#7663 = ADVANCED_FACE('',(#7664),#7148,.F.);
#7664 = FACE_BOUND('',#7665,.F.);
#7665 = EDGE_LOOP('',(#7666,#7667,#7688,#7689));
#7666 = ORIENTED_EDGE('',*,*,#7131,.F.);
#7667 = ORIENTED_EDGE('',*,*,#7668,.F.);
#7668 = EDGE_CURVE('',#7500,#7132,#7669,.T.);
#7669 = SEAM_CURVE('',#7670,(#7674,#7681),.PCURVE_S1.);
#7670 = LINE('',#7671,#7672);
#7671 = CARTESIAN_POINT('',(12.,3.5,24.35));
#7672 = VECTOR('',#7673,1.);
#7673 = DIRECTION('',(0.,1.,0.));
#7674 = PCURVE('',#7148,#7675);
#7675 = DEFINITIONAL_REPRESENTATION('',(#7676),#7680);
#7676 = LINE('',#7677,#7678);
#7677 = CARTESIAN_POINT('',(6.28318530718,-0.));
#7678 = VECTOR('',#7679,1.);
#7679 = DIRECTION('',(0.,1.));
#7680 = ( GEOMETRIC_REPRESENTATION_CONTEXT(2) 
PARAMETRIC_REPRESENTATION_CONTEXT() REPRESENTATION_CONTEXT('2D SPACE',''
  ) );
#7681 = PCURVE('',#7148,#7682);
#7682 = DEFINITIONAL_REPRESENTATION('',(#7683),#7687);
#7683 = LINE('',#7684,#7685);
#7684 = CARTESIAN_POINT('',(0.,-0.));
#7685 = VECTOR('',#7686,1.);
#7686 = DIRECTION('',(0.,1.));
#7687 = ( GEOMETRIC_REPRESENTATION_CONTEXT(2) 
PARAMETRIC_REPRESENTATION_CONTEXT() REPRESENTATION_CONTEXT('2D SPACE',''
  ) );
#7688 = ORIENTED_EDGE('',*,*,#7499,.T.);
#7689 = ORIENTED_EDGE('',*,*,#7668,.T.);
#7690 = ADVANCED_FACE('',(#7691),#7568,.F.);
#7691 = FACE_BOUND('',#7692,.F.);
#7692 = EDGE_LOOP('',(#7693));
#7693 = ORIENTED_EDGE('',*,*,#7553,.T.);
#7694 = ADVANCED_FACE('',(#7695),#7623,.F.);
#7695 = FACE_BOUND('',#7696,.F.);
#7696 = EDGE_LOOP('',(#7697));
#7697 = ORIENTED_EDGE('',*,*,#7608,.T.);
#7698 = ( GEOMETRIC_REPRESENTATION_CONTEXT(3) 
GLOBAL_UNCERTAINTY_ASSIGNED_CONTEXT((#7702)) 
GLOBAL_UNIT_ASSIGNED_CONTEXT((#7699,#7700,#7701)) REPRESENTATION_CONTEXT
('Context #1','3D Context with UNIT and UNCERTAINTY') );
#7699 = ( LENGTH_UNIT() NAMED_UNIT(*) SI_UNIT(.MILLI.,.METRE.) );
#7700 = ( NAMED_UNIT(*) PLANE_ANGLE_UNIT() SI_UNIT($,.RADIAN.) );
#7701 = ( NAMED_UNIT(*) SI_UNIT($,.STERADIAN.) SOLID_ANGLE_UNIT() );
#7702 = UNCERTAINTY_MEASURE_WITH_UNIT(LENGTH_MEASURE(1.E-07),#7699,
  'distance_accuracy_value','confusion accuracy');
#7703 = PRODUCT_RELATED_PRODUCT_CATEGORY('part',$,(#7));
#7704 = MECHANICAL_DESIGN_GEOMETRIC_PRESENTATION_REPRESENTATION('',(
    #7705),#7698);
#7705 = STYLED_ITEM('color',(#7706),#15);
#7706 = PRESENTATION_STYLE_ASSIGNMENT((#7707,#7715));
#7707 = SURFACE_STYLE_USAGE(.BOTH.,#7708);
#7708 = SURFACE_SIDE_STYLE('',(#7709,#7713));
#7709 = SURFACE_STYLE_FILL_AREA(#7710);
#7710 = FILL_AREA_STYLE('',(#7711));
#7711 = FILL_AREA_STYLE_COLOUR('',#7712);
#7712 = COLOUR_RGB('',0.,0.399999997426,0.800000010877);
#7713 = SURFACE_STYLE_RENDERING_WITH_PROPERTIES(.NORMAL_SHADING.,#7712,(
    #7714));
#7714 = SURFACE_STYLE_TRANSPARENT(0.600000023842);
#7715 = CURVE_STYLE('',#7716,POSITIVE_LENGTH_MEASURE(0.1),#7717);
#7716 = DRAUGHTING_PRE_DEFINED_CURVE_FONT('continuous');
#7717 = COLOUR_RGB('',9.803921802644E-02,9.803921802644E-02,
  9.803921802644E-02);
ENDSEC;
END-ISO-10303-21;
